stock_code,product_role,evidence_description,evidence_rows_before_cutoff,decision_reason
10002,merchandise,INFLATABLE POLITICAL GLOBE,391,Descriptive catalogue item on positive numeric invoice before cutoff; exception codes reviewed separately
10002R,merchandise,ROBOT PENCIL SHARPNER,3,Descriptive catalogue item on positive numeric invoice before cutoff; exception codes reviewed separately
10080,merchandise,GROOVY CACTUS INFLATABLE,28,Descriptive catalogue item on positive numeric invoice before cutoff; exception codes reviewed separately
10109,merchandise,BENDY COLOUR PENCILS,1,Descriptive catalogue item on positive numeric invoice before cutoff; exception codes reviewed separately
10120,merchandise,DOGGY RUBBER,76,Descriptive catalogue item on positive numeric invoice before cutoff; exception codes reviewed separately
10123C,merchandise,HEARTS WRAPPING TAPE,67,Descriptive catalogue item on positive numeric invoice before cutoff; exception codes reviewed separately
10123G,merchandise,ARMY CAMO WRAPPING TAPE,17,Descriptive catalogue item on positive numeric invoice before cutoff; exception codes reviewed separately
10124A,merchandise,SPOTS ON RED BOOKCOVER TAPE,19,Descriptive catalogue item on positive numeric invoice before cutoff; exception codes reviewed separately
10124C,unresolved,,0,No descriptive positive-purchase evidence before cutoff
10124G,merchandise,ARMY CAMO BOOKCOVER TAPE,11,Descriptive catalogue item on positive numeric invoice before cutoff; exception codes reviewed separately
10125,merchandise,MINI FUNKY DESIGN TAPES,179,Descriptive catalogue item on positive numeric invoice before cutoff; exception codes reviewed separately
10133,merchandise,COLOURING PENCILS BROWN TUBE,299,Descriptive catalogue item on positive numeric invoice before cutoff; exception codes reviewed separately
10134,merchandise,COLOURING PENCILS BROWN TUBE,56,Descriptive catalogue item on positive numeric invoice before cutoff; exception codes reviewed separately
10135,merchandise,COLOURING PENCILS BROWN TUBE,333,Descriptive catalogue item on positive numeric invoice before cutoff; exception codes reviewed separately
10138,merchandise,ASSORTED COLOUR JUMBO PEN,21,Descriptive catalogue item on positive numeric invoice before cutoff; exception codes reviewed separately
11001,merchandise,ASSTD DESIGN RACING CAR PEN,260,Descriptive catalogue item on positive numeric invoice before cutoff; exception codes reviewed separately
15002,unresolved,,0,No descriptive positive-purchase evidence before cutoff
15030,merchandise,FAN BLACK FRAME,26,Descriptive catalogue item on positive numeric invoice before cutoff; exception codes reviewed separately
15034,merchandise,PAPER POCKET TRAVELING FAN,262,Descriptive catalogue item on positive numeric invoice before cutoff; exception codes reviewed separately
15036,merchandise,ASSORTED COLOURS SILK FAN,993,Descriptive catalogue item on positive numeric invoice before cutoff; exception codes reviewed separately
15039,merchandise,SANDALWOOD FAN,307,Descriptive catalogue item on positive numeric invoice before cutoff; exception codes reviewed separately
15044A,merchandise,PINK PAPER PARASOL,248,Descriptive catalogue item on positive numeric invoice before cutoff; exception codes reviewed separately
15044B,merchandise,BLUE PAPER PARASOL,192,Descriptive catalogue item on positive numeric invoice before cutoff; exception codes reviewed separately
15044C,merchandise,PURPLE PAPER PARASOL,235,Descriptive catalogue item on positive numeric invoice before cutoff; exception codes reviewed separately
15044D,merchandise,RED PAPER PARASOL,230,Descriptive catalogue item on positive numeric invoice before cutoff; exception codes reviewed separately
15056BL,merchandise,EDWARDIAN PARASOL BLACK,993,Descriptive catalogue item on positive numeric invoice before cutoff; exception codes reviewed separately
15056N,merchandise,EDWARDIAN PARASOL NATURAL,1167,Descriptive catalogue item on positive numeric invoice before cutoff; exception codes reviewed separately
15056P,merchandise,EDWARDIAN PARASOL PINK,388,Descriptive catalogue item on positive numeric invoice before cutoff; exception codes reviewed separately
15058A,merchandise,BLUE POLKADOT GARDEN PARASOL,89,Descriptive catalogue item on positive numeric invoice before cutoff; exception codes reviewed separately
15058B,merchandise,PINK POLKADOT GARDEN PARASOL,100,Descriptive catalogue item on positive numeric invoice before cutoff; exception codes reviewed separately
15058C,merchandise,ICE CREAM DESIGN GARDEN PARASOL,121,Descriptive catalogue item on positive numeric invoice before cutoff; exception codes reviewed separately
15059A,merchandise,ENGLISH ROSE EDWARDIAN PARASOL,4,Descriptive catalogue item on positive numeric invoice before cutoff; exception codes reviewed separately
15060A,unresolved,,0,No descriptive positive-purchase evidence before cutoff
15060B,merchandise,FAIRY CAKE DESIGN UMBRELLA,467,Descriptive catalogue item on positive numeric invoice before cutoff; exception codes reviewed separately
16008,merchandise,SMALL FOLDING SCISSOR(POINTED EDGE),82,Descriptive catalogue item on positive numeric invoice before cutoff; exception codes reviewed separately
16010,merchandise,FOLDING CAMPING SCISSOR W/KNIF & S,5,Descriptive catalogue item on positive numeric invoice before cutoff; exception codes reviewed separately
16011,merchandise,ANIMAL STICKERS,115,Descriptive catalogue item on positive numeric invoice before cutoff; exception codes reviewed separately
16012,merchandise,FOOD/DRINK SPONGE STICKERS,65,Descriptive catalogue item on positive numeric invoice before cutoff; exception codes reviewed separately
16014,merchandise,SMALL CHINESE STYLE SCISSOR,95,Descriptive catalogue item on positive numeric invoice before cutoff; exception codes reviewed separately
16015,merchandise,MEDIUM CHINESE STYLE SCISSOR,66,Descriptive catalogue item on positive numeric invoice before cutoff; exception codes reviewed separately
16016,merchandise,LARGE CHINESE STYLE SCISSOR,105,Descriptive catalogue item on positive numeric invoice before cutoff; exception codes reviewed separately
16020C,merchandise,CLEAR STATIONERY BOX SET,40,Descriptive catalogue item on positive numeric invoice before cutoff; exception codes reviewed separately
16033,merchandise,MINI HIGHLIGHTER PENS,50,Descriptive catalogue item on positive numeric invoice before cutoff; exception codes reviewed separately
16043,merchandise,POP ART PUSH DOWN RUBBER,13,Descriptive catalogue item on positive numeric invoice before cutoff; exception codes reviewed separately
16044,merchandise,POP-ART FLUORESCENT PENS,3,Descriptive catalogue item on positive numeric invoice before cutoff; exception codes reviewed separately
16045,merchandise,POPART WOODEN PENCILS ASST,73,Descriptive catalogue item on positive numeric invoice before cutoff; exception codes reviewed separately
16046,merchandise,TEATIME PEN CASE & PENS,66,Descriptive catalogue item on positive numeric invoice before cutoff; exception codes reviewed separately
16047,merchandise,POP ART PEN CASE & PENS,32,Descriptive catalogue item on positive numeric invoice before cutoff; exception codes reviewed separately
16048,merchandise,TEATIME ROUND PENCIL SHARPENER,105,Descriptive catalogue item on positive numeric invoice before cutoff; exception codes reviewed separately
16049,merchandise,TEATIME GEL PENS ASST,32,Descriptive catalogue item on positive numeric invoice before cutoff; exception codes reviewed separately
16050,merchandise,TEATIME PENCIL WITH RUBBER,8,Descriptive catalogue item on positive numeric invoice before cutoff; exception codes reviewed separately
16051,merchandise,TEATIME PENCIL W STAMP ASST,4,Descriptive catalogue item on positive numeric invoice before cutoff; exception codes reviewed separately
16052,merchandise,TEATIME PUSH DOWN RUBBER,36,Descriptive catalogue item on positive numeric invoice before cutoff; exception codes reviewed separately
16053,merchandise,POPART COL BALLPOINT PEN ASST,10,Descriptive catalogue item on positive numeric invoice before cutoff; exception codes reviewed separately
16054,merchandise,POPART RECT PENCIL SHARPENER ASST,38,Descriptive catalogue item on positive numeric invoice before cutoff; exception codes reviewed separately
16065A,unresolved,,0,No descriptive positive-purchase evidence before cutoff
16119,merchandise,FUNKY GIRL ADDRESS BOOK,8,Descriptive catalogue item on positive numeric invoice before cutoff; exception codes reviewed separately
16131,unresolved,,0,No descriptive positive-purchase evidence before cutoff
16132,unresolved,,0,No descriptive positive-purchase evidence before cutoff
16151A,merchandise,FLOWERS HANDBAG blue and orange,3,Descriptive catalogue item on positive numeric invoice before cutoff; exception codes reviewed separately
16155H,unresolved,,0,No descriptive positive-purchase evidence before cutoff
16156A,unresolved,,0,No descriptive positive-purchase evidence before cutoff
16156L,merchandise,"WRAP, CAROUSEL",22,Descriptive catalogue item on positive numeric invoice before cutoff; exception codes reviewed separately
16156N,merchandise,"WRAP, FRIENDSHIP ON GREEN",56,Descriptive catalogue item on positive numeric invoice before cutoff; exception codes reviewed separately
16156S,merchandise,WRAP PINK FAIRY CAKES,419,Descriptive catalogue item on positive numeric invoice before cutoff; exception codes reviewed separately
16161C,merchandise,WRAP SPEED DEMONS,2,Descriptive catalogue item on positive numeric invoice before cutoff; exception codes reviewed separately
16161E,merchandise,WRAP BOUDOIR,9,Descriptive catalogue item on positive numeric invoice before cutoff; exception codes reviewed separately
16161G,merchandise,WRAP BAD HAIR DAY,33,Descriptive catalogue item on positive numeric invoice before cutoff; exception codes reviewed separately
16161M,merchandise,WRAP  PINK FLOCK,40,Descriptive catalogue item on positive numeric invoice before cutoff; exception codes reviewed separately
16161N,unresolved,,0,No descriptive positive-purchase evidence before cutoff
16161P,merchandise,WRAP ENGLISH ROSE,438,Descriptive catalogue item on positive numeric invoice before cutoff; exception codes reviewed separately
16161U,merchandise,WRAP SUKI AND FRIENDS,208,Descriptive catalogue item on positive numeric invoice before cutoff; exception codes reviewed separately
16162L,merchandise,THE KING GIFT BAG,30,Descriptive catalogue item on positive numeric invoice before cutoff; exception codes reviewed separately
16162M,merchandise,THE KING GIFT BAG 25x24x12cm,13,Descriptive catalogue item on positive numeric invoice before cutoff; exception codes reviewed separately
16168M,merchandise,FUNKY MONKEY GIFT BAG MEDIUM,100,Descriptive catalogue item on positive numeric invoice before cutoff; exception codes reviewed separately
16168S,merchandise,FUNKY MONKEY GIFT BAG SMALL,11,Descriptive catalogue item on positive numeric invoice before cutoff; exception codes reviewed separately
16169A,merchandise,WRAP CHRISTMAS DECOUPAGE,1,Descriptive catalogue item on positive numeric invoice before cutoff; exception codes reviewed separately
16169C,merchandise,WRAP BLUE REINDEER,43,Descriptive catalogue item on positive numeric invoice before cutoff; exception codes reviewed separately
16169D,merchandise,WRAP WINTER FOREST,9,Descriptive catalogue item on positive numeric invoice before cutoff; exception codes reviewed separately
16169E,merchandise,WRAP 50'S  CHRISTMAS,137,Descriptive catalogue item on positive numeric invoice before cutoff; exception codes reviewed separately
16169F,merchandise,WRAP BLIZZARD,34,Descriptive catalogue item on positive numeric invoice before cutoff; exception codes reviewed separately
16169G,merchandise,WRAP ROMANTIC DECOUPAGE,1,Descriptive catalogue item on positive numeric invoice before cutoff; exception codes reviewed separately
16169H,unresolved,,0,No descriptive positive-purchase evidence before cutoff
16169K,merchandise,WRAP FOLK ART,61,Descriptive catalogue item on positive numeric invoice before cutoff; exception codes reviewed separately
16169M,merchandise,WRAP DAISY CARPET,59,Descriptive catalogue item on positive numeric invoice before cutoff; exception codes reviewed separately
16169N,merchandise,WRAP BLUE RUSSIAN FOLKART,57,Descriptive catalogue item on positive numeric invoice before cutoff; exception codes reviewed separately
16169P,merchandise,WRAP GREEN RUSSIAN FOLKART,48,Descriptive catalogue item on positive numeric invoice before cutoff; exception codes reviewed separately
16192,merchandise,PINK BALLET OPENING CUBE BOX,1,Descriptive catalogue item on positive numeric invoice before cutoff; exception codes reviewed separately
16195,unresolved,,0,No descriptive positive-purchase evidence before cutoff
16200A,unresolved,,0,No descriptive positive-purchase evidence before cutoff
16201A,merchandise,PASTEL PINK PHOTO ALBUM,9,Descriptive catalogue item on positive numeric invoice before cutoff; exception codes reviewed separately
16201B,merchandise,PASTEL BLUE PHOTO ALBUM,5,Descriptive catalogue item on positive numeric invoice before cutoff; exception codes reviewed separately
16201C,unresolved,,0,No descriptive positive-purchase evidence before cutoff
16202A,merchandise,PASTEL PINK PHOTO ALBUM,22,Descriptive catalogue item on positive numeric invoice before cutoff; exception codes reviewed separately
16202B,merchandise,PASTEL BLUE PHOTO ALBUM,22,Descriptive catalogue item on positive numeric invoice before cutoff; exception codes reviewed separately
16202C,merchandise,BEIGE PHOTO ALBUM,12,Descriptive catalogue item on positive numeric invoice before cutoff; exception codes reviewed separately
16202E,merchandise,BLACK PHOTO ALBUM,14,Descriptive catalogue item on positive numeric invoice before cutoff; exception codes reviewed separately
16206B,merchandise,RED PURSE WITH PINK HEART,16,Descriptive catalogue item on positive numeric invoice before cutoff; exception codes reviewed separately
16207A,merchandise,PINK STRAWBERRY HANDBAG,76,Descriptive catalogue item on positive numeric invoice before cutoff; exception codes reviewed separately
16207B,merchandise,PINK HEART RED HANDBAG,46,Descriptive catalogue item on positive numeric invoice before cutoff; exception codes reviewed separately
16210,unresolved,,0,No descriptive positive-purchase evidence before cutoff
16212,merchandise,FUNKY GIRLZ ASST MAGNETIC MEMO PAD,44,Descriptive catalogue item on positive numeric invoice before cutoff; exception codes reviewed separately
16215,merchandise,FUNKY GIRLZ MAGNETIC TO DO LIST,3,Descriptive catalogue item on positive numeric invoice before cutoff; exception codes reviewed separately
16216,merchandise,LETTER SHAPE PENCIL SHARPENER,86,Descriptive catalogue item on positive numeric invoice before cutoff; exception codes reviewed separately
16218,merchandise,CARTOON  PENCIL SHARPENERS,96,Descriptive catalogue item on positive numeric invoice before cutoff; exception codes reviewed separately
16219,merchandise,HOUSE SHAPE PENCIL SHARPENER,124,Descriptive catalogue item on positive numeric invoice before cutoff; exception codes reviewed separately
16222B,unresolved,,0,No descriptive positive-purchase evidence before cutoff
16225,merchandise,RATTLE SNAKE EGGS,158,Descriptive catalogue item on positive numeric invoice before cutoff; exception codes reviewed separately
16235,merchandise,RECYCLED PENCIL WITH RABBIT ERASER,316,Descriptive catalogue item on positive numeric invoice before cutoff; exception codes reviewed separately
16236,merchandise,KITTY PENCIL ERASERS,261,Descriptive catalogue item on positive numeric invoice before cutoff; exception codes reviewed separately
16237,merchandise,SLEEPING CAT ERASERS,589,Descriptive catalogue item on positive numeric invoice before cutoff; exception codes reviewed separately
16238,merchandise,PARTY TIME PENCIL ERASERS,235,Descriptive catalogue item on positive numeric invoice before cutoff; exception codes reviewed separately
16239,merchandise,BALLERINA HEART DECORATION.,21,Descriptive catalogue item on positive numeric invoice before cutoff; exception codes reviewed separately
16240,unresolved,,0,No descriptive positive-purchase evidence before cutoff
16243A,unresolved,,0,No descriptive positive-purchase evidence before cutoff
16243B,merchandise,BROWN COZY SQUARE PHOTO ALBUM,8,Descriptive catalogue item on positive numeric invoice before cutoff; exception codes reviewed separately
16244A,merchandise,MAXWELL 2 TONE PINK 60 PAGE PHOTO A,28,Descriptive catalogue item on positive numeric invoice before cutoff; exception codes reviewed separately
16244B,merchandise,MAXWELL 2 TONE BLUE 60 PAGE PHOTO A,29,Descriptive catalogue item on positive numeric invoice before cutoff; exception codes reviewed separately
16245A,merchandise,PINK MINI STATIONERY SET W CASE,7,Descriptive catalogue item on positive numeric invoice before cutoff; exception codes reviewed separately
16245B,unresolved,,0,No descriptive positive-purchase evidence before cutoff
16248A,unresolved,,0,No descriptive positive-purchase evidence before cutoff
16248B,merchandise,BLUE HOLE PUNCH,13,Descriptive catalogue item on positive numeric invoice before cutoff; exception codes reviewed separately
16249B,unresolved,,0,No descriptive positive-purchase evidence before cutoff
16254,merchandise,TRANSPARENT ACRYLIC TAPE DISPENSER,41,Descriptive catalogue item on positive numeric invoice before cutoff; exception codes reviewed separately
16255,unresolved,,0,No descriptive positive-purchase evidence before cutoff
16256B,merchandise,FLOWER PENCIL/RUBBER+5 MINI PENCILS,36,Descriptive catalogue item on positive numeric invoice before cutoff; exception codes reviewed separately
16256C,merchandise,HEARTS PENCIL/RUBBER+5 MINI PENCILS,10,Descriptive catalogue item on positive numeric invoice before cutoff; exception codes reviewed separately
16258A,merchandise,SWIRLY CIRCULAR RUBBERS IN BAG,99,Descriptive catalogue item on positive numeric invoice before cutoff; exception codes reviewed separately
16258B,merchandise,DAISY ERASERS IN BAG,17,Descriptive catalogue item on positive numeric invoice before cutoff; exception codes reviewed separately
16259,merchandise,PIECE OF CAMO STATIONERY SET,55,Descriptive catalogue item on positive numeric invoice before cutoff; exception codes reviewed separately
17001,merchandise,HEAVENS SCENT FRAGRANCE OILS ASSTD,23,Descriptive catalogue item on positive numeric invoice before cutoff; exception codes reviewed separately
17003,merchandise,BROCADE RING PURSE,461,Descriptive catalogue item on positive numeric invoice before cutoff; exception codes reviewed separately
17007B,merchandise,S/3 POT POURI CUSHIONS BLUE COLOURS,8,Descriptive catalogue item on positive numeric invoice before cutoff; exception codes reviewed separately
17010S,unresolved,,0,No descriptive positive-purchase evidence before cutoff
17011A,merchandise,ORIGAMI VANILLA INCENSE+FLOWER,12,Descriptive catalogue item on positive numeric invoice before cutoff; exception codes reviewed separately
17011B,merchandise,ORIGAMI JASMINE INCENSE+FLOWER,2,Descriptive catalogue item on positive numeric invoice before cutoff; exception codes reviewed separately
17011C,merchandise,ORIGAMI LAVENDER INCENSE+FLOWER,2,Descriptive catalogue item on positive numeric invoice before cutoff; exception codes reviewed separately
17011D,merchandise,ORIGAMI ROSE INCENSE+FLOWER,4,Descriptive catalogue item on positive numeric invoice before cutoff; exception codes reviewed separately
17011E,merchandise,ORIGAMI OPIUM SCENT INCENSE+FLOWER,1,Descriptive catalogue item on positive numeric invoice before cutoff; exception codes reviewed separately
17011F,merchandise,ORIGAMI SANDLEWOOD INCENSE+FLOWER,21,Descriptive catalogue item on positive numeric invoice before cutoff; exception codes reviewed separately
17012A,merchandise,ORIGAMI VANILLA INCENSE/CANDLE SET,98,Descriptive catalogue item on positive numeric invoice before cutoff; exception codes reviewed separately
17012B,merchandise,ORIGAMI JASMINE INCENSE/CANDLE SET,131,Descriptive catalogue item on positive numeric invoice before cutoff; exception codes reviewed separately
17012C,merchandise,ORIGAMI LAVENDER INCENSE/CANDL SET,109,Descriptive catalogue item on positive numeric invoice before cutoff; exception codes reviewed separately
17012D,merchandise,ORIGAMI ROSE INCENSE/CANDLE SET,106,Descriptive catalogue item on positive numeric invoice before cutoff; exception codes reviewed separately
17012E,merchandise,ORIGAMI OPIUM INCENSE/CANDLE SET,35,Descriptive catalogue item on positive numeric invoice before cutoff; exception codes reviewed separately
17012F,merchandise,ORIGAMI SANDLEWOOD INCENSE/CAND SET,100,Descriptive catalogue item on positive numeric invoice before cutoff; exception codes reviewed separately
17013A,unresolved,,0,No descriptive positive-purchase evidence before cutoff
17013B,merchandise,ORIGAMI JASMINE INCENSE IN TUBE,3,Descriptive catalogue item on positive numeric invoice before cutoff; exception codes reviewed separately
17013C,merchandise,ORIGAMI LAVENDER INCENSE IN TUBE,2,Descriptive catalogue item on positive numeric invoice before cutoff; exception codes reviewed separately
17013D,merchandise,ORIGAMI ROSE INCENSE IN TUBE,32,Descriptive catalogue item on positive numeric invoice before cutoff; exception codes reviewed separately
17013E,unresolved,,0,No descriptive positive-purchase evidence before cutoff
17013F,merchandise,ORIGAMI SANDLEWOOD INCENSE IN TUBE,5,Descriptive catalogue item on positive numeric invoice before cutoff; exception codes reviewed separately
17014A,merchandise,ORIGAMI VANILLA INCENSE CONES,17,Descriptive catalogue item on positive numeric invoice before cutoff; exception codes reviewed separately
17014B,unresolved,,0,No descriptive positive-purchase evidence before cutoff
17014C,merchandise,ORIGAMI LAVENDER INCENSE CONES,2,Descriptive catalogue item on positive numeric invoice before cutoff; exception codes reviewed separately
17014D,merchandise,ORIGAMI ROSE INCENSE CONES,9,Descriptive catalogue item on positive numeric invoice before cutoff; exception codes reviewed separately
17014E,merchandise,ORIGAMI OPIUM INCENSE CONES,6,Descriptive catalogue item on positive numeric invoice before cutoff; exception codes reviewed separately
17014F,merchandise,ORIGAMI SANDLEWOOD INCENSE CONES,4,Descriptive catalogue item on positive numeric invoice before cutoff; exception codes reviewed separately
17017,unresolved,,0,No descriptive positive-purchase evidence before cutoff
17021,merchandise,NAMASTE SWAGAT INCENSE,101,Descriptive catalogue item on positive numeric invoice before cutoff; exception codes reviewed separately
17027A,merchandise,INCENSE BAZAAR CANNABIS,2,Descriptive catalogue item on positive numeric invoice before cutoff; exception codes reviewed separately
17028J,merchandise,INCENSE BAZAAR PEACH,1,Descriptive catalogue item on positive numeric invoice before cutoff; exception codes reviewed separately
17033,merchandise,"BROCADE PURSE,SMALL ARCH BUTTON",69,Descriptive catalogue item on positive numeric invoice before cutoff; exception codes reviewed separately
17038,merchandise,PORCELAIN BUDAH INCENSE HOLDER,54,Descriptive catalogue item on positive numeric invoice before cutoff; exception codes reviewed separately
17039,merchandise,INLAID WOOD INCENSE HOLDER,43,Descriptive catalogue item on positive numeric invoice before cutoff; exception codes reviewed separately
17061,merchandise,ASSORTED SHAPED STENCIL FOR HENNA,1,Descriptive catalogue item on positive numeric invoice before cutoff; exception codes reviewed separately
17084A,merchandise,TRANQUILITY MASALA INCENSE,18,Descriptive catalogue item on positive numeric invoice before cutoff; exception codes reviewed separately
17084F,unresolved,,0,No descriptive positive-purchase evidence before cutoff
17084G,merchandise,MOON INCENSE,2,Descriptive catalogue item on positive numeric invoice before cutoff; exception codes reviewed separately
17084J,merchandise,LOVE POTION MASALA INCENSE,21,Descriptive catalogue item on positive numeric invoice before cutoff; exception codes reviewed separately
17084N,merchandise,FAIRY DREAMS INCENSE,186,Descriptive catalogue item on positive numeric invoice before cutoff; exception codes reviewed separately
17084P,merchandise,DRAGONS BLOOD INCENSE,71,Descriptive catalogue item on positive numeric invoice before cutoff; exception codes reviewed separately
17084R,merchandise,ASSORTED INCENSE PACK,67,Descriptive catalogue item on positive numeric invoice before cutoff; exception codes reviewed separately
17090A,merchandise,LAVENDER INCENSE 40 CONES IN TIN,28,Descriptive catalogue item on positive numeric invoice before cutoff; exception codes reviewed separately
17090D,merchandise,VANILLA INCENSE 40 CONES IN TIN,32,Descriptive catalogue item on positive numeric invoice before cutoff; exception codes reviewed separately
17091A,merchandise,LAVENDER INCENSE IN TIN,121,Descriptive catalogue item on positive numeric invoice before cutoff; exception codes reviewed separately
17091B,merchandise,JASMINE TEA INCENSE IN TIN,53,Descriptive catalogue item on positive numeric invoice before cutoff; exception codes reviewed separately
17091F,merchandise,SANDALWOOD INCENSE IN TIN,8,Descriptive catalogue item on positive numeric invoice before cutoff; exception codes reviewed separately
17091J,merchandise,VANILLA INCENSE IN TIN,180,Descriptive catalogue item on positive numeric invoice before cutoff; exception codes reviewed separately
17096,merchandise,ASSORTED LAQUERED INCENSE HOLDERS,79,Descriptive catalogue item on positive numeric invoice before cutoff; exception codes reviewed separately
17107D,merchandise,"FLOWER FAIRY,5 SUMMER B'DRAW LINERS",72,Descriptive catalogue item on positive numeric invoice before cutoff; exception codes reviewed separately
17108D,merchandise,FLOWER FAIRY SUMMER BOUQUET SACHET,23,Descriptive catalogue item on positive numeric invoice before cutoff; exception codes reviewed separately
17109A,merchandise,FLOWER FAIRY INCENSE LILY,13,Descriptive catalogue item on positive numeric invoice before cutoff; exception codes reviewed separately
17109B,merchandise,FLOWER FAIRY INCENSE LAVENDER,17,Descriptive catalogue item on positive numeric invoice before cutoff; exception codes reviewed separately
17109C,merchandise,FLOWER FAIRY INCENSE ROSE,15,Descriptive catalogue item on positive numeric invoice before cutoff; exception codes reviewed separately
17109D,merchandise,FLOWER FAIRY INCENSE BOUQUET,41,Descriptive catalogue item on positive numeric invoice before cutoff; exception codes reviewed separately
17120,unresolved,,0,No descriptive positive-purchase evidence before cutoff
17129C,merchandise,SKY BLUE COLOUR GLASS GEMS IN BAG,12,Descriptive catalogue item on positive numeric invoice before cutoff; exception codes reviewed separately
17129D,merchandise,CLEAR COLOUR GLASS GEMS IN BAG,39,Descriptive catalogue item on positive numeric invoice before cutoff; exception codes reviewed separately
17129F,merchandise,BLUE GLASS GEMS IN BAG,83,Descriptive catalogue item on positive numeric invoice before cutoff; exception codes reviewed separately
17136A,merchandise,BLUE STONES ON WIRE FOR CANDLE,37,Descriptive catalogue item on positive numeric invoice before cutoff; exception codes reviewed separately
17160,unresolved,,0,No descriptive positive-purchase evidence before cutoff
17164B,merchandise,ASS COL SMALL SAND GECKO P'WEIGHT,92,Descriptive catalogue item on positive numeric invoice before cutoff; exception codes reviewed separately
17164D,merchandise,ASS COL SMALL SAND FROG P'WEIGHT,34,Descriptive catalogue item on positive numeric invoice before cutoff; exception codes reviewed separately
17165B,merchandise,ASS COL LARGE SAND GECKO P'WEIGHT,64,Descriptive catalogue item on positive numeric invoice before cutoff; exception codes reviewed separately
17165D,merchandise,ASS COL LARGE SAND FROG P'WEIGHT,98,Descriptive catalogue item on positive numeric invoice before cutoff; exception codes reviewed separately
17174,merchandise,ASSTD RASTA KEY-CHAINS,7,Descriptive catalogue item on positive numeric invoice before cutoff; exception codes reviewed separately
17178,merchandise,FLAT PALM T-LIGHT HOLDER,25,Descriptive catalogue item on positive numeric invoice before cutoff; exception codes reviewed separately
17181,merchandise,CIRCLE OF FRIENDS CANDLE HOLDER,68,Descriptive catalogue item on positive numeric invoice before cutoff; exception codes reviewed separately
17191A,merchandise,ROSE FLOWER CANDLE+INCENSE 16X16CM,11,Descriptive catalogue item on positive numeric invoice before cutoff; exception codes reviewed separately
18007,merchandise,ESSENTIAL BALM 3.5g TIN IN ENVELOPE,79,Descriptive catalogue item on positive numeric invoice before cutoff; exception codes reviewed separately
18010,merchandise,ASSORTED FRAGRANCE BATH CONFETTI,9,Descriptive catalogue item on positive numeric invoice before cutoff; exception codes reviewed separately
18033,unresolved,,0,No descriptive positive-purchase evidence before cutoff
18094A,unresolved,,0,No descriptive positive-purchase evidence before cutoff
18094C,merchandise,WHITE AND BLUE CERAMIC OIL BURNER,87,Descriptive catalogue item on positive numeric invoice before cutoff; exception codes reviewed separately
18096B,unresolved,,0,No descriptive positive-purchase evidence before cutoff
18096C,merchandise,WHITE ROUND PORCELAIN TLIGHT HOLDER,27,Descriptive catalogue item on positive numeric invoice before cutoff; exception codes reviewed separately
18097A,merchandise,PINK TALL PORCELAIN T-LIGHT HOLDER,14,Descriptive catalogue item on positive numeric invoice before cutoff; exception codes reviewed separately
18097B,merchandise,BLUE TALL PORCELAIN T-LIGHT HOLDER,4,Descriptive catalogue item on positive numeric invoice before cutoff; exception codes reviewed separately
18097C,merchandise,WHITE TALL PORCELAIN T-LIGHT HOLDER,224,Descriptive catalogue item on positive numeric invoice before cutoff; exception codes reviewed separately
18098A,merchandise,PINK PORCELAIN B'FLY OIL BURNER,2,Descriptive catalogue item on positive numeric invoice before cutoff; exception codes reviewed separately
18098B,merchandise,BLUE PORCELAIN B'FLY OIL BURNER,3,Descriptive catalogue item on positive numeric invoice before cutoff; exception codes reviewed separately
18098C,merchandise,PORCELAIN BUTTERFLY OIL BURNER,403,Descriptive catalogue item on positive numeric invoice before cutoff; exception codes reviewed separately
20615,merchandise,BLUE POLKADOT PASSPORT COVER,113,Descriptive catalogue item on positive numeric invoice before cutoff; exception codes reviewed separately
20616,merchandise,CHERRY BLOSSOM PASSPORT COVER,123,Descriptive catalogue item on positive numeric invoice before cutoff; exception codes reviewed separately
20617,merchandise,FIRST CLASS PASSPORT COVER,105,Descriptive catalogue item on positive numeric invoice before cutoff; exception codes reviewed separately
20618,merchandise,QUEEN OF THE SKIES PASSPORT COVER,138,Descriptive catalogue item on positive numeric invoice before cutoff; exception codes reviewed separately
20619,merchandise,TROPICAL PASSPORT COVER,193,Descriptive catalogue item on positive numeric invoice before cutoff; exception codes reviewed separately
20620,merchandise,RED SPOTTY PASSPORT COVER,14,Descriptive catalogue item on positive numeric invoice before cutoff; exception codes reviewed separately
20621,merchandise,ECONOMY PASSPORT COVER,34,Descriptive catalogue item on positive numeric invoice before cutoff; exception codes reviewed separately
20622,merchandise,VIPPASSPORT COVER,118,Descriptive catalogue item on positive numeric invoice before cutoff; exception codes reviewed separately
20652,merchandise,BLUE POLKADOT LUGGAGE TAG,95,Descriptive catalogue item on positive numeric invoice before cutoff; exception codes reviewed separately
20653,merchandise,CHERRY BLOSSOM LUGGAGE TAG,82,Descriptive catalogue item on positive numeric invoice before cutoff; exception codes reviewed separately
20654,merchandise,FIRST CLASS LUGGAGE TAG,119,Descriptive catalogue item on positive numeric invoice before cutoff; exception codes reviewed separately
20655,merchandise,QUEEN OF SKIES LUGGAGE TAG,197,Descriptive catalogue item on positive numeric invoice before cutoff; exception codes reviewed separately
20657,merchandise,TROPICAL LUGGAGE TAG,120,Descriptive catalogue item on positive numeric invoice before cutoff; exception codes reviewed separately
20658,merchandise,RED SPOTTY LUGGAGE TAG,202,Descriptive catalogue item on positive numeric invoice before cutoff; exception codes reviewed separately
20659,merchandise,ECONOMY LUGGAGE TAG,141,Descriptive catalogue item on positive numeric invoice before cutoff; exception codes reviewed separately
20660,merchandise,VIP LUGGAGE TAG,29,Descriptive catalogue item on positive numeric invoice before cutoff; exception codes reviewed separately
20661,merchandise,BLUE SPOTTY PURSE,72,Descriptive catalogue item on positive numeric invoice before cutoff; exception codes reviewed separately
20662,merchandise,FIRST CLASS HOLIDAY PURSE,51,Descriptive catalogue item on positive numeric invoice before cutoff; exception codes reviewed separately
20663,merchandise,QUEEN OF THE SKIES HOLIDAY PURSE,46,Descriptive catalogue item on positive numeric invoice before cutoff; exception codes reviewed separately
20664,merchandise,TROPICAL HOLIDAY PURSE,31,Descriptive catalogue item on positive numeric invoice before cutoff; exception codes reviewed separately
20665,merchandise,RED RETROSPOT PURSE,203,Descriptive catalogue item on positive numeric invoice before cutoff; exception codes reviewed separately
20666,merchandise,ECONOMY HOLIDAY PURSE,46,Descriptive catalogue item on positive numeric invoice before cutoff; exception codes reviewed separately
20667,merchandise,CHERRY BLOSSOM PURSE,24,Descriptive catalogue item on positive numeric invoice before cutoff; exception codes reviewed separately
20668,merchandise,DISCO BALL CHRISTMAS DECORATION,377,Descriptive catalogue item on positive numeric invoice before cutoff; exception codes reviewed separately
20669,merchandise,RED HEART LUGGAGE TAG,228,Descriptive catalogue item on positive numeric invoice before cutoff; exception codes reviewed separately
20670,merchandise,VIP HOLIDAY PURSE,48,Descriptive catalogue item on positive numeric invoice before cutoff; exception codes reviewed separately
20671,merchandise,BLUE TEATIME PRINT BOWL,146,Descriptive catalogue item on positive numeric invoice before cutoff; exception codes reviewed separately
20672,merchandise,PINK TEATIME PRINT BOWL,36,Descriptive catalogue item on positive numeric invoice before cutoff; exception codes reviewed separately
20673,merchandise,STRAWBERRIES PRINT BOWL,2,Descriptive catalogue item on positive numeric invoice before cutoff; exception codes reviewed separately
20674,merchandise,GREEN POLKADOT BOWL,253,Descriptive catalogue item on positive numeric invoice before cutoff; exception codes reviewed separately
20675,merchandise,BLUE POLKADOT BOWL,391,Descriptive catalogue item on positive numeric invoice before cutoff; exception codes reviewed separately
20676,merchandise,RED RETROSPOT BOWL,554,Descriptive catalogue item on positive numeric invoice before cutoff; exception codes reviewed separately
20677,merchandise,PINK POLKADOT BOWL,418,Descriptive catalogue item on positive numeric invoice before cutoff; exception codes reviewed separately
20678,merchandise,LARGE BLACK DIAMANTE HAIRSLIDE,1,Descriptive catalogue item on positive numeric invoice before cutoff; exception codes reviewed separately
20679,merchandise,EDWARDIAN PARASOL RED,727,Descriptive catalogue item on positive numeric invoice before cutoff; exception codes reviewed separately
20680,merchandise,PINK FLOWERS CHILDS UMBRELLA,5,Descriptive catalogue item on positive numeric invoice before cutoff; exception codes reviewed separately
20681,merchandise,PINK SPOTTY CHILDS UMBRELLA,209,Descriptive catalogue item on positive numeric invoice before cutoff; exception codes reviewed separately
20682,merchandise,RED RETROSPOT CHILDRENS UMBRELLA,352,Descriptive catalogue item on positive numeric invoice before cutoff; exception codes reviewed separately
20683,merchandise,RAIN GIRL CHILDS UMBRELLA,1,Descriptive catalogue item on positive numeric invoice before cutoff; exception codes reviewed separately
20684,merchandise,STRAWBERRY DREAM CHILDS UMBRELLA,182,Descriptive catalogue item on positive numeric invoice before cutoff; exception codes reviewed separately
20685,merchandise,DOORMAT RED RETROSPOT,920,Descriptive catalogue item on positive numeric invoice before cutoff; exception codes reviewed separately
20686,merchandise,DOLLY MIXTURE CHILDREN'S UMBRELLA,190,Descriptive catalogue item on positive numeric invoice before cutoff; exception codes reviewed separately
20688,merchandise,BEAUTY SPEED EXPRESSO CUPS,11,Descriptive catalogue item on positive numeric invoice before cutoff; exception codes reviewed separately
20689,merchandise,RETRO SISTERS EXPRESSO CUPS,42,Descriptive catalogue item on positive numeric invoice before cutoff; exception codes reviewed separately
20690,unresolved,,0,No descriptive positive-purchase evidence before cutoff
20691,unresolved,,0,No descriptive positive-purchase evidence before cutoff
20692,merchandise,FLORAL ELEPHANT SOFT TOY,144,Descriptive catalogue item on positive numeric invoice before cutoff; exception codes reviewed separately
20693,merchandise,FLORAL DINOSAUR GREEN,18,Descriptive catalogue item on positive numeric invoice before cutoff; exception codes reviewed separately
20694,merchandise,FLORAL PINK MONSTER,56,Descriptive catalogue item on positive numeric invoice before cutoff; exception codes reviewed separately
20695,merchandise,FLORAL BLUE MONSTER,62,Descriptive catalogue item on positive numeric invoice before cutoff; exception codes reviewed separately
20696,merchandise,FLORAL SOFT CAR TOY,62,Descriptive catalogue item on positive numeric invoice before cutoff; exception codes reviewed separately
20697,merchandise,LITTLE GREEN MONSTER SOFT TOY,25,Descriptive catalogue item on positive numeric invoice before cutoff; exception codes reviewed separately
20698,merchandise,LITTLE PINK MONSTER SOFT TOY,22,Descriptive catalogue item on positive numeric invoice before cutoff; exception codes reviewed separately
20699,merchandise,MOUSEY LONG LEGS SOFT TOY,94,Descriptive catalogue item on positive numeric invoice before cutoff; exception codes reviewed separately
20700,merchandise,GREEN CAT FLORAL CUSHION COVER,104,Descriptive catalogue item on positive numeric invoice before cutoff; exception codes reviewed separately
20701,merchandise,PINK CAT FLORAL CUSHION COVER,50,Descriptive catalogue item on positive numeric invoice before cutoff; exception codes reviewed separately
20702,merchandise,PINK PADDED MOBILE,257,Descriptive catalogue item on positive numeric invoice before cutoff; exception codes reviewed separately
20703,merchandise,BLUE PADDED SOFT MOBILE,172,Descriptive catalogue item on positive numeric invoice before cutoff; exception codes reviewed separately
20704,merchandise,MR ROBOT SOFT TOY,76,Descriptive catalogue item on positive numeric invoice before cutoff; exception codes reviewed separately
20705,merchandise,MRS ROBOT SOFT TOY,50,Descriptive catalogue item on positive numeric invoice before cutoff; exception codes reviewed separately
20707,merchandise,CRAZY DAISY HEART DECORATION,202,Descriptive catalogue item on positive numeric invoice before cutoff; exception codes reviewed separately
20710,unresolved,,0,No descriptive positive-purchase evidence before cutoff
20711,merchandise,JUMBO BAG TOYS,1065,Descriptive catalogue item on positive numeric invoice before cutoff; exception codes reviewed separately
20712,merchandise,JUMBO BAG WOODLAND ANIMALS,1422,Descriptive catalogue item on positive numeric invoice before cutoff; exception codes reviewed separately
20713,merchandise,JUMBO BAG OWLS,1329,Descriptive catalogue item on positive numeric invoice before cutoff; exception codes reviewed separately
20714,merchandise,POSY SHOPPER BAG,28,Descriptive catalogue item on positive numeric invoice before cutoff; exception codes reviewed separately
20715,merchandise,LITTLE FLOWER SHOPPER BAG,1,Descriptive catalogue item on positive numeric invoice before cutoff; exception codes reviewed separately
20716,merchandise,PARTY FOOD SHOPPER BAG,254,Descriptive catalogue item on positive numeric invoice before cutoff; exception codes reviewed separately
20717,merchandise,STRAWBERRY SHOPPER BAG,767,Descriptive catalogue item on positive numeric invoice before cutoff; exception codes reviewed separately
20718,merchandise,RED RETROSPOT SHOPPER BAG,685,Descriptive catalogue item on positive numeric invoice before cutoff; exception codes reviewed separately
20719,merchandise,WOODLAND CHARLOTTE BAG,1594,Descriptive catalogue item on positive numeric invoice before cutoff; exception codes reviewed separately
20720,unresolved,,0,No descriptive positive-purchase evidence before cutoff
20721,merchandise,OWLS CHARLOTTE BAG,1,Descriptive catalogue item on positive numeric invoice before cutoff; exception codes reviewed separately
20723,merchandise,STRAWBERRY CHARLOTTE BAG,1400,Descriptive catalogue item on positive numeric invoice before cutoff; exception codes reviewed separately
20724,merchandise,RED RETROSPOT CHARLOTTE BAG,1273,Descriptive catalogue item on positive numeric invoice before cutoff; exception codes reviewed separately
20725,merchandise,LUNCH BAG RED RETROSPOT,1888,Descriptive catalogue item on positive numeric invoice before cutoff; exception codes reviewed separately
20726,merchandise,LUNCH BAG WOODLAND,1975,Descriptive catalogue item on positive numeric invoice before cutoff; exception codes reviewed separately
20727,merchandise,LUNCH BAG  BLACK SKULL.,2433,Descriptive catalogue item on positive numeric invoice before cutoff; exception codes reviewed separately
20728,merchandise,LUNCH BAG CARS BLUE,2112,Descriptive catalogue item on positive numeric invoice before cutoff; exception codes reviewed separately
20729,merchandise,RED SPOTTY CANDY BAG,121,Descriptive catalogue item on positive numeric invoice before cutoff; exception codes reviewed separately
20730,merchandise,STRAWBERRY CANDY BAG,102,Descriptive catalogue item on positive numeric invoice before cutoff; exception codes reviewed separately
20731,merchandise,POSY CANDY BAG,74,Descriptive catalogue item on positive numeric invoice before cutoff; exception codes reviewed separately
20733,merchandise,GOLD MINI TAPE MEASURE,300,Descriptive catalogue item on positive numeric invoice before cutoff; exception codes reviewed separately
20734,merchandise,SILVER MINI TAPE MEASURE,120,Descriptive catalogue item on positive numeric invoice before cutoff; exception codes reviewed separately
20735,merchandise,BLACK MINI TAPE MEASURE,212,Descriptive catalogue item on positive numeric invoice before cutoff; exception codes reviewed separately
20736,merchandise,PINK MINI TAPE MEASURE,20,Descriptive catalogue item on positive numeric invoice before cutoff; exception codes reviewed separately
20737,merchandise,RED MINI TAPE MEASURE,1,Descriptive catalogue item on positive numeric invoice before cutoff; exception codes reviewed separately
20738,merchandise,GREEN MINI TAPE MEASURE,74,Descriptive catalogue item on positive numeric invoice before cutoff; exception codes reviewed separately
20739,merchandise,*USB Office Glitter Lamp,1,Descriptive catalogue item on positive numeric invoice before cutoff; exception codes reviewed separately
20743,unresolved,,0,No descriptive positive-purchase evidence before cutoff
20747,merchandise,PICCADILLY TEA SET,109,Descriptive catalogue item on positive numeric invoice before cutoff; exception codes reviewed separately
20748,merchandise,KENSINGTON COFFEE SET,187,Descriptive catalogue item on positive numeric invoice before cutoff; exception codes reviewed separately
20749,merchandise,ASSORTED COLOUR MINI CASES,788,Descriptive catalogue item on positive numeric invoice before cutoff; exception codes reviewed separately
20750,merchandise,RED RETROSPOT MINI CASES,519,Descriptive catalogue item on positive numeric invoice before cutoff; exception codes reviewed separately
20751,merchandise,FUNKY WASHING UP GLOVES ASSORTED,558,Descriptive catalogue item on positive numeric invoice before cutoff; exception codes reviewed separately
20752,merchandise,BLUE POLKADOT WASHING UP GLOVES,218,Descriptive catalogue item on positive numeric invoice before cutoff; exception codes reviewed separately
20753,merchandise,RETRO PINK SPOT WASHING UP GLOVES,56,Descriptive catalogue item on positive numeric invoice before cutoff; exception codes reviewed separately
20754,merchandise,RETROSPOT RED WASHING UP GLOVES,461,Descriptive catalogue item on positive numeric invoice before cutoff; exception codes reviewed separately
20755,merchandise,BLUE PAISLEY POCKET BOOK,127,Descriptive catalogue item on positive numeric invoice before cutoff; exception codes reviewed separately
20756,merchandise,GREEN FERN POCKET BOOK,65,Descriptive catalogue item on positive numeric invoice before cutoff; exception codes reviewed separately
20757,merchandise,RED DAISY POCKET BOOK,86,Descriptive catalogue item on positive numeric invoice before cutoff; exception codes reviewed separately
20758,merchandise,ABSTRACT CIRCLES POCKET BOOK,97,Descriptive catalogue item on positive numeric invoice before cutoff; exception codes reviewed separately
20759,merchandise,CHRYSANTHEMUM POCKET BOOK,64,Descriptive catalogue item on positive numeric invoice before cutoff; exception codes reviewed separately
20760,merchandise,GARDEN PATH POCKET BOOK,85,Descriptive catalogue item on positive numeric invoice before cutoff; exception codes reviewed separately
20761,merchandise,BLUE PAISLEY SKETCHBOOK,152,Descriptive catalogue item on positive numeric invoice before cutoff; exception codes reviewed separately
20762,merchandise,GREEN FERN SKETCHBOOK,141,Descriptive catalogue item on positive numeric invoice before cutoff; exception codes reviewed separately
20763,merchandise,DAISY SKETCHBOOK,75,Descriptive catalogue item on positive numeric invoice before cutoff; exception codes reviewed separately
20764,merchandise,ABSTRACT CIRCLES SKETCHBOOK,195,Descriptive catalogue item on positive numeric invoice before cutoff; exception codes reviewed separately
20765,merchandise,CHRYSANTHEMUM SKETCHBOOK,155,Descriptive catalogue item on positive numeric invoice before cutoff; exception codes reviewed separately
20766,merchandise,GARDEN PATH SKETCHBOOK,163,Descriptive catalogue item on positive numeric invoice before cutoff; exception codes reviewed separately
20767,merchandise,BLUE PAISLEY JOURNAL,182,Descriptive catalogue item on positive numeric invoice before cutoff; exception codes reviewed separately
20768,merchandise,GREEN FERN JOURNAL,149,Descriptive catalogue item on positive numeric invoice before cutoff; exception codes reviewed separately
20769,merchandise,DAISY JOURNAL,80,Descriptive catalogue item on positive numeric invoice before cutoff; exception codes reviewed separately
20770,merchandise,ABSTRACT CIRCLE JOURNAL,210,Descriptive catalogue item on positive numeric invoice before cutoff; exception codes reviewed separately
20771,merchandise,CHRYSANTHEMUM  JOURNAL,144,Descriptive catalogue item on positive numeric invoice before cutoff; exception codes reviewed separately
20772,merchandise,GARDEN PATH JOURNAL,163,Descriptive catalogue item on positive numeric invoice before cutoff; exception codes reviewed separately
20773,merchandise,BLUE PAISLEY NOTEBOOK,127,Descriptive catalogue item on positive numeric invoice before cutoff; exception codes reviewed separately
20774,merchandise,GREEN FERN NOTEBOOK,126,Descriptive catalogue item on positive numeric invoice before cutoff; exception codes reviewed separately
20775,merchandise,DAISY NOTEBOOK,116,Descriptive catalogue item on positive numeric invoice before cutoff; exception codes reviewed separately
20776,merchandise,ABSTRACT CIRCLES NOTEBOOK,86,Descriptive catalogue item on positive numeric invoice before cutoff; exception codes reviewed separately
20777,merchandise,CHRYSANTHEMUM NOTEBOOK,167,Descriptive catalogue item on positive numeric invoice before cutoff; exception codes reviewed separately
20778,merchandise,GARDEN PATH NOTEBOOK,94,Descriptive catalogue item on positive numeric invoice before cutoff; exception codes reviewed separately
20779,unresolved,,0,No descriptive positive-purchase evidence before cutoff
20780,merchandise,BLACK EAR MUFF HEADPHONES,105,Descriptive catalogue item on positive numeric invoice before cutoff; exception codes reviewed separately
20781,merchandise,GOLD EAR MUFF HEADPHONES,62,Descriptive catalogue item on positive numeric invoice before cutoff; exception codes reviewed separately
20782,merchandise,CAMOUFLAGE EAR MUFF HEADPHONES,86,Descriptive catalogue item on positive numeric invoice before cutoff; exception codes reviewed separately
20783,merchandise,HEART EAR MUFF HEADPHONES,56,Descriptive catalogue item on positive numeric invoice before cutoff; exception codes reviewed separately
20784,merchandise,RED RETRO BAR STOOL,37,Descriptive catalogue item on positive numeric invoice before cutoff; exception codes reviewed separately
20785,merchandise,FUSCHIA RETRO BAR STOOL,37,Descriptive catalogue item on positive numeric invoice before cutoff; exception codes reviewed separately
20786,merchandise,BLACK RETRO BAR STOOL,32,Descriptive catalogue item on positive numeric invoice before cutoff; exception codes reviewed separately
20787,merchandise,BLUE RETRO BAR STOOL,32,Descriptive catalogue item on positive numeric invoice before cutoff; exception codes reviewed separately
20791,merchandise,BLUE TILED SET OF 3 DRAWERS,1,Descriptive catalogue item on positive numeric invoice before cutoff; exception codes reviewed separately
20793,merchandise,BLUE TILED TRAY,22,Descriptive catalogue item on positive numeric invoice before cutoff; exception codes reviewed separately
20794,merchandise,BLUE  TILE HOOK,45,Descriptive catalogue item on positive numeric invoice before cutoff; exception codes reviewed separately
20795,merchandise,LARGE BLUE PROVENCAL CERAMIC BALL,27,Descriptive catalogue item on positive numeric invoice before cutoff; exception codes reviewed separately
20796,merchandise,SMALL BLUE PROVENCAL CERAMIC BALL,22,Descriptive catalogue item on positive numeric invoice before cutoff; exception codes reviewed separately
20798,merchandise,CLEAR MILKSHAKE GLASS,88,Descriptive catalogue item on positive numeric invoice before cutoff; exception codes reviewed separately
20799,merchandise,PINK MILKSHAKE GLASS,26,Descriptive catalogue item on positive numeric invoice before cutoff; exception codes reviewed separately
20800,merchandise,LARGE GLASS SUNDAE DISH CLEAR,5,Descriptive catalogue item on positive numeric invoice before cutoff; exception codes reviewed separately
20801,merchandise,LARGE PINK GLASS SUNDAE DISH,118,Descriptive catalogue item on positive numeric invoice before cutoff; exception codes reviewed separately
20802,merchandise,SMALL GLASS SUNDAE DISH CLEAR,119,Descriptive catalogue item on positive numeric invoice before cutoff; exception codes reviewed separately
20803,merchandise,SMALL PINK GLASS SUNDAE DISH,88,Descriptive catalogue item on positive numeric invoice before cutoff; exception codes reviewed separately
20804,merchandise,GLASS CHICKEN BUTTER DISH,63,Descriptive catalogue item on positive numeric invoice before cutoff; exception codes reviewed separately
20812,merchandise,EMBOSSED FLOWER TRELLIS PHOTO FRAME,3,Descriptive catalogue item on positive numeric invoice before cutoff; exception codes reviewed separately
20814,merchandise,SILVER FINCH DECORATION,13,Descriptive catalogue item on positive numeric invoice before cutoff; exception codes reviewed separately
20816,merchandise,GOLD FLOWER CUSHION COVER,7,Descriptive catalogue item on positive numeric invoice before cutoff; exception codes reviewed separately
20818,merchandise,GOLD TEDDY BEAR,30,Descriptive catalogue item on positive numeric invoice before cutoff; exception codes reviewed separately
20819,merchandise,SILVER TEDDY BEAR,66,Descriptive catalogue item on positive numeric invoice before cutoff; exception codes reviewed separately
20820,merchandise,SILVER LOOKING MIRROR,9,Descriptive catalogue item on positive numeric invoice before cutoff; exception codes reviewed separately
20821,merchandise,GOLDIE LOOKING MIRROR,25,Descriptive catalogue item on positive numeric invoice before cutoff; exception codes reviewed separately
20822,merchandise,SILVER WINE GOBLET,1,Descriptive catalogue item on positive numeric invoice before cutoff; exception codes reviewed separately
20823,merchandise,GOLD WINE GOBLET,21,Descriptive catalogue item on positive numeric invoice before cutoff; exception codes reviewed separately
20824,unresolved,,0,No descriptive positive-purchase evidence before cutoff
20825,merchandise,GOLD WINE GLASS,7,Descriptive catalogue item on positive numeric invoice before cutoff; exception codes reviewed separately
20826,merchandise,SILVER APERITIF GLASS,14,Descriptive catalogue item on positive numeric invoice before cutoff; exception codes reviewed separately
20827,merchandise,GOLD APERITIF GLASS,8,Descriptive catalogue item on positive numeric invoice before cutoff; exception codes reviewed separately
20828,merchandise,GLITTER BUTTERFLY CLIPS,633,Descriptive catalogue item on positive numeric invoice before cutoff; exception codes reviewed separately
20829,merchandise,GLITTER HANGING BUTTERFLY STRING,499,Descriptive catalogue item on positive numeric invoice before cutoff; exception codes reviewed separately
20830,merchandise,SILVER PHOTO FRAME,84,Descriptive catalogue item on positive numeric invoice before cutoff; exception codes reviewed separately
20831,merchandise,GOLD PHOTO FRAME,77,Descriptive catalogue item on positive numeric invoice before cutoff; exception codes reviewed separately
20832,merchandise,RED FLOCK LOVE HEART PHOTO FRAME,163,Descriptive catalogue item on positive numeric invoice before cutoff; exception codes reviewed separately
20833,merchandise,SHAKER THROW  QUILTED,5,Descriptive catalogue item on positive numeric invoice before cutoff; exception codes reviewed separately
20835,merchandise,FRENCH LATTICE CUSHION COVER,11,Descriptive catalogue item on positive numeric invoice before cutoff; exception codes reviewed separately
20836,merchandise,FRENCH PAISLEY CUSHION COVER,22,Descriptive catalogue item on positive numeric invoice before cutoff; exception codes reviewed separately
20837,merchandise,FRENCH FLORAL CUSHION COVER,18,Descriptive catalogue item on positive numeric invoice before cutoff; exception codes reviewed separately
20838,merchandise,FRENCH LATTICE CUSHION COVER,62,Descriptive catalogue item on positive numeric invoice before cutoff; exception codes reviewed separately
20839,merchandise,FRENCH PAISLEY CUSHION COVER,114,Descriptive catalogue item on positive numeric invoice before cutoff; exception codes reviewed separately
20840,merchandise,FRENCH FLORAL CUSHION COVER,89,Descriptive catalogue item on positive numeric invoice before cutoff; exception codes reviewed separately
20844,unresolved,,0,No descriptive positive-purchase evidence before cutoff
20845,merchandise,ZINC HEART LATTICE 2 WALL PLANTER,24,Descriptive catalogue item on positive numeric invoice before cutoff; exception codes reviewed separately
20846,merchandise,ZINC HEART LATTICE T-LIGHT HOLDER,174,Descriptive catalogue item on positive numeric invoice before cutoff; exception codes reviewed separately
20847,merchandise,ZINC HEART LATTICE CHARGER LARGE,28,Descriptive catalogue item on positive numeric invoice before cutoff; exception codes reviewed separately
20848,merchandise,ZINC HEART LATTICE CHARGER SMALL,12,Descriptive catalogue item on positive numeric invoice before cutoff; exception codes reviewed separately
20849,merchandise,ZINC HEART LATTICE DOUBLE PLANTER,24,Descriptive catalogue item on positive numeric invoice before cutoff; exception codes reviewed separately
20850,merchandise,ZINC HEART LATTICE PLANTER BOWL,23,Descriptive catalogue item on positive numeric invoice before cutoff; exception codes reviewed separately
20851,merchandise,ZINC HEART LATTICE TRAY OVAL,29,Descriptive catalogue item on positive numeric invoice before cutoff; exception codes reviewed separately
20852,unresolved,,0,No descriptive positive-purchase evidence before cutoff
20854,merchandise,BLUE PATCH PURSE PINK HEART,116,Descriptive catalogue item on positive numeric invoice before cutoff; exception codes reviewed separately
20855,merchandise,PINK PATCH PURSE BLUE HEART,49,Descriptive catalogue item on positive numeric invoice before cutoff; exception codes reviewed separately
20856,merchandise,DENIM PATCH PURSE PINK BUTTERFLY,126,Descriptive catalogue item on positive numeric invoice before cutoff; exception codes reviewed separately
20857,merchandise,BLUE ROSE PATCH PURSE PINK BUTTERFL,81,Descriptive catalogue item on positive numeric invoice before cutoff; exception codes reviewed separately
20858,merchandise,SILVER PURSE GOLD PINK BUTTERFLY,1,Descriptive catalogue item on positive numeric invoice before cutoff; exception codes reviewed separately
20859,unresolved,,0,No descriptive positive-purchase evidence before cutoff
20860,merchandise,GOLD COSMETICS BAG WITH BUTTERFLY,11,Descriptive catalogue item on positive numeric invoice before cutoff; exception codes reviewed separately
20861,merchandise,GOLD COSMETIC BAG PINK STAR,19,Descriptive catalogue item on positive numeric invoice before cutoff; exception codes reviewed separately
20862,merchandise,PINK PATCH PENCIL CASE BLUE HEART,37,Descriptive catalogue item on positive numeric invoice before cutoff; exception codes reviewed separately
20863,merchandise,BLUE PATCH PENCIL CASE PINK HEART,52,Descriptive catalogue item on positive numeric invoice before cutoff; exception codes reviewed separately
20864,merchandise,DENIM PATCH PENCIL CASE BUTTERFLY,30,Descriptive catalogue item on positive numeric invoice before cutoff; exception codes reviewed separately
20865,merchandise,PATCHWORK PENCIL CASE BUTTERFLY,33,Descriptive catalogue item on positive numeric invoice before cutoff; exception codes reviewed separately
20866,merchandise,BLUE ROSE FABRIC MIRROR,190,Descriptive catalogue item on positive numeric invoice before cutoff; exception codes reviewed separately
20867,merchandise,PINK ROSE FABRIC MIRROR,158,Descriptive catalogue item on positive numeric invoice before cutoff; exception codes reviewed separately
20868,merchandise,SILVER FABRIC MIRROR,67,Descriptive catalogue item on positive numeric invoice before cutoff; exception codes reviewed separately
20869,merchandise,GOLD FABRIC MIRROR,53,Descriptive catalogue item on positive numeric invoice before cutoff; exception codes reviewed separately
20870,merchandise,OPULENT VELVET CANDLE IN BOX,8,Descriptive catalogue item on positive numeric invoice before cutoff; exception codes reviewed separately
20871,merchandise,OPULENT VELVET SET/3 CANDLES,131,Descriptive catalogue item on positive numeric invoice before cutoff; exception codes reviewed separately
20877,merchandise,MODERN CHRISTMAS BAUBLE CANDLE,5,Descriptive catalogue item on positive numeric invoice before cutoff; exception codes reviewed separately
20878,merchandise,SET/9 CHRISTMAS T-LIGHTS SCENTED,97,Descriptive catalogue item on positive numeric invoice before cutoff; exception codes reviewed separately
20879,merchandise,TREE OF NOAH FESTIVE SCENTED CANDLE,13,Descriptive catalogue item on positive numeric invoice before cutoff; exception codes reviewed separately
20880,unresolved,,0,No descriptive positive-purchase evidence before cutoff
20881,merchandise,MODERN CHRISTMAS TREE CANDLE,2,Descriptive catalogue item on positive numeric invoice before cutoff; exception codes reviewed separately
20882,merchandise,MODERN CHRISTMAS TREE CANDLE,2,Descriptive catalogue item on positive numeric invoice before cutoff; exception codes reviewed separately
20883,unresolved,,0,No descriptive positive-purchase evidence before cutoff
20884,merchandise,MODERN CHRISTMAS TREE CANDLE,3,Descriptive catalogue item on positive numeric invoice before cutoff; exception codes reviewed separately
20885,merchandise,BOX OF 3 PEBBLE CANDLES,1,Descriptive catalogue item on positive numeric invoice before cutoff; exception codes reviewed separately
20886,merchandise,BOX OF 9 PEBBLE CANDLES,326,Descriptive catalogue item on positive numeric invoice before cutoff; exception codes reviewed separately
20887,merchandise,BOX OF 6 PEBBLE CANDLES,8,Descriptive catalogue item on positive numeric invoice before cutoff; exception codes reviewed separately
20888,merchandise,SET 3 JARDIN DE FEMME SCENT CANDLES,19,Descriptive catalogue item on positive numeric invoice before cutoff; exception codes reviewed separately
20889,merchandise,JARDIN DE FEMME SCENTED CANDLE,13,Descriptive catalogue item on positive numeric invoice before cutoff; exception codes reviewed separately
20890,merchandise,SMALL GLASS ROSE SCENTED CANDLE,4,Descriptive catalogue item on positive numeric invoice before cutoff; exception codes reviewed separately
20891,merchandise,LARGE GLASS ROSE SCENTED CANDLE,3,Descriptive catalogue item on positive numeric invoice before cutoff; exception codes reviewed separately
20892,merchandise,SET/3 TALL GLASS CANDLE HOLDER PINK,41,Descriptive catalogue item on positive numeric invoice before cutoff; exception codes reviewed separately
20893,merchandise,HANGING BAUBLE T-LIGHT HOLDER SMALL,85,Descriptive catalogue item on positive numeric invoice before cutoff; exception codes reviewed separately
20894,merchandise,HANGING BAUBLE T-LIGHT HOLDER LARGE,91,Descriptive catalogue item on positive numeric invoice before cutoff; exception codes reviewed separately
20895,merchandise,VINTAGE NOTEBOOK FRENCH LETTER,4,Descriptive catalogue item on positive numeric invoice before cutoff; exception codes reviewed separately
20896,merchandise,VINTAGE NOTEBOOK PINK FLOWER,16,Descriptive catalogue item on positive numeric invoice before cutoff; exception codes reviewed separately
20897,merchandise,VINTAGE NOTEBOOK PARIS DAYS,77,Descriptive catalogue item on positive numeric invoice before cutoff; exception codes reviewed separately
20898,merchandise,VINTAGE NOTEBOOK TRAVELOGUE,55,Descriptive catalogue item on positive numeric invoice before cutoff; exception codes reviewed separately
20899,merchandise,VINTAGE NOTEBOOK RED ROSE,13,Descriptive catalogue item on positive numeric invoice before cutoff; exception codes reviewed separately
20900,unresolved,,0,No descriptive positive-purchase evidence before cutoff
20901,merchandise,VINTAGE KEEPSAKE BOX PINK FLOWER,68,Descriptive catalogue item on positive numeric invoice before cutoff; exception codes reviewed separately
20902,merchandise,VINTAGE KEEPSAKE BOX PARIS DAYS,121,Descriptive catalogue item on positive numeric invoice before cutoff; exception codes reviewed separately
20903,merchandise,VINTAGE KEEPSAKE BOX TRAVELOGUE,87,Descriptive catalogue item on positive numeric invoice before cutoff; exception codes reviewed separately
20904,unresolved,,0,No descriptive positive-purchase evidence before cutoff
20905,merchandise,VINTAGE KEEPSAKE BOX BEAUTY GIRL,4,Descriptive catalogue item on positive numeric invoice before cutoff; exception codes reviewed separately
20906,merchandise,VINTAGE NOTEBOOK BEAUTY GIRL,50,Descriptive catalogue item on positive numeric invoice before cutoff; exception codes reviewed separately
20910,merchandise,VINTAGE PHOTO ALBUM PARIS DAYS,50,Descriptive catalogue item on positive numeric invoice before cutoff; exception codes reviewed separately
20911,unresolved,,0,No descriptive positive-purchase evidence before cutoff
20913,merchandise,SET/5 BLUE SPOTTY LID GLASS BOWLS,43,Descriptive catalogue item on positive numeric invoice before cutoff; exception codes reviewed separately
20914,merchandise,SET/5 RED RETROSPOT LID GLASS BOWLS,1187,Descriptive catalogue item on positive numeric invoice before cutoff; exception codes reviewed separately
20931,merchandise,BLUE POT PLANT CANDLE,152,Descriptive catalogue item on positive numeric invoice before cutoff; exception codes reviewed separately
20932,merchandise,PINK POT PLANT CANDLE,77,Descriptive catalogue item on positive numeric invoice before cutoff; exception codes reviewed separately
20933,merchandise,YELLOW POT PLANT CANDLE,52,Descriptive catalogue item on positive numeric invoice before cutoff; exception codes reviewed separately
20934,merchandise,SET/3 POT PLANT CANDLES,76,Descriptive catalogue item on positive numeric invoice before cutoff; exception codes reviewed separately
20935,merchandise,ROUND CACTUS CANDLE,49,Descriptive catalogue item on positive numeric invoice before cutoff; exception codes reviewed separately
20936,merchandise,FORKED CACTUS CANDLE,77,Descriptive catalogue item on positive numeric invoice before cutoff; exception codes reviewed separately
20937,unresolved,,0,No descriptive positive-purchase evidence before cutoff
20938,unresolved,,0,No descriptive positive-purchase evidence before cutoff
20939,merchandise,ORANGE CANDLE,1,Descriptive catalogue item on positive numeric invoice before cutoff; exception codes reviewed separately
20940,merchandise,SET/6 GARDEN GNOME T-LIGHT CANDLES,22,Descriptive catalogue item on positive numeric invoice before cutoff; exception codes reviewed separately
20941,merchandise,FROG CANDLE,126,Descriptive catalogue item on positive numeric invoice before cutoff; exception codes reviewed separately
20942,merchandise,SET/6 GINGERBREAD TREE T-LIGHTS,4,Descriptive catalogue item on positive numeric invoice before cutoff; exception codes reviewed separately
20943,merchandise,SET/6 GINGERBREAD STAR T-LIGHTS,73,Descriptive catalogue item on positive numeric invoice before cutoff; exception codes reviewed separately
20944,unresolved,,0,No descriptive positive-purchase evidence before cutoff
20946,unresolved,,0,No descriptive positive-purchase evidence before cutoff
20950,merchandise,SET/6  ANGEL T-LIGHTS WHITE/GOLD,84,Descriptive catalogue item on positive numeric invoice before cutoff; exception codes reviewed separately
20951,unresolved,,0,No descriptive positive-purchase evidence before cutoff
20952,merchandise,PORCELAIN CHERUB BELL SMALL,25,Descriptive catalogue item on positive numeric invoice before cutoff; exception codes reviewed separately
20953,merchandise,PORCELAIN CHERUB BELL LARGE,9,Descriptive catalogue item on positive numeric invoice before cutoff; exception codes reviewed separately
20954,merchandise,*USB Office Mirror Ball,3,Descriptive catalogue item on positive numeric invoice before cutoff; exception codes reviewed separately
20955,unresolved,,0,No descriptive positive-purchase evidence before cutoff
20956,merchandise,PORCELAIN T-LIGHT HOLDERS ASSORTED,253,Descriptive catalogue item on positive numeric invoice before cutoff; exception codes reviewed separately
20957,merchandise,PORCELAIN HANGING BELL SMALL,15,Descriptive catalogue item on positive numeric invoice before cutoff; exception codes reviewed separately
20958,merchandise,PORCELAIN HANGING BELL LARGE,10,Descriptive catalogue item on positive numeric invoice before cutoff; exception codes reviewed separately
20959,unresolved,,0,No descriptive positive-purchase evidence before cutoff
20960,merchandise,WATERMELON BATH SPONGE,220,Descriptive catalogue item on positive numeric invoice before cutoff; exception codes reviewed separately
20961,merchandise,STRAWBERRY BATH SPONGE,538,Descriptive catalogue item on positive numeric invoice before cutoff; exception codes reviewed separately
20963,merchandise,APPLE BATH SPONGE,530,Descriptive catalogue item on positive numeric invoice before cutoff; exception codes reviewed separately
20964,merchandise,POLYESTER FILLER PAD 60x40cm,6,Descriptive catalogue item on positive numeric invoice before cutoff; exception codes reviewed separately
20965,unresolved,,0,No descriptive positive-purchase evidence before cutoff
20966,merchandise,SANDWICH BATH SPONGE,455,Descriptive catalogue item on positive numeric invoice before cutoff; exception codes reviewed separately
20967,merchandise,GREY FLORAL FELTCRAFT SHOULDER BAG,327,Descriptive catalogue item on positive numeric invoice before cutoff; exception codes reviewed separately
20968,merchandise,GREEN FLORAL FELTCRAFT SHOULDER BAG,20,Descriptive catalogue item on positive numeric invoice before cutoff; exception codes reviewed separately
20969,merchandise,RED FLORAL FELTCRAFT SHOULDER BAG,621,Descriptive catalogue item on positive numeric invoice before cutoff; exception codes reviewed separately
20970,merchandise,PINK FLORAL FELTCRAFT SHOULDER BAG,590,Descriptive catalogue item on positive numeric invoice before cutoff; exception codes reviewed separately
20971,merchandise,PINK BLUE FELT CRAFT TRINKET BOX,1181,Descriptive catalogue item on positive numeric invoice before cutoff; exception codes reviewed separately
20972,merchandise,PINK CREAM FELT CRAFT TRINKET BOX,1432,Descriptive catalogue item on positive numeric invoice before cutoff; exception codes reviewed separately
20973,merchandise,12 PENCIL SMALL TUBE WOODLAND,679,Descriptive catalogue item on positive numeric invoice before cutoff; exception codes reviewed separately
20974,merchandise,12 PENCILS SMALL TUBE SKULL,887,Descriptive catalogue item on positive numeric invoice before cutoff; exception codes reviewed separately
20975,merchandise,12 PENCILS SMALL TUBE RED RETROSPOT,571,Descriptive catalogue item on positive numeric invoice before cutoff; exception codes reviewed separately
20976,merchandise,12 PENCILS SMALL TUBE POSY,77,Descriptive catalogue item on positive numeric invoice before cutoff; exception codes reviewed separately
20977,merchandise,36 PENCILS TUBE WOODLAND,503,Descriptive catalogue item on positive numeric invoice before cutoff; exception codes reviewed separately
20978,merchandise,36 PENCILS TUBE SKULLS,569,Descriptive catalogue item on positive numeric invoice before cutoff; exception codes reviewed separately
20979,merchandise,36 PENCILS TUBE RED RETROSPOT,433,Descriptive catalogue item on positive numeric invoice before cutoff; exception codes reviewed separately
20980,merchandise,36 PENCILS TUBE POSY,60,Descriptive catalogue item on positive numeric invoice before cutoff; exception codes reviewed separately
20981,merchandise,12 PENCILS TALL TUBE WOODLAND,528,Descriptive catalogue item on positive numeric invoice before cutoff; exception codes reviewed separately
20982,merchandise,12 PENCILS TALL TUBE SKULLS,592,Descriptive catalogue item on positive numeric invoice before cutoff; exception codes reviewed separately
20983,merchandise,12 PENCILS TALL TUBE RED RETROSPOT,409,Descriptive catalogue item on positive numeric invoice before cutoff; exception codes reviewed separately
20984,merchandise,12 PENCILS TALL TUBE POSY,260,Descriptive catalogue item on positive numeric invoice before cutoff; exception codes reviewed separately
20985,merchandise,HEART CALCULATOR,303,Descriptive catalogue item on positive numeric invoice before cutoff; exception codes reviewed separately
20986,merchandise,BLUE CALCULATOR RULER,210,Descriptive catalogue item on positive numeric invoice before cutoff; exception codes reviewed separately
20987,merchandise,GEISHA GIRL CHOPSTICKS SET/5,22,Descriptive catalogue item on positive numeric invoice before cutoff; exception codes reviewed separately
20988,merchandise,TRELLIS FLOWER CHOPSTICKS SET/5,9,Descriptive catalogue item on positive numeric invoice before cutoff; exception codes reviewed separately
20989,merchandise,URBAN CHIC CHOPSTICKS SET/5,57,Descriptive catalogue item on positive numeric invoice before cutoff; exception codes reviewed separately
20990,merchandise,SPRING FLOWER CHOPSTICKS SET/5,106,Descriptive catalogue item on positive numeric invoice before cutoff; exception codes reviewed separately
20991,merchandise,JAZZ HEARTS MAGNETIC MEMO PAD,32,Descriptive catalogue item on positive numeric invoice before cutoff; exception codes reviewed separately
20992,merchandise,JAZZ HEARTS PURSE NOTEBOOK,446,Descriptive catalogue item on positive numeric invoice before cutoff; exception codes reviewed separately
20993,merchandise,JAZZ HEARTS MEMO PAD,32,Descriptive catalogue item on positive numeric invoice before cutoff; exception codes reviewed separately
20994,merchandise,JAZZ HEARTS SPIRAL NOTEPAD,12,Descriptive catalogue item on positive numeric invoice before cutoff; exception codes reviewed separately
20995,unresolved,,0,No descriptive positive-purchase evidence before cutoff
20996,merchandise,JAZZ HEARTS ADDRESS BOOK,334,Descriptive catalogue item on positive numeric invoice before cutoff; exception codes reviewed separately
20997,merchandise,ROSE DU SUD CUSHION COVER,79,Descriptive catalogue item on positive numeric invoice before cutoff; exception codes reviewed separately
20998,merchandise,ROSE DU SUD OVEN GLOVE,132,Descriptive catalogue item on positive numeric invoice before cutoff; exception codes reviewed separately
21000,merchandise,ROSE DU SUD COSMETICS BAG,98,Descriptive catalogue item on positive numeric invoice before cutoff; exception codes reviewed separately
21001,merchandise,ROSE DU SUD WASHBAG,95,Descriptive catalogue item on positive numeric invoice before cutoff; exception codes reviewed separately
21002,merchandise,ROSE DU SUD DRAWSTRING BAG,190,Descriptive catalogue item on positive numeric invoice before cutoff; exception codes reviewed separately
21003,merchandise,ROSE DU SUD CUSHION COVER,60,Descriptive catalogue item on positive numeric invoice before cutoff; exception codes reviewed separately
21004,merchandise,ROSE DU SUD CHILDS APRON,53,Descriptive catalogue item on positive numeric invoice before cutoff; exception codes reviewed separately
21005,unresolved,,0,No descriptive positive-purchase evidence before cutoff
21007,merchandise,ETCHED GLASS DROPLET DECORATION,48,Descriptive catalogue item on positive numeric invoice before cutoff; exception codes reviewed separately
21008,merchandise,ETCHED GLASS HEART TREE DECORATION,1,Descriptive catalogue item on positive numeric invoice before cutoff; exception codes reviewed separately
21009,merchandise,ETCHED GLASS STAR TREE DECORATION,107,Descriptive catalogue item on positive numeric invoice before cutoff; exception codes reviewed separately
21010,merchandise,ETCHED GLASS BIRD TREE DECORATION,86,Descriptive catalogue item on positive numeric invoice before cutoff; exception codes reviewed separately
21011,merchandise,GLITTER SNOW PEAR TREE DECORATION,133,Descriptive catalogue item on positive numeric invoice before cutoff; exception codes reviewed separately
21012,merchandise,ANTIQUE ALL GLASS CANDLESTICK,293,Descriptive catalogue item on positive numeric invoice before cutoff; exception codes reviewed separately
21014,merchandise,SWISS CHALET TREE DECORATION,207,Descriptive catalogue item on positive numeric invoice before cutoff; exception codes reviewed separately
21015,merchandise,DARK BIRD HOUSE TREE DECORATION,179,Descriptive catalogue item on positive numeric invoice before cutoff; exception codes reviewed separately
21016,merchandise,LIGHT BIRD HOUSE TREE DECORATION,89,Descriptive catalogue item on positive numeric invoice before cutoff; exception codes reviewed separately
21017,merchandise,RED BIRD HOUSE TREE DECORATION,90,Descriptive catalogue item on positive numeric invoice before cutoff; exception codes reviewed separately
21018,merchandise,BIRD BOX CHRISTMAS TREE DECORATION,50,Descriptive catalogue item on positive numeric invoice before cutoff; exception codes reviewed separately
21019,unresolved,,0,No descriptive positive-purchase evidence before cutoff
21020,unresolved,,0,No descriptive positive-purchase evidence before cutoff
21021,unresolved,,0,No descriptive positive-purchase evidence before cutoff
21022,unresolved,,0,No descriptive positive-purchase evidence before cutoff
21023,unresolved,,0,No descriptive positive-purchase evidence before cutoff
21024,unresolved,,0,No descriptive positive-purchase evidence before cutoff
21025,merchandise,SPACE FROG,82,Descriptive catalogue item on positive numeric invoice before cutoff; exception codes reviewed separately
21026,merchandise,SPACE OWL,129,Descriptive catalogue item on positive numeric invoice before cutoff; exception codes reviewed separately
21027,merchandise,NINJA RABBIT PINK,86,Descriptive catalogue item on positive numeric invoice before cutoff; exception codes reviewed separately
21028,merchandise,NINJA RABBIT BLACK,91,Descriptive catalogue item on positive numeric invoice before cutoff; exception codes reviewed separately
21029,unresolved,,0,No descriptive positive-purchase evidence before cutoff
21030,merchandise,SPACE CADET RED,54,Descriptive catalogue item on positive numeric invoice before cutoff; exception codes reviewed separately
21031,merchandise,SPACE CADET BLACK,42,Descriptive catalogue item on positive numeric invoice before cutoff; exception codes reviewed separately
21032,merchandise,SPACE CADET WHITE,53,Descriptive catalogue item on positive numeric invoice before cutoff; exception codes reviewed separately
21033,merchandise,JUMBO BAG CHARLIE AND LOLA TOYS,589,Descriptive catalogue item on positive numeric invoice before cutoff; exception codes reviewed separately
21034,merchandise,REX CASH+CARRY JUMBO SHOPPER,2145,Descriptive catalogue item on positive numeric invoice before cutoff; exception codes reviewed separately
21035,merchandise,SET/2 RED RETROSPOT TEA TOWELS,527,Descriptive catalogue item on positive numeric invoice before cutoff; exception codes reviewed separately
21036,merchandise,SET/2 TEA TOWELS MODERN VINTAGE,1,Descriptive catalogue item on positive numeric invoice before cutoff; exception codes reviewed separately
21038,merchandise,SET/4 MODERN VINTAGE COTTON NAPKINS,54,Descriptive catalogue item on positive numeric invoice before cutoff; exception codes reviewed separately
21039,merchandise,RED RETROSPOT SHOPPING BAG,116,Descriptive catalogue item on positive numeric invoice before cutoff; exception codes reviewed separately
21040,merchandise,MODERN VINTAGE COTTON SHOPPING BAG,70,Descriptive catalogue item on positive numeric invoice before cutoff; exception codes reviewed separately
21041,merchandise,RED RETROSPOT OVEN GLOVE DOUBLE,384,Descriptive catalogue item on positive numeric invoice before cutoff; exception codes reviewed separately
21042,merchandise,RED RETROSPOT APRON,212,Descriptive catalogue item on positive numeric invoice before cutoff; exception codes reviewed separately
21043,merchandise,APRON MODERN VINTAGE COTTON,142,Descriptive catalogue item on positive numeric invoice before cutoff; exception codes reviewed separately
21047,unresolved,,0,No descriptive positive-purchase evidence before cutoff
21048,unresolved,,0,No descriptive positive-purchase evidence before cutoff
21051,merchandise,RIBBONS PURSE,130,Descriptive catalogue item on positive numeric invoice before cutoff; exception codes reviewed separately
21052,unresolved,,0,No descriptive positive-purchase evidence before cutoff
21053,unresolved,,0,No descriptive positive-purchase evidence before cutoff
21054,merchandise,NURSE'S BAG SOFT TOY,190,Descriptive catalogue item on positive numeric invoice before cutoff; exception codes reviewed separately
21055,merchandise,TOOL BOX SOFT TOY,232,Descriptive catalogue item on positive numeric invoice before cutoff; exception codes reviewed separately
21056,merchandise,DOCTOR'S BAG SOFT TOY,194,Descriptive catalogue item on positive numeric invoice before cutoff; exception codes reviewed separately
21057,unresolved,,0,No descriptive positive-purchase evidence before cutoff
21058,merchandise,PARTY INVITES WOODLAND,285,Descriptive catalogue item on positive numeric invoice before cutoff; exception codes reviewed separately
21059,merchandise,PARTY INVITES DINOSAURS,221,Descriptive catalogue item on positive numeric invoice before cutoff; exception codes reviewed separately
21060,merchandise,PARTY INVITES BALLOON GIRL,149,Descriptive catalogue item on positive numeric invoice before cutoff; exception codes reviewed separately
21061,merchandise,PARTY INVITES FOOTBALL,167,Descriptive catalogue item on positive numeric invoice before cutoff; exception codes reviewed separately
21062,merchandise,PARTY INVITES SPACEMAN,139,Descriptive catalogue item on positive numeric invoice before cutoff; exception codes reviewed separately
21063,merchandise,PARTY INVITES JAZZ HEARTS,237,Descriptive catalogue item on positive numeric invoice before cutoff; exception codes reviewed separately
21064,merchandise,BOOM BOX SPEAKER BOYS,164,Descriptive catalogue item on positive numeric invoice before cutoff; exception codes reviewed separately
21065,merchandise,BOOM BOX SPEAKER GIRLS,114,Descriptive catalogue item on positive numeric invoice before cutoff; exception codes reviewed separately
21066,merchandise,VINTAGE RED MUG,134,Descriptive catalogue item on positive numeric invoice before cutoff; exception codes reviewed separately
21067,merchandise,VINTAGE RED TEATIME MUG,279,Descriptive catalogue item on positive numeric invoice before cutoff; exception codes reviewed separately
21068,merchandise,VINTAGE BILLBOARD LOVE/HATE MUG,394,Descriptive catalogue item on positive numeric invoice before cutoff; exception codes reviewed separately
21069,merchandise,VINTAGE BILLBOARD TEA MUG,296,Descriptive catalogue item on positive numeric invoice before cutoff; exception codes reviewed separately
21070,merchandise,VINTAGE BILLBOARD MUG,236,Descriptive catalogue item on positive numeric invoice before cutoff; exception codes reviewed separately
21071,merchandise,VINTAGE BILLBOARD DRINK ME MUG,513,Descriptive catalogue item on positive numeric invoice before cutoff; exception codes reviewed separately
21076,merchandise,SET/20 COLLAGE PAPER NAPKIN,95,Descriptive catalogue item on positive numeric invoice before cutoff; exception codes reviewed separately
21077,merchandise,SET/20 WOODLAND PAPER NAPKINS,198,Descriptive catalogue item on positive numeric invoice before cutoff; exception codes reviewed separately
21078,merchandise,SET/20 STRAWBERRY PAPER NAPKINS,767,Descriptive catalogue item on positive numeric invoice before cutoff; exception codes reviewed separately
21080,merchandise,SET/20 RED RETROSPOT PAPER NAPKINS,1234,Descriptive catalogue item on positive numeric invoice before cutoff; exception codes reviewed separately
21081,merchandise,SET/20 POSIES PAPER NAPKINS,4,Descriptive catalogue item on positive numeric invoice before cutoff; exception codes reviewed separately
21082,merchandise,SET/20 FRUIT SALAD PAPER NAPKINS,167,Descriptive catalogue item on positive numeric invoice before cutoff; exception codes reviewed separately
21083,unresolved,,0,No descriptive positive-purchase evidence before cutoff
21084,merchandise,SET/6 COLLAGE PAPER CUPS,221,Descriptive catalogue item on positive numeric invoice before cutoff; exception codes reviewed separately
21085,merchandise,SET/6 WOODLAND PAPER CUPS,69,Descriptive catalogue item on positive numeric invoice before cutoff; exception codes reviewed separately
21086,merchandise,SET/6 RED SPOTTY PAPER CUPS,869,Descriptive catalogue item on positive numeric invoice before cutoff; exception codes reviewed separately
21087,merchandise,SET/6 POSIES PAPER CUPS,33,Descriptive catalogue item on positive numeric invoice before cutoff; exception codes reviewed separately
21088,merchandise,SET/6 FRUIT SALAD PAPER CUPS,135,Descriptive catalogue item on positive numeric invoice before cutoff; exception codes reviewed separately
21089,merchandise,SET/6 GREEN SPRING PAPER CUPS,41,Descriptive catalogue item on positive numeric invoice before cutoff; exception codes reviewed separately
21090,merchandise,SET/6 COLLAGE PAPER PLATES,278,Descriptive catalogue item on positive numeric invoice before cutoff; exception codes reviewed separately
21091,merchandise,SET/6 WOODLAND PAPER PLATES,48,Descriptive catalogue item on positive numeric invoice before cutoff; exception codes reviewed separately
21092,merchandise,SET/6 STRAWBERRY PAPER PLATES,28,Descriptive catalogue item on positive numeric invoice before cutoff; exception codes reviewed separately
21094,merchandise,SET/6 RED SPOTTY PAPER PLATES,1002,Descriptive catalogue item on positive numeric invoice before cutoff; exception codes reviewed separately
21095,merchandise,SET/6 POSIES PAPER PLATES,42,Descriptive catalogue item on positive numeric invoice before cutoff; exception codes reviewed separately
21096,merchandise,SET/6 FRUIT SALAD  PAPER PLATES,143,Descriptive catalogue item on positive numeric invoice before cutoff; exception codes reviewed separately
21097,merchandise,SET/6 GREEN SPRING  PAPER PLATE,8,Descriptive catalogue item on positive numeric invoice before cutoff; exception codes reviewed separately
21098,merchandise,CHRISTMAS TOILET ROLL,649,Descriptive catalogue item on positive numeric invoice before cutoff; exception codes reviewed separately
21099,merchandise,SET/6 STRAWBERRY PAPER CUPS,36,Descriptive catalogue item on positive numeric invoice before cutoff; exception codes reviewed separately
21100,merchandise,CHARLIE AND LOLA CHARLOTTE BAG,280,Descriptive catalogue item on positive numeric invoice before cutoff; exception codes reviewed separately
21102,merchandise,"CANDLE IN JAR COLLAGE , VANILLA",20,Descriptive catalogue item on positive numeric invoice before cutoff; exception codes reviewed separately
21104,unresolved,,0,No descriptive positive-purchase evidence before cutoff
21106,merchandise,CREAM SLICE FLANNEL CHOCOLATE SPOT,174,Descriptive catalogue item on positive numeric invoice before cutoff; exception codes reviewed separately
21107,merchandise,CREAM SLICE FLANNEL PINK SPOT,339,Descriptive catalogue item on positive numeric invoice before cutoff; exception codes reviewed separately
21108,merchandise,FAIRY CAKE FLANNEL ASSORTED COLOUR,626,Descriptive catalogue item on positive numeric invoice before cutoff; exception codes reviewed separately
21109,merchandise,"LARGE CAKE TOWEL, CHOCOLATE SPOTS",128,Descriptive catalogue item on positive numeric invoice before cutoff; exception codes reviewed separately
21110,merchandise,LARGE CAKE TOWEL PINK SPOTS,341,Descriptive catalogue item on positive numeric invoice before cutoff; exception codes reviewed separately
21111,merchandise,"SWISS ROLL TOWEL, CHOCOLATE  SPOTS",213,Descriptive catalogue item on positive numeric invoice before cutoff; exception codes reviewed separately
21112,merchandise,"SWISS ROLL TOWEL, PINK  SPOTS",157,Descriptive catalogue item on positive numeric invoice before cutoff; exception codes reviewed separately
21113,unresolved,,0,No descriptive positive-purchase evidence before cutoff
21114,merchandise,LAVENDER SCENTED FABRIC HEART,522,Descriptive catalogue item on positive numeric invoice before cutoff; exception codes reviewed separately
21115,merchandise,ROSE CARAVAN DOORSTOP,412,Descriptive catalogue item on positive numeric invoice before cutoff; exception codes reviewed separately
21116,merchandise,OWL DOORSTOP,550,Descriptive catalogue item on positive numeric invoice before cutoff; exception codes reviewed separately
21117,merchandise,BLOND DOLL DOORSTOP,29,Descriptive catalogue item on positive numeric invoice before cutoff; exception codes reviewed separately
21118,merchandise,SHOPPING BAG DOORSTOP,7,Descriptive catalogue item on positive numeric invoice before cutoff; exception codes reviewed separately
21119,merchandise,Glow In The Dark Shot Glasses,3,Descriptive catalogue item on positive numeric invoice before cutoff; exception codes reviewed separately
21120,merchandise,*Boombox Ipod Classic,2,Descriptive catalogue item on positive numeric invoice before cutoff; exception codes reviewed separately
21121,merchandise,SET/10 RED POLKADOT PARTY CANDLES,501,Descriptive catalogue item on positive numeric invoice before cutoff; exception codes reviewed separately
21122,merchandise,SET/10 PINK POLKADOT PARTY CANDLES,438,Descriptive catalogue item on positive numeric invoice before cutoff; exception codes reviewed separately
21123,merchandise,SET/10 IVORY POLKADOT PARTY CANDLES,168,Descriptive catalogue item on positive numeric invoice before cutoff; exception codes reviewed separately
21124,merchandise,SET/10 BLUE SPOTTY PARTY CANDLES,333,Descriptive catalogue item on positive numeric invoice before cutoff; exception codes reviewed separately
21125,merchandise,SET 6 FOOTBALL CELEBRATION CANDLES,257,Descriptive catalogue item on positive numeric invoice before cutoff; exception codes reviewed separately
21126,merchandise,SET OF 6 GIRLS CELEBRATION CANDLES,287,Descriptive catalogue item on positive numeric invoice before cutoff; exception codes reviewed separately
21127,merchandise,COLOURFUL FISHING GNOME,51,Descriptive catalogue item on positive numeric invoice before cutoff; exception codes reviewed separately
21128,merchandise,GOLD FISHING GNOME,58,Descriptive catalogue item on positive numeric invoice before cutoff; exception codes reviewed separately
21129,merchandise,SILVER FISHING GNOME,62,Descriptive catalogue item on positive numeric invoice before cutoff; exception codes reviewed separately
21130,merchandise,COLOURFUL STANDING GNOME,50,Descriptive catalogue item on positive numeric invoice before cutoff; exception codes reviewed separately
21131,merchandise,GOLD STANDING GNOME,48,Descriptive catalogue item on positive numeric invoice before cutoff; exception codes reviewed separately
21132,merchandise,SILVER STANDING GNOME,47,Descriptive catalogue item on positive numeric invoice before cutoff; exception codes reviewed separately
21133,merchandise,PAINTED BIRD ASSORTED CHRISTMAS,44,Descriptive catalogue item on positive numeric invoice before cutoff; exception codes reviewed separately
21134,merchandise,VICTORIAN METAL POSTCARD CHRISTMAS,49,Descriptive catalogue item on positive numeric invoice before cutoff; exception codes reviewed separately
21135,merchandise,VICTORIAN  METAL POSTCARD SPRING,422,Descriptive catalogue item on positive numeric invoice before cutoff; exception codes reviewed separately
21136,merchandise,PAINTED METAL PEARS ASSORTED,761,Descriptive catalogue item on positive numeric invoice before cutoff; exception codes reviewed separately
21137,merchandise,BLACK RECORD COVER FRAME,618,Descriptive catalogue item on positive numeric invoice before cutoff; exception codes reviewed separately
21143,merchandise,ANTIQUE GLASS HEART DECORATION,212,Descriptive catalogue item on positive numeric invoice before cutoff; exception codes reviewed separately
21144,merchandise,PINK POODLE HANGING DECORATION,62,Descriptive catalogue item on positive numeric invoice before cutoff; exception codes reviewed separately
21145,merchandise,ANTIQUE GLASS PLACE SETTING,49,Descriptive catalogue item on positive numeric invoice before cutoff; exception codes reviewed separately
21146,merchandise,ANTIQUE GLASS RIDGED HANGING BALL,59,Descriptive catalogue item on positive numeric invoice before cutoff; exception codes reviewed separately
21147,merchandise,JINGLE BELLS TREE DECORATION,125,Descriptive catalogue item on positive numeric invoice before cutoff; exception codes reviewed separately
21148,unresolved,,0,No descriptive positive-purchase evidence before cutoff
21153,merchandise,RED SPOTTY TABLECLOTH,139,Descriptive catalogue item on positive numeric invoice before cutoff; exception codes reviewed separately
21154,merchandise,RED RETROSPOT OVEN GLOVE,583,Descriptive catalogue item on positive numeric invoice before cutoff; exception codes reviewed separately
21155,merchandise,RED RETROSPOT PEG BAG,614,Descriptive catalogue item on positive numeric invoice before cutoff; exception codes reviewed separately
21156,merchandise,RETROSPOT CHILDRENS APRON,648,Descriptive catalogue item on positive numeric invoice before cutoff; exception codes reviewed separately
21157,merchandise,RED SPOTTY WASHBAG,133,Descriptive catalogue item on positive numeric invoice before cutoff; exception codes reviewed separately
21158,merchandise,MOODY GIRL DOOR HANGER,325,Descriptive catalogue item on positive numeric invoice before cutoff; exception codes reviewed separately
21159,merchandise,MOODY BOY  DOOR HANGER,248,Descriptive catalogue item on positive numeric invoice before cutoff; exception codes reviewed separately
21160,merchandise,KEEP OUT GIRLS DOOR HANGER,59,Descriptive catalogue item on positive numeric invoice before cutoff; exception codes reviewed separately
21161,merchandise,KEEP OUT BOYS DOOR HANGER,218,Descriptive catalogue item on positive numeric invoice before cutoff; exception codes reviewed separately
21162,merchandise,TOXIC AREA  DOOR HANGER,278,Descriptive catalogue item on positive numeric invoice before cutoff; exception codes reviewed separately
21163,merchandise,DO NOT TOUCH MY STUFF DOOR HANGER,282,Descriptive catalogue item on positive numeric invoice before cutoff; exception codes reviewed separately
21164,merchandise,HOME SWEET HOME METAL SIGN,730,Descriptive catalogue item on positive numeric invoice before cutoff; exception codes reviewed separately
21165,merchandise,BEWARE OF THE CAT METAL SIGN,996,Descriptive catalogue item on positive numeric invoice before cutoff; exception codes reviewed separately
21166,merchandise,COOK WITH WINE METAL SIGN,1436,Descriptive catalogue item on positive numeric invoice before cutoff; exception codes reviewed separately
21167,merchandise,WHITE SAGE INCENSE,114,Descriptive catalogue item on positive numeric invoice before cutoff; exception codes reviewed separately
21169,merchandise,YOU'RE CONFUSING ME METAL SIGN,794,Descriptive catalogue item on positive numeric invoice before cutoff; exception codes reviewed separately
21170,unresolved,,0,No descriptive positive-purchase evidence before cutoff
21171,merchandise,BATHROOM METAL SIGN,264,Descriptive catalogue item on positive numeric invoice before cutoff; exception codes reviewed separately
21172,merchandise,PARTY METAL SIGN,994,Descriptive catalogue item on positive numeric invoice before cutoff; exception codes reviewed separately
21173,merchandise,LOO ROLL  METAL SIGN,79,Descriptive catalogue item on positive numeric invoice before cutoff; exception codes reviewed separately
21174,merchandise,POTTERING IN THE SHED METAL SIGN,1145,Descriptive catalogue item on positive numeric invoice before cutoff; exception codes reviewed separately
21175,merchandise,GIN + TONIC DIET METAL SIGN,1666,Descriptive catalogue item on positive numeric invoice before cutoff; exception codes reviewed separately
21176,unresolved,,0,No descriptive positive-purchase evidence before cutoff
21177,unresolved,,0,No descriptive positive-purchase evidence before cutoff
21179,merchandise,NO JUNK MAIL METAL SIGN,529,Descriptive catalogue item on positive numeric invoice before cutoff; exception codes reviewed separately
21181,merchandise,PLEASE ONE PERSON METAL SIGN,1661,Descriptive catalogue item on positive numeric invoice before cutoff; exception codes reviewed separately
21182,unresolved,,0,No descriptive positive-purchase evidence before cutoff
21183,unresolved,,0,No descriptive positive-purchase evidence before cutoff
21185,merchandise,HOME SWEET HOME  BLACKBOARD,44,Descriptive catalogue item on positive numeric invoice before cutoff; exception codes reviewed separately
21186,merchandise,WHITE DOVE HONEYCOMB PAPER GARLAND,380,Descriptive catalogue item on positive numeric invoice before cutoff; exception codes reviewed separately
21187,merchandise,WHITE BELL HONEYCOMB PAPER GARLAND,161,Descriptive catalogue item on positive numeric invoice before cutoff; exception codes reviewed separately
21188,merchandise,3D HEARTS  HONEYCOMB PAPER GARLAND,135,Descriptive catalogue item on positive numeric invoice before cutoff; exception codes reviewed separately
21189,merchandise,WHITE HONEYCOMB PAPER GARLAND,119,Descriptive catalogue item on positive numeric invoice before cutoff; exception codes reviewed separately
21190,merchandise,PINK HEARTS PAPER GARLAND,118,Descriptive catalogue item on positive numeric invoice before cutoff; exception codes reviewed separately
21191,merchandise,LARGE WHITE HONEYCOMB PAPER BELL,208,Descriptive catalogue item on positive numeric invoice before cutoff; exception codes reviewed separately
21192,merchandise,WHITE BELL HONEYCOMB PAPER,243,Descriptive catalogue item on positive numeric invoice before cutoff; exception codes reviewed separately
21193,merchandise,WHITE HONEYCOMB PAPER FAN,23,Descriptive catalogue item on positive numeric invoice before cutoff; exception codes reviewed separately
21194,merchandise,PINK  HONEYCOMB PAPER FAN,94,Descriptive catalogue item on positive numeric invoice before cutoff; exception codes reviewed separately
21195,merchandise,PINK  HONEYCOMB PAPER BALL,156,Descriptive catalogue item on positive numeric invoice before cutoff; exception codes reviewed separately
21196,merchandise,ROUND WHITE CONFETTI IN TUBE,23,Descriptive catalogue item on positive numeric invoice before cutoff; exception codes reviewed separately
21197,merchandise,MULTICOLOUR  CONFETTI IN TUBE,47,Descriptive catalogue item on positive numeric invoice before cutoff; exception codes reviewed separately
21198,merchandise,WHITE HEART CONFETTI IN TUBE,119,Descriptive catalogue item on positive numeric invoice before cutoff; exception codes reviewed separately
21199,merchandise,PINK  HEART CONFETTI IN TUBE,149,Descriptive catalogue item on positive numeric invoice before cutoff; exception codes reviewed separately
21200,merchandise,MULTICOLOUR HONEYCOMB PAPER GARLAND,128,Descriptive catalogue item on positive numeric invoice before cutoff; exception codes reviewed separately
21201,merchandise,TROPICAL  HONEYCOMB PAPER GARLAND,242,Descriptive catalogue item on positive numeric invoice before cutoff; exception codes reviewed separately
21202,merchandise,DOLLY HONEYCOMB GARLAND,69,Descriptive catalogue item on positive numeric invoice before cutoff; exception codes reviewed separately
21203,merchandise,BUTTERFLIES  HONEYCOMB GARLAND,149,Descriptive catalogue item on positive numeric invoice before cutoff; exception codes reviewed separately
21204,merchandise,DAISIES  HONEYCOMB GARLAND,205,Descriptive catalogue item on positive numeric invoice before cutoff; exception codes reviewed separately
21205,merchandise,MULTICOLOUR 3D BALLS GARLAND,157,Descriptive catalogue item on positive numeric invoice before cutoff; exception codes reviewed separately
21206,merchandise,STRAWBERRY HONEYCOMB  GARLAND,244,Descriptive catalogue item on positive numeric invoice before cutoff; exception codes reviewed separately
21207,merchandise,SKULL AND CROSSBONES  GARLAND,285,Descriptive catalogue item on positive numeric invoice before cutoff; exception codes reviewed separately
21208,merchandise,PASTEL COLOUR HONEYCOMB FAN,118,Descriptive catalogue item on positive numeric invoice before cutoff; exception codes reviewed separately
21209,merchandise,MULTICOLOUR HONEYCOMB FAN,134,Descriptive catalogue item on positive numeric invoice before cutoff; exception codes reviewed separately
21210,merchandise,SET OF 72 RETROSPOT PAPER  DOILIES,623,Descriptive catalogue item on positive numeric invoice before cutoff; exception codes reviewed separately
21211,merchandise,SET OF 72 SKULL PAPER  DOILIES,244,Descriptive catalogue item on positive numeric invoice before cutoff; exception codes reviewed separately
21212,merchandise,PACK OF 72 RETROSPOT CAKE CASES,1797,Descriptive catalogue item on positive numeric invoice before cutoff; exception codes reviewed separately
21213,merchandise,PACK OF 72 SKULL CAKE CASES,1533,Descriptive catalogue item on positive numeric invoice before cutoff; exception codes reviewed separately
21214,merchandise,SET OF 72 IVORY PAPER DOILIES,203,Descriptive catalogue item on positive numeric invoice before cutoff; exception codes reviewed separately
21215,merchandise,IVORY PAPER CUP CAKE CASES,303,Descriptive catalogue item on positive numeric invoice before cutoff; exception codes reviewed separately
21216,merchandise,"SET 3 RETROSPOT TEA,COFFEE,SUGAR",510,Descriptive catalogue item on positive numeric invoice before cutoff; exception codes reviewed separately
21217,merchandise,RED RETROSPOT ROUND CAKE TINS,484,Descriptive catalogue item on positive numeric invoice before cutoff; exception codes reviewed separately
21218,merchandise,RED SPOTTY BISCUIT TIN,913,Descriptive catalogue item on positive numeric invoice before cutoff; exception codes reviewed separately
21219,merchandise,SET/4 BADGES BALLOON GIRL,179,Descriptive catalogue item on positive numeric invoice before cutoff; exception codes reviewed separately
21220,merchandise,SET/4 BADGES DOGS,159,Descriptive catalogue item on positive numeric invoice before cutoff; exception codes reviewed separately
21221,merchandise,SET/4 BADGES CUTE CREATURES,110,Descriptive catalogue item on positive numeric invoice before cutoff; exception codes reviewed separately
21222,merchandise,SET/4 BADGES BEETLES,134,Descriptive catalogue item on positive numeric invoice before cutoff; exception codes reviewed separately
21223,merchandise,SET/4 BADGES WOODLAND ANIMAL,47,Descriptive catalogue item on positive numeric invoice before cutoff; exception codes reviewed separately
21224,merchandise,SET/4 SKULL BADGES,317,Descriptive catalogue item on positive numeric invoice before cutoff; exception codes reviewed separately
21225,merchandise,POCKET MIRROR BUTTERFLY,2,Descriptive catalogue item on positive numeric invoice before cutoff; exception codes reviewed separately
21226,merchandise,POCKET MIRROR WOODLAND,41,Descriptive catalogue item on positive numeric invoice before cutoff; exception codes reviewed separately
21227,unresolved,,0,No descriptive positive-purchase evidence before cutoff
21228,merchandise,"POCKET MIRROR ""GLAMOROUS""",32,Descriptive catalogue item on positive numeric invoice before cutoff; exception codes reviewed separately
21231,merchandise,SWEETHEART CERAMIC TRINKET BOX,1552,Descriptive catalogue item on positive numeric invoice before cutoff; exception codes reviewed separately
21232,merchandise,STRAWBERRY CERAMIC TRINKET BOX,2426,Descriptive catalogue item on positive numeric invoice before cutoff; exception codes reviewed separately
21236,unresolved,,0,No descriptive positive-purchase evidence before cutoff
21238,merchandise,RED RETROSPOT CUP,477,Descriptive catalogue item on positive numeric invoice before cutoff; exception codes reviewed separately
21239,merchandise,PINK  POLKADOT CUP,388,Descriptive catalogue item on positive numeric invoice before cutoff; exception codes reviewed separately
21240,merchandise,BLUE POLKADOT CUP,405,Descriptive catalogue item on positive numeric invoice before cutoff; exception codes reviewed separately
21241,merchandise,GREEN SPOTTY CUP,253,Descriptive catalogue item on positive numeric invoice before cutoff; exception codes reviewed separately
21242,merchandise,RED RETROSPOT PLATE,371,Descriptive catalogue item on positive numeric invoice before cutoff; exception codes reviewed separately
21243,merchandise,PINK  POLKADOT PLATE,245,Descriptive catalogue item on positive numeric invoice before cutoff; exception codes reviewed separately
21244,merchandise,BLUE POLKADOT PLATE,247,Descriptive catalogue item on positive numeric invoice before cutoff; exception codes reviewed separately
21245,merchandise,GREEN POLKADOT PLATE,162,Descriptive catalogue item on positive numeric invoice before cutoff; exception codes reviewed separately
21246,merchandise,RED RETROSPOT BIG BOWL,109,Descriptive catalogue item on positive numeric invoice before cutoff; exception codes reviewed separately
21247,merchandise,SET OF RED SALAD SERVERS,82,Descriptive catalogue item on positive numeric invoice before cutoff; exception codes reviewed separately
21248,merchandise,DOOR HANGER  MUM + DADS ROOM,161,Descriptive catalogue item on positive numeric invoice before cutoff; exception codes reviewed separately
21249,merchandise,WOODLAND  HEIGHT CHART STICKERS,265,Descriptive catalogue item on positive numeric invoice before cutoff; exception codes reviewed separately
21250,merchandise,SET OF SKULL WALL STICKERS,61,Descriptive catalogue item on positive numeric invoice before cutoff; exception codes reviewed separately
21251,merchandise,DINOSAUR HEIGHT CHART STICKER SET,135,Descriptive catalogue item on positive numeric invoice before cutoff; exception codes reviewed separately
21252,merchandise,SET OF MEADOW  FLOWER STICKERS,22,Descriptive catalogue item on positive numeric invoice before cutoff; exception codes reviewed separately
21253,merchandise,SET OF PICTURE FRAME  STICKERS,125,Descriptive catalogue item on positive numeric invoice before cutoff; exception codes reviewed separately
21254,unresolved,,0,No descriptive positive-purchase evidence before cutoff
21255,merchandise,"FRENCH BOTTLE , LAVENDER",96,Descriptive catalogue item on positive numeric invoice before cutoff; exception codes reviewed separately
21256,merchandise,"FRENCH BOTTLE, BRASSERIE DES ARTIST",65,Descriptive catalogue item on positive numeric invoice before cutoff; exception codes reviewed separately
21257,merchandise,VICTORIAN SEWING BOX MEDIUM,542,Descriptive catalogue item on positive numeric invoice before cutoff; exception codes reviewed separately
21258,merchandise,VICTORIAN SEWING BOX LARGE,549,Descriptive catalogue item on positive numeric invoice before cutoff; exception codes reviewed separately
21259,merchandise,VICTORIAN SEWING BOX SMALL,676,Descriptive catalogue item on positive numeric invoice before cutoff; exception codes reviewed separately
21260,merchandise,FIRST AID TIN,556,Descriptive catalogue item on positive numeric invoice before cutoff; exception codes reviewed separately
21261,merchandise,GREEN GOOSE FEATHER CHRISTMAS TREE,83,Descriptive catalogue item on positive numeric invoice before cutoff; exception codes reviewed separately
21262,merchandise,WHITE GOOSE FEATHER CHRISTMAS TREE,141,Descriptive catalogue item on positive numeric invoice before cutoff; exception codes reviewed separately
21263,merchandise,GREEN GOOSE FEATHER TREE 60CM,56,Descriptive catalogue item on positive numeric invoice before cutoff; exception codes reviewed separately
21264,merchandise,WHITE GOOSE FEATHER TREE 60CM,63,Descriptive catalogue item on positive numeric invoice before cutoff; exception codes reviewed separately
21265,merchandise,PINK GOOSE FEATHER TREE 60CM,33,Descriptive catalogue item on positive numeric invoice before cutoff; exception codes reviewed separately
21266,merchandise,VINTAGE SILVER TINSEL REEL,9,Descriptive catalogue item on positive numeric invoice before cutoff; exception codes reviewed separately
21267,merchandise,VINTAGE PINK TINSEL REEL,10,Descriptive catalogue item on positive numeric invoice before cutoff; exception codes reviewed separately
21268,merchandise,VINTAGE BLUE TINSEL REEL,53,Descriptive catalogue item on positive numeric invoice before cutoff; exception codes reviewed separately
21269,merchandise,ANTIQUE CREAM CUTLERY SHELF,67,Descriptive catalogue item on positive numeric invoice before cutoff; exception codes reviewed separately
21270,merchandise,ANTIQUE CREAM CUTLERY CUPBOARD,52,Descriptive catalogue item on positive numeric invoice before cutoff; exception codes reviewed separately
21272,merchandise,SALLE DE BAIN HOOK,361,Descriptive catalogue item on positive numeric invoice before cutoff; exception codes reviewed separately
21273,unresolved,,0,No descriptive positive-purchase evidence before cutoff
21274,merchandise,EMBOSSED HEART 3 DRAWER SHELF,108,Descriptive catalogue item on positive numeric invoice before cutoff; exception codes reviewed separately
21275,merchandise,ZINC TOP  2 DOOR WOODEN SHELF,57,Descriptive catalogue item on positive numeric invoice before cutoff; exception codes reviewed separately
21276,merchandise,TWO EMBOSSED HEART MINI DRAWERS,29,Descriptive catalogue item on positive numeric invoice before cutoff; exception codes reviewed separately
21277,merchandise,FRENCH STYLE EMBOSSED HEART CABINET,52,Descriptive catalogue item on positive numeric invoice before cutoff; exception codes reviewed separately
21278,merchandise,VINTAGE KITCHEN PRINT PUDDINGS,121,Descriptive catalogue item on positive numeric invoice before cutoff; exception codes reviewed separately
21279,merchandise,VINTAGE KITCHEN PRINT FRUITS,103,Descriptive catalogue item on positive numeric invoice before cutoff; exception codes reviewed separately
21280,merchandise,VINTAGE KITCHEN PRINT VEGETABLES,70,Descriptive catalogue item on positive numeric invoice before cutoff; exception codes reviewed separately
21281,merchandise,VINTAGE KITCHEN PRINT SEAFOOD,71,Descriptive catalogue item on positive numeric invoice before cutoff; exception codes reviewed separately
21282,merchandise,NATURAL BARK CANDLE LARGE,71,Descriptive catalogue item on positive numeric invoice before cutoff; exception codes reviewed separately
21283,merchandise,NATURAL BARK CANDLE SMALL,85,Descriptive catalogue item on positive numeric invoice before cutoff; exception codes reviewed separately
21284,merchandise,RETROSPOT CANDLE  SMALL,71,Descriptive catalogue item on positive numeric invoice before cutoff; exception codes reviewed separately
21285,merchandise,RETROSPOT CANDLE  MEDIUM,49,Descriptive catalogue item on positive numeric invoice before cutoff; exception codes reviewed separately
21286,merchandise,RETRO SPOT CANDLE  LARGE,49,Descriptive catalogue item on positive numeric invoice before cutoff; exception codes reviewed separately
21287,merchandise,SCENTED VELVET LOUNGE CANDLE,94,Descriptive catalogue item on positive numeric invoice before cutoff; exception codes reviewed separately
21288,merchandise,STRIPEY CHOCOLATE NESTING BOXES,223,Descriptive catalogue item on positive numeric invoice before cutoff; exception codes reviewed separately
21289,merchandise,LARGE STRIPES CHOCOLATE GIFT BAG,105,Descriptive catalogue item on positive numeric invoice before cutoff; exception codes reviewed separately
21290,merchandise,LARGE SPOTTY CHOCOLATE GIFT BAG,1,Descriptive catalogue item on positive numeric invoice before cutoff; exception codes reviewed separately
21291,merchandise,SMALL POLKADOT CHOCOLATE GIFT BAG,85,Descriptive catalogue item on positive numeric invoice before cutoff; exception codes reviewed separately
21292,merchandise,SMALL STRIPES CHOCOLATE GIFT BAG,92,Descriptive catalogue item on positive numeric invoice before cutoff; exception codes reviewed separately
21293,merchandise,MIRRORED DOVE WALL DECORATION,85,Descriptive catalogue item on positive numeric invoice before cutoff; exception codes reviewed separately
21294,merchandise,ETCHED GLASS COASTER,144,Descriptive catalogue item on positive numeric invoice before cutoff; exception codes reviewed separately
21295,unresolved,,0,No descriptive positive-purchase evidence before cutoff
21298,merchandise,EDWARDIAN 2 DRAWER WALL CABINET,14,Descriptive catalogue item on positive numeric invoice before cutoff; exception codes reviewed separately
21299,merchandise,EDWARDIAN TOILET ROLL UNIT,34,Descriptive catalogue item on positive numeric invoice before cutoff; exception codes reviewed separately
21300,merchandise,ANTIQUE EDWARDIAN DRESSER,12,Descriptive catalogue item on positive numeric invoice before cutoff; exception codes reviewed separately
21301,unresolved,,0,No descriptive positive-purchase evidence before cutoff
21303,merchandise,FILIGREE WALL MIRROR  ANTIQUE WHITE,30,Descriptive catalogue item on positive numeric invoice before cutoff; exception codes reviewed separately
21304,merchandise,ARCHED GREY MIRROR,18,Descriptive catalogue item on positive numeric invoice before cutoff; exception codes reviewed separately
21306,merchandise,SET/4 DAISY MIRROR MAGNETS,70,Descriptive catalogue item on positive numeric invoice before cutoff; exception codes reviewed separately
21307,merchandise,SET/4 BUTTERFLY MIRROR MAGNETS,76,Descriptive catalogue item on positive numeric invoice before cutoff; exception codes reviewed separately
21308,merchandise,LOUVRE VANITY MIRROR,6,Descriptive catalogue item on positive numeric invoice before cutoff; exception codes reviewed separately
21309,merchandise,LOUVRE CHALKBOARD,5,Descriptive catalogue item on positive numeric invoice before cutoff; exception codes reviewed separately
21310,merchandise,CAPIZ CHANDELIER,4,Descriptive catalogue item on positive numeric invoice before cutoff; exception codes reviewed separately
21311,merchandise,SET/4 BIRD MIRROR MAGNETS,100,Descriptive catalogue item on positive numeric invoice before cutoff; exception codes reviewed separately
21312,merchandise,LARGE CHUNKY GLASS ROMAN BOWL,27,Descriptive catalogue item on positive numeric invoice before cutoff; exception codes reviewed separately
21313,merchandise,GLASS HEART T-LIGHT HOLDER,423,Descriptive catalogue item on positive numeric invoice before cutoff; exception codes reviewed separately
21314,merchandise,SMALL GLASS HEART TRINKET POT,1074,Descriptive catalogue item on positive numeric invoice before cutoff; exception codes reviewed separately
21315,unresolved,,0,No descriptive positive-purchase evidence before cutoff
21316,merchandise,SMALL CHUNKY GLASS ROMAN  BOWL,49,Descriptive catalogue item on positive numeric invoice before cutoff; exception codes reviewed separately
21317,merchandise,GLASS SPHERE CANDLE STAND MEDIUM,75,Descriptive catalogue item on positive numeric invoice before cutoff; exception codes reviewed separately
21318,merchandise,GLASS CHALICE BLUE SMALL,95,Descriptive catalogue item on positive numeric invoice before cutoff; exception codes reviewed separately
21319,merchandise,GLASS CHALICE GREEN  SMALL,66,Descriptive catalogue item on positive numeric invoice before cutoff; exception codes reviewed separately
21320,merchandise,GLASS CHALICE GREEN  LARGE,57,Descriptive catalogue item on positive numeric invoice before cutoff; exception codes reviewed separately
21321,merchandise,GLASS CHALICE BLUE  LARGE,18,Descriptive catalogue item on positive numeric invoice before cutoff; exception codes reviewed separately
21322,merchandise,GLASS SPHERE CANDLE STAND LARGE,14,Descriptive catalogue item on positive numeric invoice before cutoff; exception codes reviewed separately
21323,merchandise,HANGING MEDINA LANTERN LARGE,84,Descriptive catalogue item on positive numeric invoice before cutoff; exception codes reviewed separately
21324,merchandise,HANGING MEDINA LANTERN SMALL,187,Descriptive catalogue item on positive numeric invoice before cutoff; exception codes reviewed separately
21325,unresolved,,0,No descriptive positive-purchase evidence before cutoff
21326,merchandise,AGED GLASS SILVER T-LIGHT HOLDER,669,Descriptive catalogue item on positive numeric invoice before cutoff; exception codes reviewed separately
21327,merchandise,SKULLS WRITING SET,509,Descriptive catalogue item on positive numeric invoice before cutoff; exception codes reviewed separately
21328,merchandise,BALLOONS  WRITING SET,670,Descriptive catalogue item on positive numeric invoice before cutoff; exception codes reviewed separately
21329,merchandise,DINOSAURS  WRITING SET,566,Descriptive catalogue item on positive numeric invoice before cutoff; exception codes reviewed separately
21330,merchandise,WOODLAND ANIMAL  WRITING SET,207,Descriptive catalogue item on positive numeric invoice before cutoff; exception codes reviewed separately
21331,merchandise,MOROCCAN BEATEN METAL DISH LARGE,30,Descriptive catalogue item on positive numeric invoice before cutoff; exception codes reviewed separately
21332,merchandise,MOROCCAN BEATEN METAL MIRROR,50,Descriptive catalogue item on positive numeric invoice before cutoff; exception codes reviewed separately
21333,merchandise,CLASSIC WHITE FRAME,229,Descriptive catalogue item on positive numeric invoice before cutoff; exception codes reviewed separately
21335,merchandise,LIBRARY LAMP,28,Descriptive catalogue item on positive numeric invoice before cutoff; exception codes reviewed separately
21336,merchandise,GOLD WASHBAG,44,Descriptive catalogue item on positive numeric invoice before cutoff; exception codes reviewed separately
21337,merchandise,SILVER WASHBAG,12,Descriptive catalogue item on positive numeric invoice before cutoff; exception codes reviewed separately
21338,merchandise,MARAKESH LANTERN SMALL,14,Descriptive catalogue item on positive numeric invoice before cutoff; exception codes reviewed separately
21339,merchandise,MARAKESH LANTERN LARGE,13,Descriptive catalogue item on positive numeric invoice before cutoff; exception codes reviewed separately
21340,merchandise,CLASSIC METAL BIRDCAGE PLANT HOLDER,428,Descriptive catalogue item on positive numeric invoice before cutoff; exception codes reviewed separately
21341,merchandise,KASBAH LANTERN WITH GLASS,29,Descriptive catalogue item on positive numeric invoice before cutoff; exception codes reviewed separately
21342,unresolved,,0,No descriptive positive-purchase evidence before cutoff
21343,merchandise,GOLD JEWELERY BOX,3,Descriptive catalogue item on positive numeric invoice before cutoff; exception codes reviewed separately
21344,merchandise,MOROCCAN BEATEN METAL DISH,24,Descriptive catalogue item on positive numeric invoice before cutoff; exception codes reviewed separately
21345,unresolved,,0,No descriptive positive-purchase evidence before cutoff
21346,unresolved,,0,No descriptive positive-purchase evidence before cutoff
21347,merchandise,GOTHIC CARRIAGE LANTERN,4,Descriptive catalogue item on positive numeric invoice before cutoff; exception codes reviewed separately
21348,merchandise,PINK SPOTS CHOCOLATE NESTING BOXES,137,Descriptive catalogue item on positive numeric invoice before cutoff; exception codes reviewed separately
21349,merchandise,IVY HEART WREATH,180,Descriptive catalogue item on positive numeric invoice before cutoff; exception codes reviewed separately
21350,merchandise,GINGHAM HEART WREATH,45,Descriptive catalogue item on positive numeric invoice before cutoff; exception codes reviewed separately
21351,merchandise,CINAMMON & ORANGE WREATH,180,Descriptive catalogue item on positive numeric invoice before cutoff; exception codes reviewed separately
21352,merchandise,EUCALYPTUS & PINECONE  WREATH,171,Descriptive catalogue item on positive numeric invoice before cutoff; exception codes reviewed separately
21353,merchandise,SILVER SLEIGHBELL  WREATH,9,Descriptive catalogue item on positive numeric invoice before cutoff; exception codes reviewed separately
21354,merchandise,TOAST ITS - BEST MUM,227,Descriptive catalogue item on positive numeric invoice before cutoff; exception codes reviewed separately
21355,merchandise,TOAST ITS - I LOVE YOU,357,Descriptive catalogue item on positive numeric invoice before cutoff; exception codes reviewed separately
21356,merchandise,TOAST ITS - FAIRY FLOWER,357,Descriptive catalogue item on positive numeric invoice before cutoff; exception codes reviewed separately
21357,merchandise,TOAST ITS - DINOSAUR,225,Descriptive catalogue item on positive numeric invoice before cutoff; exception codes reviewed separately
21358,merchandise,TOAST ITS - HAPPY BIRTHDAY,221,Descriptive catalogue item on positive numeric invoice before cutoff; exception codes reviewed separately
21359,merchandise,RELAX LARGE WOOD LETTERS,78,Descriptive catalogue item on positive numeric invoice before cutoff; exception codes reviewed separately
21360,merchandise,JOY LARGE WOOD LETTERS,103,Descriptive catalogue item on positive numeric invoice before cutoff; exception codes reviewed separately
21361,merchandise,LOVE LARGE WOOD LETTERS,302,Descriptive catalogue item on positive numeric invoice before cutoff; exception codes reviewed separately
21362,unresolved,,0,No descriptive positive-purchase evidence before cutoff
21363,merchandise,HOME SMALL WOOD LETTERS,428,Descriptive catalogue item on positive numeric invoice before cutoff; exception codes reviewed separately
21364,merchandise,PEACE SMALL WOOD LETTERS,173,Descriptive catalogue item on positive numeric invoice before cutoff; exception codes reviewed separately
21365,merchandise,MIRRORED WALL ART STARS,77,Descriptive catalogue item on positive numeric invoice before cutoff; exception codes reviewed separately
21366,merchandise,MIRRORED WALL ART PHOTO FRAMES,80,Descriptive catalogue item on positive numeric invoice before cutoff; exception codes reviewed separately
21367,merchandise,MIRRORED WALL ART GENTS,62,Descriptive catalogue item on positive numeric invoice before cutoff; exception codes reviewed separately
21368,merchandise,MIRRORED WALL ART LADIES,48,Descriptive catalogue item on positive numeric invoice before cutoff; exception codes reviewed separately
21369,merchandise,MIRRORED WALL ART SPLODGES,23,Descriptive catalogue item on positive numeric invoice before cutoff; exception codes reviewed separately
21370,merchandise,MIRRORED WALL ART FOXY,19,Descriptive catalogue item on positive numeric invoice before cutoff; exception codes reviewed separately
21371,merchandise,MIRRORED WALL ART POPPIES,61,Descriptive catalogue item on positive numeric invoice before cutoff; exception codes reviewed separately
21372,merchandise,MIRRORED WALL ART TABLE LAMP,53,Descriptive catalogue item on positive numeric invoice before cutoff; exception codes reviewed separately
21373,merchandise,MIRRORED WALL ART SNOWFLAKES,56,Descriptive catalogue item on positive numeric invoice before cutoff; exception codes reviewed separately
21374,merchandise,MIRRORED WALL ART SKULLS,71,Descriptive catalogue item on positive numeric invoice before cutoff; exception codes reviewed separately
21375,merchandise,LARGE CAMPHOR WOOD FIELD MUSHROOM,62,Descriptive catalogue item on positive numeric invoice before cutoff; exception codes reviewed separately
21376,merchandise,LARGE  TALL CAMPHOR WOOD TOADSTOOL,46,Descriptive catalogue item on positive numeric invoice before cutoff; exception codes reviewed separately
21377,merchandise,SMALL CAMPHOR WOOD FIELD  MUSHROOM,97,Descriptive catalogue item on positive numeric invoice before cutoff; exception codes reviewed separately
21378,merchandise,SMALL TALL CAMPHOR WOOD TOADSTOOL,82,Descriptive catalogue item on positive numeric invoice before cutoff; exception codes reviewed separately
21379,merchandise,CAMPHOR WOOD PORTOBELLO MUSHROOM,123,Descriptive catalogue item on positive numeric invoice before cutoff; exception codes reviewed separately
21380,merchandise,WOODEN HAPPY BIRTHDAY GARLAND,670,Descriptive catalogue item on positive numeric invoice before cutoff; exception codes reviewed separately
21381,merchandise,MINI WOODEN HAPPY BIRTHDAY GARLAND,552,Descriptive catalogue item on positive numeric invoice before cutoff; exception codes reviewed separately
21382,merchandise,SET/4 SPRING FLOWER DECORATION,156,Descriptive catalogue item on positive numeric invoice before cutoff; exception codes reviewed separately
21383,merchandise,PACK OF 12 STICKY BUNNIES,338,Descriptive catalogue item on positive numeric invoice before cutoff; exception codes reviewed separately
21384,merchandise,IVORY HANGING DECORATION  BUTTERFLY,154,Descriptive catalogue item on positive numeric invoice before cutoff; exception codes reviewed separately
21385,merchandise,IVORY HANGING DECORATION  HEART,722,Descriptive catalogue item on positive numeric invoice before cutoff; exception codes reviewed separately
21386,merchandise,IVORY HANGING DECORATION  EGG,110,Descriptive catalogue item on positive numeric invoice before cutoff; exception codes reviewed separately
21387,merchandise,IVORY HANGING DECORATION  RABBIT,4,Descriptive catalogue item on positive numeric invoice before cutoff; exception codes reviewed separately
21388,merchandise,IVORY HANGING DECORATION  CHICKEN,30,Descriptive catalogue item on positive numeric invoice before cutoff; exception codes reviewed separately
21389,merchandise,IVORY HANGING DECORATION  BIRD,270,Descriptive catalogue item on positive numeric invoice before cutoff; exception codes reviewed separately
21390,merchandise,FILIGRIS HEART WITH BUTTERFLY,606,Descriptive catalogue item on positive numeric invoice before cutoff; exception codes reviewed separately
21391,merchandise,FRENCH LAVENDER SCENT HEART,117,Descriptive catalogue item on positive numeric invoice before cutoff; exception codes reviewed separately
21392,merchandise,RED SPOTTY PUDDING BOWL,31,Descriptive catalogue item on positive numeric invoice before cutoff; exception codes reviewed separately
21393,merchandise,BLUE  SPOTTY PUDDING BOWL,28,Descriptive catalogue item on positive numeric invoice before cutoff; exception codes reviewed separately
21394,merchandise,RED POLKADOT BEAKER,134,Descriptive catalogue item on positive numeric invoice before cutoff; exception codes reviewed separately
21395,merchandise,BLUE POLKADOT BEAKER,94,Descriptive catalogue item on positive numeric invoice before cutoff; exception codes reviewed separately
21396,merchandise,RED SPOTTY EGG CUP,78,Descriptive catalogue item on positive numeric invoice before cutoff; exception codes reviewed separately
21397,merchandise,BLUE  SPOTTY EGG CUP,99,Descriptive catalogue item on positive numeric invoice before cutoff; exception codes reviewed separately
21398,merchandise,RED POLKADOT COFFEE  MUG,76,Descriptive catalogue item on positive numeric invoice before cutoff; exception codes reviewed separately
21399,merchandise,BLUE POLKADOT COFFEE MUG,85,Descriptive catalogue item on positive numeric invoice before cutoff; exception codes reviewed separately
21400,merchandise,RED PUDDING SPOON,88,Descriptive catalogue item on positive numeric invoice before cutoff; exception codes reviewed separately
21401,merchandise,BLUE PUDDING SPOON,120,Descriptive catalogue item on positive numeric invoice before cutoff; exception codes reviewed separately
21402,merchandise,RED  EGG  SPOON,148,Descriptive catalogue item on positive numeric invoice before cutoff; exception codes reviewed separately
21403,merchandise,BLUE EGG  SPOON,156,Descriptive catalogue item on positive numeric invoice before cutoff; exception codes reviewed separately
21406,merchandise,SPOTTY CAT DOORSTOP,1,Descriptive catalogue item on positive numeric invoice before cutoff; exception codes reviewed separately
21407,merchandise,BROWN CHECK CAT DOORSTOP,470,Descriptive catalogue item on positive numeric invoice before cutoff; exception codes reviewed separately
21408,merchandise,SPOTTY PINK DUCK DOORSTOP,230,Descriptive catalogue item on positive numeric invoice before cutoff; exception codes reviewed separately
21409,merchandise,SPOTTY COCKEREL DOORSTOP,1,Descriptive catalogue item on positive numeric invoice before cutoff; exception codes reviewed separately
21410,merchandise,COUNTRY COTTAGE  DOORSTOP GREEN,153,Descriptive catalogue item on positive numeric invoice before cutoff; exception codes reviewed separately
21411,merchandise,GINGHAM HEART  DOORSTOP RED,602,Descriptive catalogue item on positive numeric invoice before cutoff; exception codes reviewed separately
21412,merchandise,VINTAGE GOLD TINSEL REEL,76,Descriptive catalogue item on positive numeric invoice before cutoff; exception codes reviewed separately
21413,merchandise,PERIWINKLE T-LIGHT HOLDER,60,Descriptive catalogue item on positive numeric invoice before cutoff; exception codes reviewed separately
21414,merchandise,SCALLOP SHELL SOAP DISH,37,Descriptive catalogue item on positive numeric invoice before cutoff; exception codes reviewed separately
21415,merchandise,CLAM SHELL SMALL,86,Descriptive catalogue item on positive numeric invoice before cutoff; exception codes reviewed separately
21416,merchandise,CLAM SHELL LARGE,25,Descriptive catalogue item on positive numeric invoice before cutoff; exception codes reviewed separately
21417,merchandise,COCKLE SHELL DISH,112,Descriptive catalogue item on positive numeric invoice before cutoff; exception codes reviewed separately
21418,merchandise,STARFISH SOAP DISH,64,Descriptive catalogue item on positive numeric invoice before cutoff; exception codes reviewed separately
21419,merchandise,CONCH SHELL,19,Descriptive catalogue item on positive numeric invoice before cutoff; exception codes reviewed separately
21420,merchandise,OYSTER TRINKET BOX,32,Descriptive catalogue item on positive numeric invoice before cutoff; exception codes reviewed separately
21421,merchandise,PORCELAIN ROSE LARGE,110,Descriptive catalogue item on positive numeric invoice before cutoff; exception codes reviewed separately
21422,merchandise,PORCELAIN ROSE SMALL,152,Descriptive catalogue item on positive numeric invoice before cutoff; exception codes reviewed separately
21424,merchandise,WOODLAND STORAGE BOX LARGE,142,Descriptive catalogue item on positive numeric invoice before cutoff; exception codes reviewed separately
21425,merchandise,SKULLS STORAGE BOX LARGE,94,Descriptive catalogue item on positive numeric invoice before cutoff; exception codes reviewed separately
21426,merchandise,WOODLAND STORAGE BOX SMALL,101,Descriptive catalogue item on positive numeric invoice before cutoff; exception codes reviewed separately
21427,merchandise,SKULLS STORAGE BOX SMALL,126,Descriptive catalogue item on positive numeric invoice before cutoff; exception codes reviewed separately
21428,merchandise,SET3 BOOK BOX GREEN GINGHAM FLOWER,473,Descriptive catalogue item on positive numeric invoice before cutoff; exception codes reviewed separately
21429,merchandise,RED GINGHAM ROSE JEWELLERY BOX,1039,Descriptive catalogue item on positive numeric invoice before cutoff; exception codes reviewed separately
21430,merchandise,SET/3 RED GINGHAM ROSE STORAGE BOX,825,Descriptive catalogue item on positive numeric invoice before cutoff; exception codes reviewed separately
21431,merchandise,GREEN GINGHAM FLOWER JEWELLERY BOX,283,Descriptive catalogue item on positive numeric invoice before cutoff; exception codes reviewed separately
21432,merchandise,SET OF 3 CASES WOODLAND DESIGN,240,Descriptive catalogue item on positive numeric invoice before cutoff; exception codes reviewed separately
21437,merchandise,24 HANGING EASTER EGGS FLORAL TUB,115,Descriptive catalogue item on positive numeric invoice before cutoff; exception codes reviewed separately
21438,merchandise,TUB 24 HANGING EASTER EGGS SPOTTY,38,Descriptive catalogue item on positive numeric invoice before cutoff; exception codes reviewed separately
21439,merchandise,BASKET OF TOADSTOOLS,245,Descriptive catalogue item on positive numeric invoice before cutoff; exception codes reviewed separately
21440,merchandise,12 MINI TOADSTOOL PEGS,103,Descriptive catalogue item on positive numeric invoice before cutoff; exception codes reviewed separately
21441,merchandise,BLUE BIRDHOUSE DECORATION,129,Descriptive catalogue item on positive numeric invoice before cutoff; exception codes reviewed separately
21442,merchandise,GREEN BIRDHOUSE DECORATION,132,Descriptive catalogue item on positive numeric invoice before cutoff; exception codes reviewed separately
21443,merchandise,OLIVE CHALET BIRDFEEDER,27,Descriptive catalogue item on positive numeric invoice before cutoff; exception codes reviewed separately
21444,merchandise,BLUE CHALET BIRDFEEDER,36,Descriptive catalogue item on positive numeric invoice before cutoff; exception codes reviewed separately
21445,merchandise,12 PINK ROSE PEG PLACE SETTINGS,151,Descriptive catalogue item on positive numeric invoice before cutoff; exception codes reviewed separately
21446,merchandise,12 RED ROSE PEG PLACE SETTINGS,247,Descriptive catalogue item on positive numeric invoice before cutoff; exception codes reviewed separately
21447,merchandise,12 IVORY ROSE PEG PLACE SETTINGS,349,Descriptive catalogue item on positive numeric invoice before cutoff; exception codes reviewed separately
21448,merchandise,12 DAISY PEGS IN WOOD BOX,225,Descriptive catalogue item on positive numeric invoice before cutoff; exception codes reviewed separately
21450,merchandise,DISTRESSED CANDLE STICK WHITE,3,Descriptive catalogue item on positive numeric invoice before cutoff; exception codes reviewed separately
21452,merchandise,TOADSTOOL MONEY BOX,431,Descriptive catalogue item on positive numeric invoice before cutoff; exception codes reviewed separately
21454,merchandise,PAINTED PINK RABBIT,197,Descriptive catalogue item on positive numeric invoice before cutoff; exception codes reviewed separately
21455,merchandise,PAINTED YELLOW WOODEN DAISY,169,Descriptive catalogue item on positive numeric invoice before cutoff; exception codes reviewed separately
21456,merchandise,2 PICTURE BOOK EGGS EASTER CHICKS,65,Descriptive catalogue item on positive numeric invoice before cutoff; exception codes reviewed separately
21457,merchandise,2 PICTURE BOOK EGGS EASTER DUCKS,66,Descriptive catalogue item on positive numeric invoice before cutoff; exception codes reviewed separately
21458,merchandise,2 PICTURE BOOK EGGS EASTER BUNNY,88,Descriptive catalogue item on positive numeric invoice before cutoff; exception codes reviewed separately
21459,merchandise,YELLOW EASTER EGG HUNT START POST,44,Descriptive catalogue item on positive numeric invoice before cutoff; exception codes reviewed separately
21460,merchandise,GREEN EASTER EGG HUNT START POST,27,Descriptive catalogue item on positive numeric invoice before cutoff; exception codes reviewed separately
21461,merchandise,BLUE EASTER EGG HUNT START POST,24,Descriptive catalogue item on positive numeric invoice before cutoff; exception codes reviewed separately
21462,merchandise,"NURSERY A,B,C PAINTED LETTERS",168,Descriptive catalogue item on positive numeric invoice before cutoff; exception codes reviewed separately
21463,merchandise,MIRRORED DISCO BALL,307,Descriptive catalogue item on positive numeric invoice before cutoff; exception codes reviewed separately
21464,merchandise,DISCO BALL ROTATOR BATTERY OPERATED,220,Descriptive catalogue item on positive numeric invoice before cutoff; exception codes reviewed separately
21465,merchandise,PINK FLOWER CROCHET FOOD COVER,189,Descriptive catalogue item on positive numeric invoice before cutoff; exception codes reviewed separately
21466,merchandise,RED FLOWER CROCHET FOOD COVER,276,Descriptive catalogue item on positive numeric invoice before cutoff; exception codes reviewed separately
21467,merchandise,CHERRY CROCHET FOOD COVER,260,Descriptive catalogue item on positive numeric invoice before cutoff; exception codes reviewed separately
21468,merchandise,BUTTERFLY CROCHET FOOD COVER,148,Descriptive catalogue item on positive numeric invoice before cutoff; exception codes reviewed separately
21469,merchandise,POLKA DOT RAFFIA FOOD COVER,211,Descriptive catalogue item on positive numeric invoice before cutoff; exception codes reviewed separately
21470,merchandise,FLOWER VINE RAFFIA FOOD COVER,327,Descriptive catalogue item on positive numeric invoice before cutoff; exception codes reviewed separately
21471,merchandise,STRAWBERRY RAFFIA FOOD COVER,319,Descriptive catalogue item on positive numeric invoice before cutoff; exception codes reviewed separately
21472,merchandise,LADYBIRD + BEE RAFFIA FOOD COVER,292,Descriptive catalogue item on positive numeric invoice before cutoff; exception codes reviewed separately
21473,merchandise,SWEETHEART CREAM STEEL TABLE RECT,90,Descriptive catalogue item on positive numeric invoice before cutoff; exception codes reviewed separately
21474,merchandise,SWEETHEART CREAM STEEL FOLDIN BENCH,94,Descriptive catalogue item on positive numeric invoice before cutoff; exception codes reviewed separately
21475,merchandise,SWEETHEART CREAM STEEL FOLDIN CHAIR,1,Descriptive catalogue item on positive numeric invoice before cutoff; exception codes reviewed separately
21476,merchandise,STEEL SWEETHEART ROUND TABLE CREAM,87,Descriptive catalogue item on positive numeric invoice before cutoff; exception codes reviewed separately
21477,merchandise,STRING OF 20 ROSE LIGHTS,45,Descriptive catalogue item on positive numeric invoice before cutoff; exception codes reviewed separately
21478,merchandise,SILVER SKULL HOT WATER BOTTLE,96,Descriptive catalogue item on positive numeric invoice before cutoff; exception codes reviewed separately
21479,merchandise,WHITE SKULL HOT WATER BOTTLE,995,Descriptive catalogue item on positive numeric invoice before cutoff; exception codes reviewed separately
21480,merchandise,PINK STRIPE HOT WATER BOTTLE,59,Descriptive catalogue item on positive numeric invoice before cutoff; exception codes reviewed separately
21481,merchandise,FAWN BLUE HOT WATER BOTTLE,1094,Descriptive catalogue item on positive numeric invoice before cutoff; exception codes reviewed separately
21482,merchandise,MUSHROOM BLUE HOT WATER BOTTLE,189,Descriptive catalogue item on positive numeric invoice before cutoff; exception codes reviewed separately
21484,merchandise,CHICK GREY HOT WATER BOTTLE,901,Descriptive catalogue item on positive numeric invoice before cutoff; exception codes reviewed separately
21485,merchandise,RETROSPOT HEART HOT WATER BOTTLE,973,Descriptive catalogue item on positive numeric invoice before cutoff; exception codes reviewed separately
21486,merchandise,PINK HEART DOTS HOT WATER BOTTLE,310,Descriptive catalogue item on positive numeric invoice before cutoff; exception codes reviewed separately
21487,unresolved,,0,No descriptive positive-purchase evidence before cutoff
21488,merchandise,RED WHITE SCARF  HOT WATER BOTTLE,382,Descriptive catalogue item on positive numeric invoice before cutoff; exception codes reviewed separately
21489,merchandise,BLUE WHITE SCARF HOT WATER BOTTLE,14,Descriptive catalogue item on positive numeric invoice before cutoff; exception codes reviewed separately
21490,merchandise,SET OF THREE 50'S GIFT WRAPS,57,Descriptive catalogue item on positive numeric invoice before cutoff; exception codes reviewed separately
21491,merchandise,SET OF THREE VINTAGE GIFT WRAPS,256,Descriptive catalogue item on positive numeric invoice before cutoff; exception codes reviewed separately
21492,unresolved,,0,No descriptive positive-purchase evidence before cutoff
21493,merchandise,VINTAGE DESIGN GIFT TAGS,30,Descriptive catalogue item on positive numeric invoice before cutoff; exception codes reviewed separately
21494,merchandise,ROTATING LEAVES T-LIGHT HOLDER,512,Descriptive catalogue item on positive numeric invoice before cutoff; exception codes reviewed separately
21495,merchandise,SKULLS AND CROSSBONES WRAP,263,Descriptive catalogue item on positive numeric invoice before cutoff; exception codes reviewed separately
21496,merchandise,WOODLAND CREATURES  WRAP,1,Descriptive catalogue item on positive numeric invoice before cutoff; exception codes reviewed separately
21497,merchandise,FANCY FONTS BIRTHDAY WRAP,480,Descriptive catalogue item on positive numeric invoice before cutoff; exception codes reviewed separately
21498,merchandise,RED RETROSPOT WRAP,437,Descriptive catalogue item on positive numeric invoice before cutoff; exception codes reviewed separately
21499,merchandise,BLUE POLKADOT WRAP,268,Descriptive catalogue item on positive numeric invoice before cutoff; exception codes reviewed separately
21500,merchandise,PINK POLKADOT WRAP,260,Descriptive catalogue item on positive numeric invoice before cutoff; exception codes reviewed separately
21502,unresolved,,0,No descriptive positive-purchase evidence before cutoff
21503,merchandise,TOYBOX  WRAP,64,Descriptive catalogue item on positive numeric invoice before cutoff; exception codes reviewed separately
21504,merchandise,SKULLS GREETING CARD,333,Descriptive catalogue item on positive numeric invoice before cutoff; exception codes reviewed separately
21505,unresolved,,0,No descriptive positive-purchase evidence before cutoff
21506,merchandise,"FANCY FONT BIRTHDAY CARD,",681,Descriptive catalogue item on positive numeric invoice before cutoff; exception codes reviewed separately
21507,merchandise,"ELEPHANT, BIRTHDAY CARD,",494,Descriptive catalogue item on positive numeric invoice before cutoff; exception codes reviewed separately
21508,merchandise,VINTAGE KID DOLLY CARD,540,Descriptive catalogue item on positive numeric invoice before cutoff; exception codes reviewed separately
21509,merchandise,COWBOYS AND INDIANS BIRTHDAY CARD,624,Descriptive catalogue item on positive numeric invoice before cutoff; exception codes reviewed separately
21510,unresolved,,0,No descriptive positive-purchase evidence before cutoff
21511,merchandise,VINTAGE COLLAGE  GREETING  CARD,2,Descriptive catalogue item on positive numeric invoice before cutoff; exception codes reviewed separately
21512,unresolved,,0,No descriptive positive-purchase evidence before cutoff
21514,unresolved,,0,No descriptive positive-purchase evidence before cutoff
21518,merchandise,BANK ACCOUNT  GREETING  CARD,111,Descriptive catalogue item on positive numeric invoice before cutoff; exception codes reviewed separately
21519,merchandise,GIN & TONIC DIET GREETING CARD,559,Descriptive catalogue item on positive numeric invoice before cutoff; exception codes reviewed separately
21520,merchandise,BOOZE & WOMEN GREETING CARD,112,Descriptive catalogue item on positive numeric invoice before cutoff; exception codes reviewed separately
21523,merchandise,DOORMAT FANCY FONT HOME SWEET HOME,723,Descriptive catalogue item on positive numeric invoice before cutoff; exception codes reviewed separately
21524,merchandise,DOORMAT SPOTTY HOME SWEET HOME,760,Descriptive catalogue item on positive numeric invoice before cutoff; exception codes reviewed separately
21525,merchandise,BEWARE OF THE CAT DOORMAT,2,Descriptive catalogue item on positive numeric invoice before cutoff; exception codes reviewed separately
21527,merchandise,RED RETROSPOT TRADITIONAL TEAPOT,608,Descriptive catalogue item on positive numeric invoice before cutoff; exception codes reviewed separately
21528,merchandise,DAIRY MAID TRADITIONAL TEAPOT,266,Descriptive catalogue item on positive numeric invoice before cutoff; exception codes reviewed separately
21529,merchandise,RETRO SPOT CERAMIC TOASTRACK,105,Descriptive catalogue item on positive numeric invoice before cutoff; exception codes reviewed separately
21530,merchandise,DAIRY MAID TOASTRACK,148,Descriptive catalogue item on positive numeric invoice before cutoff; exception codes reviewed separately
21531,merchandise,RED RETROSPOT SUGAR JAM BOWL,602,Descriptive catalogue item on positive numeric invoice before cutoff; exception codes reviewed separately
21532,merchandise,DAIRY MAID SUGAR JAM BOWL,94,Descriptive catalogue item on positive numeric invoice before cutoff; exception codes reviewed separately
21533,merchandise,RETRO SPOT LARGE MILK JUG,543,Descriptive catalogue item on positive numeric invoice before cutoff; exception codes reviewed separately
21534,merchandise,DAIRY MAID LARGE MILK JUG,360,Descriptive catalogue item on positive numeric invoice before cutoff; exception codes reviewed separately
21535,merchandise,RED RETROSPOT SMALL MILK JUG,838,Descriptive catalogue item on positive numeric invoice before cutoff; exception codes reviewed separately
21536,merchandise,DAIRY MAID  SMALL  MILK JUG,64,Descriptive catalogue item on positive numeric invoice before cutoff; exception codes reviewed separately
21537,merchandise,RED RETROSPOT PUDDING BOWL,192,Descriptive catalogue item on positive numeric invoice before cutoff; exception codes reviewed separately
21538,merchandise,DAIRY MAID  PUDDING BOWL,54,Descriptive catalogue item on positive numeric invoice before cutoff; exception codes reviewed separately
21539,merchandise,RED RETROSPOT BUTTER DISH,567,Descriptive catalogue item on positive numeric invoice before cutoff; exception codes reviewed separately
21540,merchandise,DAIRY MAID CERAMIC BUTTER DISH,49,Descriptive catalogue item on positive numeric invoice before cutoff; exception codes reviewed separately
21541,merchandise,DINOSAURS WATER TRANSFER TATTOOS,203,Descriptive catalogue item on positive numeric invoice before cutoff; exception codes reviewed separately
21542,merchandise,WOODLAND WATER TRANSFER TATTOOS,192,Descriptive catalogue item on positive numeric invoice before cutoff; exception codes reviewed separately
21543,merchandise,BUTTERFLY WATER TRANSFER TATTOOS,24,Descriptive catalogue item on positive numeric invoice before cutoff; exception codes reviewed separately
21544,merchandise,SKULLS  WATER TRANSFER TATTOOS,512,Descriptive catalogue item on positive numeric invoice before cutoff; exception codes reviewed separately
21545,merchandise,CERAMIC BIRDHOUSE BUTTERFLY SMALL,84,Descriptive catalogue item on positive numeric invoice before cutoff; exception codes reviewed separately
21547,merchandise,CERAMIC BIRDHOUSE CRESTED TIT SMALL,124,Descriptive catalogue item on positive numeric invoice before cutoff; exception codes reviewed separately
21548,merchandise,CERAMIC BIRDHOUSE FINCH BLUE ROOF,115,Descriptive catalogue item on positive numeric invoice before cutoff; exception codes reviewed separately
21549,merchandise,CERAMIC BIRDHOUSE RED ROOF SMALL,52,Descriptive catalogue item on positive numeric invoice before cutoff; exception codes reviewed separately
21550,merchandise,CERAMIC BIRDHOUSE CRESTED TIT LARGE,73,Descriptive catalogue item on positive numeric invoice before cutoff; exception codes reviewed separately
21551,merchandise,CERAMIC BIRDHOUSE BUTTERFLY LARGE,22,Descriptive catalogue item on positive numeric invoice before cutoff; exception codes reviewed separately
21552,merchandise,CERAMIC BIRDHOUSE BLACK ROSE  LARGE,37,Descriptive catalogue item on positive numeric invoice before cutoff; exception codes reviewed separately
21553,merchandise,CERAMIC BIRDHOUSE FINCH BLUE  LARGE,41,Descriptive catalogue item on positive numeric invoice before cutoff; exception codes reviewed separately
21554,merchandise,CERAMIC BIRDHOUSE RED ROOF LARGE,23,Descriptive catalogue item on positive numeric invoice before cutoff; exception codes reviewed separately
21555,merchandise,CERAMIC STRAWBERRY TRINKET TRAY,132,Descriptive catalogue item on positive numeric invoice before cutoff; exception codes reviewed separately
21556,merchandise,CERAMIC STRAWBERRY MONEY BOX,305,Descriptive catalogue item on positive numeric invoice before cutoff; exception codes reviewed separately
21557,merchandise,SET OF 6 FUNKY BEAKERS,310,Descriptive catalogue item on positive numeric invoice before cutoff; exception codes reviewed separately
21558,merchandise,SKULL LUNCH BOX WITH CUTLERY,735,Descriptive catalogue item on positive numeric invoice before cutoff; exception codes reviewed separately
21559,merchandise,STRAWBERRY LUNCH BOX WITH CUTLERY,1076,Descriptive catalogue item on positive numeric invoice before cutoff; exception codes reviewed separately
21560,merchandise,TOADSTOOL  LUNCHBOX WITH CUTLERY,4,Descriptive catalogue item on positive numeric invoice before cutoff; exception codes reviewed separately
21561,merchandise,DINOSAUR LUNCH BOX WITH CUTLERY,413,Descriptive catalogue item on positive numeric invoice before cutoff; exception codes reviewed separately
21562,merchandise,HAWAIIAN GRASS SKIRT,74,Descriptive catalogue item on positive numeric invoice before cutoff; exception codes reviewed separately
21563,merchandise,RED HEART SHAPE LOVE BUCKET,357,Descriptive catalogue item on positive numeric invoice before cutoff; exception codes reviewed separately
21564,merchandise,PINK  HEART SHAPE LOVE BUCKET,290,Descriptive catalogue item on positive numeric invoice before cutoff; exception codes reviewed separately
21576,merchandise,LETS GO SHOPPING COTTON TOTE BAG,208,Descriptive catalogue item on positive numeric invoice before cutoff; exception codes reviewed separately
21577,merchandise,SAVE THE PLANET COTTON TOTE BAG,475,Descriptive catalogue item on positive numeric invoice before cutoff; exception codes reviewed separately
21578,merchandise,WOODLAND DESIGN  COTTON TOTE BAG,396,Descriptive catalogue item on positive numeric invoice before cutoff; exception codes reviewed separately
21579,merchandise,LOLITA  DESIGN  COTTON TOTE BAG,145,Descriptive catalogue item on positive numeric invoice before cutoff; exception codes reviewed separately
21580,merchandise,RABBIT  DESIGN  COTTON TOTE BAG,175,Descriptive catalogue item on positive numeric invoice before cutoff; exception codes reviewed separately
21581,merchandise,SKULLS  DESIGN  COTTON TOTE BAG,213,Descriptive catalogue item on positive numeric invoice before cutoff; exception codes reviewed separately
21582,merchandise,KINGS CHOICE SMALL TUBE MATCHES,17,Descriptive catalogue item on positive numeric invoice before cutoff; exception codes reviewed separately
21583,unresolved,,0,No descriptive positive-purchase evidence before cutoff
21584,merchandise,RETROSPOT SMALL TUBE MATCHES,244,Descriptive catalogue item on positive numeric invoice before cutoff; exception codes reviewed separately
21585,merchandise,SWALLOW SMALL TUBE MATCHES,1,Descriptive catalogue item on positive numeric invoice before cutoff; exception codes reviewed separately
21586,merchandise,KINGS CHOICE GIANT TUBE MATCHES,259,Descriptive catalogue item on positive numeric invoice before cutoff; exception codes reviewed separately
21587,merchandise,COSY HOUR GIANT TUBE MATCHES,295,Descriptive catalogue item on positive numeric invoice before cutoff; exception codes reviewed separately
21588,merchandise,RETROSPOT GIANT TUBE MATCHES,188,Descriptive catalogue item on positive numeric invoice before cutoff; exception codes reviewed separately
21589,merchandise,SWALLOW GIANT TUBE MATCHES,89,Descriptive catalogue item on positive numeric invoice before cutoff; exception codes reviewed separately
21590,merchandise,KINGS CHOICE CIGAR BOX MATCHES,302,Descriptive catalogue item on positive numeric invoice before cutoff; exception codes reviewed separately
21591,merchandise,COSY HOUR CIGAR BOX MATCHES,403,Descriptive catalogue item on positive numeric invoice before cutoff; exception codes reviewed separately
21592,merchandise,RETROSPOT CIGAR BOX MATCHES,289,Descriptive catalogue item on positive numeric invoice before cutoff; exception codes reviewed separately
21593,merchandise,SWALLOW CIGAR BOX MATCHES,97,Descriptive catalogue item on positive numeric invoice before cutoff; exception codes reviewed separately
21594,merchandise,Dr. Jam's Arouzer Stress Ball,6,Descriptive catalogue item on positive numeric invoice before cutoff; exception codes reviewed separately
21595,merchandise,Dad's Cab Electronic Meter,11,Descriptive catalogue item on positive numeric invoice before cutoff; exception codes reviewed separately
21596,merchandise,Hypochondriac Pill Stress Ball,9,Descriptive catalogue item on positive numeric invoice before cutoff; exception codes reviewed separately
21601,unresolved,,0,No descriptive positive-purchase evidence before cutoff
21602,unresolved,,0,No descriptive positive-purchase evidence before cutoff
21609,merchandise,SET 12 LAVENDER  BOTANICAL T-LIGHTS,228,Descriptive catalogue item on positive numeric invoice before cutoff; exception codes reviewed separately
21610,merchandise,SET 12 PEAR BOTANICAL T-LIGHTS,104,Descriptive catalogue item on positive numeric invoice before cutoff; exception codes reviewed separately
21611,merchandise,SET OF 12 LILY BOTANICAL T-LIGHTS,155,Descriptive catalogue item on positive numeric invoice before cutoff; exception codes reviewed separately
21612,merchandise,SET 12 WILDFLOWER BOTANICAL T-LIGHT,114,Descriptive catalogue item on positive numeric invoice before cutoff; exception codes reviewed separately
21613,merchandise,S/12 VANILLA  BOTANICAL T-LIGHTS,149,Descriptive catalogue item on positive numeric invoice before cutoff; exception codes reviewed separately
21614,merchandise,SET OF 12 ROSE BOTANICAL T-LIGHTS,198,Descriptive catalogue item on positive numeric invoice before cutoff; exception codes reviewed separately
21615,merchandise,4 LAVENDER BOTANICAL DINNER CANDLES,165,Descriptive catalogue item on positive numeric invoice before cutoff; exception codes reviewed separately
21616,merchandise,4 PEAR BOTANICAL DINNER CANDLES,185,Descriptive catalogue item on positive numeric invoice before cutoff; exception codes reviewed separately
21617,merchandise,4 LILY  BOTANICAL DINNER CANDLES,178,Descriptive catalogue item on positive numeric invoice before cutoff; exception codes reviewed separately
21618,merchandise,4 WILDFLOWER BOTANICAL CANDLES,149,Descriptive catalogue item on positive numeric invoice before cutoff; exception codes reviewed separately
21619,merchandise,4 VANILLA BOTANICAL CANDLES,203,Descriptive catalogue item on positive numeric invoice before cutoff; exception codes reviewed separately
21620,merchandise,SET OF 4 ROSE BOTANICAL CANDLES,167,Descriptive catalogue item on positive numeric invoice before cutoff; exception codes reviewed separately
21621,merchandise,VINTAGE UNION JACK BUNTING,1318,Descriptive catalogue item on positive numeric invoice before cutoff; exception codes reviewed separately
21622,merchandise,VINTAGE UNION JACK CUSHION COVER,646,Descriptive catalogue item on positive numeric invoice before cutoff; exception codes reviewed separately
21623,merchandise,VINTAGE UNION JACK MEMOBOARD,543,Descriptive catalogue item on positive numeric invoice before cutoff; exception codes reviewed separately
21624,merchandise,VINTAGE UNION JACK DOORSTOP,410,Descriptive catalogue item on positive numeric invoice before cutoff; exception codes reviewed separately
21625,merchandise,VINTAGE UNION JACK APRON,354,Descriptive catalogue item on positive numeric invoice before cutoff; exception codes reviewed separately
21626,merchandise,VINTAGE UNION JACK PENNANT,214,Descriptive catalogue item on positive numeric invoice before cutoff; exception codes reviewed separately
21627,merchandise,ELEPHANT CARNIVAL POUFFE,120,Descriptive catalogue item on positive numeric invoice before cutoff; exception codes reviewed separately
21628,merchandise,TRIANGULAR POUFFE VINTAGE,88,Descriptive catalogue item on positive numeric invoice before cutoff; exception codes reviewed separately
21629,merchandise,SQUARE FLOOR CUSHION VINTAGE RED,92,Descriptive catalogue item on positive numeric invoice before cutoff; exception codes reviewed separately
21630,merchandise,FLOOR CUSHION ELEPHANT CARNIVAL,98,Descriptive catalogue item on positive numeric invoice before cutoff; exception codes reviewed separately
21631,merchandise,HIPPY CHIC DECORATIVE PARASOL,54,Descriptive catalogue item on positive numeric invoice before cutoff; exception codes reviewed separately
21632,merchandise,VINTAGE PINK DECORATIVE PARASOL,55,Descriptive catalogue item on positive numeric invoice before cutoff; exception codes reviewed separately
21633,merchandise,SUNFLOWER DECORATIVE PARASOL,73,Descriptive catalogue item on positive numeric invoice before cutoff; exception codes reviewed separately
21634,merchandise,ASSORTED MINI MADRAS NOTEBOOK,71,Descriptive catalogue item on positive numeric invoice before cutoff; exception codes reviewed separately
21635,merchandise,MADRAS NOTEBOOK LARGE,45,Descriptive catalogue item on positive numeric invoice before cutoff; exception codes reviewed separately
21636,merchandise,MADRAS NOTEBOOK MEDIUM,104,Descriptive catalogue item on positive numeric invoice before cutoff; exception codes reviewed separately
21637,merchandise,ASSORTED SANSKRIT MINI NOTEBOOK,93,Descriptive catalogue item on positive numeric invoice before cutoff; exception codes reviewed separately
21638,merchandise,ASSORTED TUTTI FRUTTI NOTEBOOK,151,Descriptive catalogue item on positive numeric invoice before cutoff; exception codes reviewed separately
21639,merchandise,ASSORTED TUTTI FRUTTI KEYRING,15,Descriptive catalogue item on positive numeric invoice before cutoff; exception codes reviewed separately
21640,merchandise,ASSORTED TUTTI FRUTTI  FOB NOTEBOOK,219,Descriptive catalogue item on positive numeric invoice before cutoff; exception codes reviewed separately
21641,merchandise,ASSORTED TUTTI FRUTTI KEYRING BALL,116,Descriptive catalogue item on positive numeric invoice before cutoff; exception codes reviewed separately
21642,merchandise,ASSORTED TUTTI FRUTTI PEN,265,Descriptive catalogue item on positive numeric invoice before cutoff; exception codes reviewed separately
21643,merchandise,ASSORTED TUTTI FRUTTI MIRROR,210,Descriptive catalogue item on positive numeric invoice before cutoff; exception codes reviewed separately
21644,merchandise,ASSORTED TUTTI FRUTTI HEART BOX,150,Descriptive catalogue item on positive numeric invoice before cutoff; exception codes reviewed separately
21645,merchandise,ASSORTED TUTTI FRUTTI ROUND BOX,142,Descriptive catalogue item on positive numeric invoice before cutoff; exception codes reviewed separately
21646,unresolved,,0,No descriptive positive-purchase evidence before cutoff
21647,merchandise,ASSORTED TUTTI FRUTTI LARGE PURSE,163,Descriptive catalogue item on positive numeric invoice before cutoff; exception codes reviewed separately
21648,merchandise,ASSORTED TUTTI FRUTTI SMALL PURSE,243,Descriptive catalogue item on positive numeric invoice before cutoff; exception codes reviewed separately
21649,merchandise,ASSORTED TUTTI FRUTTI PHOTO FRAME,29,Descriptive catalogue item on positive numeric invoice before cutoff; exception codes reviewed separately
21650,merchandise,ASSORTED TUTTI FRUTTI BRACELET,206,Descriptive catalogue item on positive numeric invoice before cutoff; exception codes reviewed separately
21651,merchandise,HANGING GLASS ETCHED TEALIGHT,137,Descriptive catalogue item on positive numeric invoice before cutoff; exception codes reviewed separately
21652,merchandise,GLASS ETCHED T-LIGHT HOLDER MEDIUM,81,Descriptive catalogue item on positive numeric invoice before cutoff; exception codes reviewed separately
21653,merchandise,GLASS ETCHED T-LIGHT HOLDER LARGE,120,Descriptive catalogue item on positive numeric invoice before cutoff; exception codes reviewed separately
21654,merchandise,RIDGED GLASS FINGER BOWL,86,Descriptive catalogue item on positive numeric invoice before cutoff; exception codes reviewed separately
21655,merchandise,HANGING RIDGE GLASS T-LIGHT HOLDER,90,Descriptive catalogue item on positive numeric invoice before cutoff; exception codes reviewed separately
21656,merchandise,RIDGED GLASS POSY VASE,143,Descriptive catalogue item on positive numeric invoice before cutoff; exception codes reviewed separately
21657,merchandise,MILK BOTTLE WITH GLASS STOPPER,125,Descriptive catalogue item on positive numeric invoice before cutoff; exception codes reviewed separately
21658,merchandise,GLASS  BEURRE DISH,546,Descriptive catalogue item on positive numeric invoice before cutoff; exception codes reviewed separately
21659,merchandise,GLASS CAKE STAND,67,Descriptive catalogue item on positive numeric invoice before cutoff; exception codes reviewed separately
21661,merchandise,VINTAGE GLASS TEA CADDY,100,Descriptive catalogue item on positive numeric invoice before cutoff; exception codes reviewed separately
21662,merchandise,VINTAGE GLASS COFFEE CADDY,111,Descriptive catalogue item on positive numeric invoice before cutoff; exception codes reviewed separately
21663,merchandise,VINTAGE GLASS SUGAR CADDY,32,Descriptive catalogue item on positive numeric invoice before cutoff; exception codes reviewed separately
21664,merchandise,RIDGED GLASS STORAGE JAR CREAM LID,73,Descriptive catalogue item on positive numeric invoice before cutoff; exception codes reviewed separately
21665,merchandise,TRIANGULAR RIDGED GLASS POSY HOLDER,78,Descriptive catalogue item on positive numeric invoice before cutoff; exception codes reviewed separately
21666,merchandise,RIDGED GLASS T-LIGHT HOLDER,86,Descriptive catalogue item on positive numeric invoice before cutoff; exception codes reviewed separately
21667,merchandise,GLASS CAKE COVER AND PLATE,163,Descriptive catalogue item on positive numeric invoice before cutoff; exception codes reviewed separately
21668,merchandise,RED STRIPE CERAMIC DRAWER KNOB,842,Descriptive catalogue item on positive numeric invoice before cutoff; exception codes reviewed separately
21669,merchandise,BLUE STRIPE CERAMIC DRAWER KNOB,844,Descriptive catalogue item on positive numeric invoice before cutoff; exception codes reviewed separately
21670,merchandise,BLUE SPOT CERAMIC DRAWER KNOB,789,Descriptive catalogue item on positive numeric invoice before cutoff; exception codes reviewed separately
21671,merchandise,RED SPOT CERAMIC DRAWER KNOB,741,Descriptive catalogue item on positive numeric invoice before cutoff; exception codes reviewed separately
21672,merchandise,WHITE SPOT RED CERAMIC DRAWER KNOB,832,Descriptive catalogue item on positive numeric invoice before cutoff; exception codes reviewed separately
21673,merchandise,WHITE SPOT BLUE CERAMIC DRAWER KNOB,786,Descriptive catalogue item on positive numeric invoice before cutoff; exception codes reviewed separately
21674,merchandise,RIDGED GLASS PENDANT LAMPSHADE,10,Descriptive catalogue item on positive numeric invoice before cutoff; exception codes reviewed separately
21675,merchandise,BUTTERFLIES STICKERS,273,Descriptive catalogue item on positive numeric invoice before cutoff; exception codes reviewed separately
21676,merchandise,FLOWERS  STICKERS,160,Descriptive catalogue item on positive numeric invoice before cutoff; exception codes reviewed separately
21677,merchandise,HEARTS  STICKERS,283,Descriptive catalogue item on positive numeric invoice before cutoff; exception codes reviewed separately
21678,merchandise,PAISLEY PATTERN  STICKERS,83,Descriptive catalogue item on positive numeric invoice before cutoff; exception codes reviewed separately
21679,merchandise,SKULLS  STICKERS,374,Descriptive catalogue item on positive numeric invoice before cutoff; exception codes reviewed separately
21680,merchandise,WOODLAND  STICKERS,268,Descriptive catalogue item on positive numeric invoice before cutoff; exception codes reviewed separately
21681,merchandise,GIANT MEDINA STAMPED METAL BOWL,81,Descriptive catalogue item on positive numeric invoice before cutoff; exception codes reviewed separately
21682,merchandise,LARGE MEDINA STAMPED METAL BOWL,154,Descriptive catalogue item on positive numeric invoice before cutoff; exception codes reviewed separately
21683,merchandise,MEDIUM MEDINA STAMPED METAL BOWL,156,Descriptive catalogue item on positive numeric invoice before cutoff; exception codes reviewed separately
21684,merchandise,SMALL MEDINA STAMPED METAL BOWL,108,Descriptive catalogue item on positive numeric invoice before cutoff; exception codes reviewed separately
21685,merchandise,MEDINA STAMPED METAL TRAY,2,Descriptive catalogue item on positive numeric invoice before cutoff; exception codes reviewed separately
21686,merchandise,MEDINA STAMPED METAL STOOL,34,Descriptive catalogue item on positive numeric invoice before cutoff; exception codes reviewed separately
21687,merchandise,SILVER PLATE CANDLE BOWL LARGE,110,Descriptive catalogue item on positive numeric invoice before cutoff; exception codes reviewed separately
21688,merchandise,SILVER PLATE CANDLE BOWL SMALL,151,Descriptive catalogue item on positive numeric invoice before cutoff; exception codes reviewed separately
21689,merchandise,SILVER VANILLA  FLOWER CANDLE POT,62,Descriptive catalogue item on positive numeric invoice before cutoff; exception codes reviewed separately
21690,merchandise,SILVER  CANDLEPOT JARDIN,101,Descriptive catalogue item on positive numeric invoice before cutoff; exception codes reviewed separately
21691,merchandise,SILVER VANILLA FLOWER CANDLE POT,84,Descriptive catalogue item on positive numeric invoice before cutoff; exception codes reviewed separately
21692,merchandise,SILVER LATTICE VANILLA CANDLE POT,130,Descriptive catalogue item on positive numeric invoice before cutoff; exception codes reviewed separately
21693,merchandise,SMALL HAMMERED SILVER CANDLEPOT,132,Descriptive catalogue item on positive numeric invoice before cutoff; exception codes reviewed separately
21694,merchandise,SMALL REGAL  SILVER CANDLEPOT,72,Descriptive catalogue item on positive numeric invoice before cutoff; exception codes reviewed separately
21695,merchandise,SMALL SILVER FLOWER CANDLE POT,105,Descriptive catalogue item on positive numeric invoice before cutoff; exception codes reviewed separately
21696,merchandise,SMALL SILVER TRELLIS CANDLEPOT,116,Descriptive catalogue item on positive numeric invoice before cutoff; exception codes reviewed separately
21697,merchandise,SET 5 MINI DOUGHNUT FRIDGE MAGNET,7,Descriptive catalogue item on positive numeric invoice before cutoff; exception codes reviewed separately
21698,merchandise,MOCK LOBSTER FRIDGE MAGNET,116,Descriptive catalogue item on positive numeric invoice before cutoff; exception codes reviewed separately
21699,merchandise,SET 5 MINI CHOCOLATE FRIDGE MAGNETS,3,Descriptive catalogue item on positive numeric invoice before cutoff; exception codes reviewed separately
21700,merchandise,BIG DOUGHNUT FRIDGE MAGNETS,545,Descriptive catalogue item on positive numeric invoice before cutoff; exception codes reviewed separately
21701,unresolved,,0,No descriptive positive-purchase evidence before cutoff
21702,merchandise,SET 5 MINI GATEAUX  FRIDGE MAGNETS,8,Descriptive catalogue item on positive numeric invoice before cutoff; exception codes reviewed separately
21703,merchandise,BAG 125g SWIRLY MARBLES,567,Descriptive catalogue item on positive numeric invoice before cutoff; exception codes reviewed separately
21704,merchandise,BAG 250g SWIRLY MARBLES,575,Descriptive catalogue item on positive numeric invoice before cutoff; exception codes reviewed separately
21705,merchandise,BAG 500g SWIRLY MARBLES,206,Descriptive catalogue item on positive numeric invoice before cutoff; exception codes reviewed separately
21706,merchandise,FOLDING UMBRELLA RED/WHITE POLKADOT,155,Descriptive catalogue item on positive numeric invoice before cutoff; exception codes reviewed separately
21707,merchandise,FOLDING UMBRELLA BLACKBLUE POLKADOT,102,Descriptive catalogue item on positive numeric invoice before cutoff; exception codes reviewed separately
21708,merchandise,FOLDING UMBRELLA CREAM POLKADOT,79,Descriptive catalogue item on positive numeric invoice before cutoff; exception codes reviewed separately
21709,merchandise,FOLDING UMBRELLA CHOCOLATE POLKADOT,70,Descriptive catalogue item on positive numeric invoice before cutoff; exception codes reviewed separately
21710,merchandise,FOLDING UMBRELLA PINKWHITE POLKADOT,66,Descriptive catalogue item on positive numeric invoice before cutoff; exception codes reviewed separately
21711,merchandise,FOLDING UMBRELLA WHITE/RED POLKADOT,46,Descriptive catalogue item on positive numeric invoice before cutoff; exception codes reviewed separately
21713,merchandise,CITRONELLA CANDLE FLOWERPOT,408,Descriptive catalogue item on positive numeric invoice before cutoff; exception codes reviewed separately
21714,merchandise,CITRONELLA CANDLE GARDEN POT,529,Descriptive catalogue item on positive numeric invoice before cutoff; exception codes reviewed separately
21715,merchandise,GIRLS VINTAGE TIN SEASIDE BUCKET,491,Descriptive catalogue item on positive numeric invoice before cutoff; exception codes reviewed separately
21716,merchandise,BOYS VINTAGE TIN SEASIDE BUCKET,499,Descriptive catalogue item on positive numeric invoice before cutoff; exception codes reviewed separately
21717,merchandise,EASTER TIN BUCKET,180,Descriptive catalogue item on positive numeric invoice before cutoff; exception codes reviewed separately
21718,merchandise,RED METAL BEACH SPADE,469,Descriptive catalogue item on positive numeric invoice before cutoff; exception codes reviewed separately
21719,merchandise,LOVELY BONBON STICKER SHEET,150,Descriptive catalogue item on positive numeric invoice before cutoff; exception codes reviewed separately
21720,merchandise,CAKE SHOP  STICKER SHEET,115,Descriptive catalogue item on positive numeric invoice before cutoff; exception codes reviewed separately
21721,merchandise,CANDY SHOP  STICKER SHEET,155,Descriptive catalogue item on positive numeric invoice before cutoff; exception codes reviewed separately
21722,merchandise,SWEET PUDDING STICKER SHEET,81,Descriptive catalogue item on positive numeric invoice before cutoff; exception codes reviewed separately
21723,merchandise,ALPHABET HEARTS STICKER SHEET,142,Descriptive catalogue item on positive numeric invoice before cutoff; exception codes reviewed separately
21724,merchandise,PANDA AND BUNNIES STICKER SHEET,184,Descriptive catalogue item on positive numeric invoice before cutoff; exception codes reviewed separately
21725,merchandise,SWEETIES  STICKERS,183,Descriptive catalogue item on positive numeric invoice before cutoff; exception codes reviewed separately
21726,merchandise,MULTI HEARTS  STICKERS,166,Descriptive catalogue item on positive numeric invoice before cutoff; exception codes reviewed separately
21728,merchandise,METAL MEDINA LANTERN,42,Descriptive catalogue item on positive numeric invoice before cutoff; exception codes reviewed separately
21729,merchandise,SMALL MARAKESH METAL  LANTERN,31,Descriptive catalogue item on positive numeric invoice before cutoff; exception codes reviewed separately
21730,merchandise,GLASS STAR FROSTED T-LIGHT HOLDER,326,Descriptive catalogue item on positive numeric invoice before cutoff; exception codes reviewed separately
21731,merchandise,RED TOADSTOOL LED NIGHT LIGHT,1559,Descriptive catalogue item on positive numeric invoice before cutoff; exception codes reviewed separately
21732,merchandise,RED HANGING METAL STAR TLIGHT HLDR,62,Descriptive catalogue item on positive numeric invoice before cutoff; exception codes reviewed separately
21733,merchandise,RED HANGING HEART T-LIGHT HOLDER,1829,Descriptive catalogue item on positive numeric invoice before cutoff; exception codes reviewed separately
21734,merchandise,SMALL MARAKESH LANTERN ON STICK,31,Descriptive catalogue item on positive numeric invoice before cutoff; exception codes reviewed separately
21735,merchandise,TWO DOOR CURIO CABINET,268,Descriptive catalogue item on positive numeric invoice before cutoff; exception codes reviewed separately
21736,merchandise,GOLD SCROLL GLASS T-LIGHT HOLDER,30,Descriptive catalogue item on positive numeric invoice before cutoff; exception codes reviewed separately
21737,merchandise,SET 3 WICKER LOG BASKETS,166,Descriptive catalogue item on positive numeric invoice before cutoff; exception codes reviewed separately
21738,merchandise,COSY SLIPPER SHOES SMALL  RED,155,Descriptive catalogue item on positive numeric invoice before cutoff; exception codes reviewed separately
21739,merchandise,COSY SLIPPER SHOES SMALL GREEN,175,Descriptive catalogue item on positive numeric invoice before cutoff; exception codes reviewed separately
21740,merchandise,COSY SLIPPER SHOES LARGE RED,70,Descriptive catalogue item on positive numeric invoice before cutoff; exception codes reviewed separately
21741,merchandise,COSY SLIPPER SHOES LARGE GREEN,202,Descriptive catalogue item on positive numeric invoice before cutoff; exception codes reviewed separately
21742,merchandise,LARGE ROUND WICKER PLATTER,190,Descriptive catalogue item on positive numeric invoice before cutoff; exception codes reviewed separately
21743,merchandise,STAR PORTABLE TABLE LIGHT,203,Descriptive catalogue item on positive numeric invoice before cutoff; exception codes reviewed separately
21744,merchandise,SNOWFLAKE PORTABLE TABLE LIGHT,237,Descriptive catalogue item on positive numeric invoice before cutoff; exception codes reviewed separately
21745,merchandise,GAOLERS KEYS DECORATIVE GARDEN,496,Descriptive catalogue item on positive numeric invoice before cutoff; exception codes reviewed separately
21746,merchandise,SMALL RED RETROSPOT WINDMILL,422,Descriptive catalogue item on positive numeric invoice before cutoff; exception codes reviewed separately
21747,merchandise,SMALL SKULL WINDMILL,155,Descriptive catalogue item on positive numeric invoice before cutoff; exception codes reviewed separately
21749,merchandise,LARGE RED RETROSPOT WINDMILL,236,Descriptive catalogue item on positive numeric invoice before cutoff; exception codes reviewed separately
21750,merchandise,LARGE SKULL WINDMILL,64,Descriptive catalogue item on positive numeric invoice before cutoff; exception codes reviewed separately
21752,merchandise,GLASS CAKE STAND MIRRORED BASE,38,Descriptive catalogue item on positive numeric invoice before cutoff; exception codes reviewed separately
21753,unresolved,,0,No descriptive positive-purchase evidence before cutoff
21754,merchandise,HOME BUILDING BLOCK WORD,2154,Descriptive catalogue item on positive numeric invoice before cutoff; exception codes reviewed separately
21755,merchandise,LOVE BUILDING BLOCK WORD,1769,Descriptive catalogue item on positive numeric invoice before cutoff; exception codes reviewed separately
21756,merchandise,BATH BUILDING BLOCK WORD,610,Descriptive catalogue item on positive numeric invoice before cutoff; exception codes reviewed separately
21757,merchandise,LIGHTHOUSE PRINTED METAL SIGN,43,Descriptive catalogue item on positive numeric invoice before cutoff; exception codes reviewed separately
21758,merchandise,VINTAGE SHELLS PRINT,81,Descriptive catalogue item on positive numeric invoice before cutoff; exception codes reviewed separately
21759,merchandise,METAL WALL SHELF UNIT WITH HOOKS,13,Descriptive catalogue item on positive numeric invoice before cutoff; exception codes reviewed separately
21760,merchandise,FRENCH STYLE WALL DRESSER,13,Descriptive catalogue item on positive numeric invoice before cutoff; exception codes reviewed separately
21761,merchandise,WOOD AND GLASS MEDICINE CABINET,25,Descriptive catalogue item on positive numeric invoice before cutoff; exception codes reviewed separately
21763,merchandise,VINTAGE WOODEN BAR STOOL,17,Descriptive catalogue item on positive numeric invoice before cutoff; exception codes reviewed separately
21764,merchandise,VINTAGE WOODEN PLATE RACK,11,Descriptive catalogue item on positive numeric invoice before cutoff; exception codes reviewed separately
21765,merchandise,HANGING METAL BIRD BATH,154,Descriptive catalogue item on positive numeric invoice before cutoff; exception codes reviewed separately
21766,unresolved,,0,No descriptive positive-purchase evidence before cutoff
21767,merchandise,FRENCH STYLE WIRE DOOR CABINET,1,Descriptive catalogue item on positive numeric invoice before cutoff; exception codes reviewed separately
21768,merchandise,WALL MOUNTED VINTAGE ORGANISER,166,Descriptive catalogue item on positive numeric invoice before cutoff; exception codes reviewed separately
21769,merchandise,VINTAGE POST OFFICE CABINET,50,Descriptive catalogue item on positive numeric invoice before cutoff; exception codes reviewed separately
21770,merchandise,OPEN CLOSED METAL SIGN,641,Descriptive catalogue item on positive numeric invoice before cutoff; exception codes reviewed separately
21772,merchandise,VINTAGE METAL CAKE STAND CREAM,1,Descriptive catalogue item on positive numeric invoice before cutoff; exception codes reviewed separately
21773,merchandise,DECORATIVE ROSE BATHROOM BOTTLE,316,Descriptive catalogue item on positive numeric invoice before cutoff; exception codes reviewed separately
21774,merchandise,DECORATIVE CATS BATHROOM BOTTLE,376,Descriptive catalogue item on positive numeric invoice before cutoff; exception codes reviewed separately
21775,merchandise,DECORATIVE FLORE BATHROOM BOTTLE,280,Descriptive catalogue item on positive numeric invoice before cutoff; exception codes reviewed separately
21776,unresolved,,0,No descriptive positive-purchase evidence before cutoff
21777,merchandise,RECIPE BOX WITH METAL HEART,379,Descriptive catalogue item on positive numeric invoice before cutoff; exception codes reviewed separately
21778,unresolved,,0,No descriptive positive-purchase evidence before cutoff
21779,merchandise,MA CAMPAGNE MINI WOODEN CHEST,22,Descriptive catalogue item on positive numeric invoice before cutoff; exception codes reviewed separately
21780,merchandise,MA CAMPAGNE 4 DRAWER WALL SHELF,32,Descriptive catalogue item on positive numeric invoice before cutoff; exception codes reviewed separately
21781,merchandise,MA CAMPAGNE CUTLERY BOX,382,Descriptive catalogue item on positive numeric invoice before cutoff; exception codes reviewed separately
21784,merchandise,SHOE SHINE BOX,187,Descriptive catalogue item on positive numeric invoice before cutoff; exception codes reviewed separately
21785,merchandise,RAIN PONCHO,112,Descriptive catalogue item on positive numeric invoice before cutoff; exception codes reviewed separately
21786,merchandise,POLKADOT RAIN HAT,319,Descriptive catalogue item on positive numeric invoice before cutoff; exception codes reviewed separately
21787,merchandise,RAIN PONCHO RETROSPOT,317,Descriptive catalogue item on positive numeric invoice before cutoff; exception codes reviewed separately
21788,merchandise,KIDS RAIN MAC BLUE,215,Descriptive catalogue item on positive numeric invoice before cutoff; exception codes reviewed separately
21789,merchandise,KIDS RAIN MAC PINK,225,Descriptive catalogue item on positive numeric invoice before cutoff; exception codes reviewed separately
21790,merchandise,VINTAGE SNAP CARDS,1917,Descriptive catalogue item on positive numeric invoice before cutoff; exception codes reviewed separately
21791,merchandise,VINTAGE HEADS AND TAILS CARD GAME,1343,Descriptive catalogue item on positive numeric invoice before cutoff; exception codes reviewed separately
21792,merchandise,CLASSIC FRENCH STYLE BASKET GREEN,145,Descriptive catalogue item on positive numeric invoice before cutoff; exception codes reviewed separately
21793,merchandise,CLASSIC FRENCH STYLE BASKET BROWN,102,Descriptive catalogue item on positive numeric invoice before cutoff; exception codes reviewed separately
21794,merchandise,CLASSIC FRENCH STYLE BASKET NATURAL,181,Descriptive catalogue item on positive numeric invoice before cutoff; exception codes reviewed separately
21795,merchandise,SET OF 3 BLUE STRIPE BASKET,80,Descriptive catalogue item on positive numeric invoice before cutoff; exception codes reviewed separately
21796,merchandise,SET OF 3 RED STRIPE BASKETS,67,Descriptive catalogue item on positive numeric invoice before cutoff; exception codes reviewed separately
21801,merchandise,CHRISTMAS TREE DECORATION WITH BELL,276,Descriptive catalogue item on positive numeric invoice before cutoff; exception codes reviewed separately
21802,merchandise,CHRISTMAS TREE HEART DECORATION,346,Descriptive catalogue item on positive numeric invoice before cutoff; exception codes reviewed separately
21803,merchandise,CHRISTMAS TREE STAR DECORATION,340,Descriptive catalogue item on positive numeric invoice before cutoff; exception codes reviewed separately
21804,merchandise,WHITE CHRISTMAS GARLAND STARS TREES,152,Descriptive catalogue item on positive numeric invoice before cutoff; exception codes reviewed separately
21805,merchandise,WHITE CHRISTMAS TREE DECORATION,105,Descriptive catalogue item on positive numeric invoice before cutoff; exception codes reviewed separately
21806,merchandise,WHITE CHRISTMAS HEART DECORATION,133,Descriptive catalogue item on positive numeric invoice before cutoff; exception codes reviewed separately
21807,merchandise,WHITE CHRISTMAS STAR DECORATION,191,Descriptive catalogue item on positive numeric invoice before cutoff; exception codes reviewed separately
21808,merchandise,"CHRISTMAS GARLAND STARS,TREES",147,Descriptive catalogue item on positive numeric invoice before cutoff; exception codes reviewed separately
21809,merchandise,CHRISTMAS HANGING TREE WITH BELL,221,Descriptive catalogue item on positive numeric invoice before cutoff; exception codes reviewed separately
21810,merchandise,CHRISTMAS HANGING STAR WITH BELL,349,Descriptive catalogue item on positive numeric invoice before cutoff; exception codes reviewed separately
21811,merchandise,HANGING HEART WITH BELL,228,Descriptive catalogue item on positive numeric invoice before cutoff; exception codes reviewed separately
21812,merchandise,GARLAND WITH HEARTS AND BELLS,210,Descriptive catalogue item on positive numeric invoice before cutoff; exception codes reviewed separately
21813,merchandise,GARLAND WITH STARS AND BELLS,190,Descriptive catalogue item on positive numeric invoice before cutoff; exception codes reviewed separately
21814,merchandise,HEART T-LIGHT HOLDER,107,Descriptive catalogue item on positive numeric invoice before cutoff; exception codes reviewed separately
21815,merchandise,STAR  T-LIGHT HOLDER,107,Descriptive catalogue item on positive numeric invoice before cutoff; exception codes reviewed separately
21816,merchandise,CHRISTMAS TREE T-LIGHT HOLDER,54,Descriptive catalogue item on positive numeric invoice before cutoff; exception codes reviewed separately
21817,merchandise,GLITTER CHRISTMAS TREE,149,Descriptive catalogue item on positive numeric invoice before cutoff; exception codes reviewed separately
21818,merchandise,GLITTER CHRISTMAS HEART,171,Descriptive catalogue item on positive numeric invoice before cutoff; exception codes reviewed separately
21819,merchandise,GLITTER CHRISTMAS STAR,252,Descriptive catalogue item on positive numeric invoice before cutoff; exception codes reviewed separately
21820,merchandise,GLITTER HEART GARLAND WITH BELLS,196,Descriptive catalogue item on positive numeric invoice before cutoff; exception codes reviewed separately
21821,merchandise,GLITTER STAR GARLAND WITH BELLS,167,Descriptive catalogue item on positive numeric invoice before cutoff; exception codes reviewed separately
21822,merchandise,GLITTER CHRISTMAS TREE WITH BELLS,147,Descriptive catalogue item on positive numeric invoice before cutoff; exception codes reviewed separately
21823,merchandise,PAINTED METAL HEART WITH HOLLY BELL,238,Descriptive catalogue item on positive numeric invoice before cutoff; exception codes reviewed separately
21824,merchandise,PAINTED METAL STAR WITH HOLLY BELLS,228,Descriptive catalogue item on positive numeric invoice before cutoff; exception codes reviewed separately
21825,merchandise,PAINTED METAL TREE WITH HOLLY BELLS,83,Descriptive catalogue item on positive numeric invoice before cutoff; exception codes reviewed separately
21826,merchandise,EIGHT PIECE DINOSAUR SET,266,Descriptive catalogue item on positive numeric invoice before cutoff; exception codes reviewed separately
21827,merchandise,EIGHT PIECE CREEPY CRAWLIE SET,148,Descriptive catalogue item on positive numeric invoice before cutoff; exception codes reviewed separately
21828,merchandise,EIGHT PIECE SNAKE  SET,185,Descriptive catalogue item on positive numeric invoice before cutoff; exception codes reviewed separately
21829,merchandise,DINOSAUR KEYRINGS ASSORTED,424,Descriptive catalogue item on positive numeric invoice before cutoff; exception codes reviewed separately
21830,merchandise,ASSORTED CREEPY CRAWLIES,278,Descriptive catalogue item on positive numeric invoice before cutoff; exception codes reviewed separately
21832,merchandise,CHOCOLATE CALCULATOR,477,Descriptive catalogue item on positive numeric invoice before cutoff; exception codes reviewed separately
21833,merchandise,CAMOUFLAGE LED TORCH,449,Descriptive catalogue item on positive numeric invoice before cutoff; exception codes reviewed separately
21835,unresolved,,0,No descriptive positive-purchase evidence before cutoff
21836,merchandise,GINGHAM OVEN GLOVE RED HEART,104,Descriptive catalogue item on positive numeric invoice before cutoff; exception codes reviewed separately
21837,merchandise,CROSS STITCH ALPHABET CUSHION COVER,92,Descriptive catalogue item on positive numeric invoice before cutoff; exception codes reviewed separately
21838,merchandise,DADDY MOUSE RED GINGHAM BOW TIE,1,Descriptive catalogue item on positive numeric invoice before cutoff; exception codes reviewed separately
21839,merchandise,MUMMY MOUSE RED GINGHAM RIBBON,86,Descriptive catalogue item on positive numeric invoice before cutoff; exception codes reviewed separately
21841,merchandise,BABY MOUSE RED GINGHAM DRESS,138,Descriptive catalogue item on positive numeric invoice before cutoff; exception codes reviewed separately
21842,merchandise,PINK HEART CANDY BUTTON CALCULATOR,47,Descriptive catalogue item on positive numeric invoice before cutoff; exception codes reviewed separately
21843,merchandise,RED RETROSPOT CAKE STAND,1205,Descriptive catalogue item on positive numeric invoice before cutoff; exception codes reviewed separately
21844,merchandise,RED RETROSPOT MUG,353,Descriptive catalogue item on positive numeric invoice before cutoff; exception codes reviewed separately
21845,merchandise,DAIRY MAID STRIPE MUG,161,Descriptive catalogue item on positive numeric invoice before cutoff; exception codes reviewed separately
21846,merchandise,PINK DIAMANTE PEN IN GIFT BOX,271,Descriptive catalogue item on positive numeric invoice before cutoff; exception codes reviewed separately
21847,merchandise,GREEN  DIAMANTE PEN IN GIFT BOX,73,Descriptive catalogue item on positive numeric invoice before cutoff; exception codes reviewed separately
21849,merchandise,SILVER DIAMANTE PEN IN GIFT BOX,143,Descriptive catalogue item on positive numeric invoice before cutoff; exception codes reviewed separately
21850,merchandise,BLUE  DIAMANTE PEN IN GIFT BOX,110,Descriptive catalogue item on positive numeric invoice before cutoff; exception codes reviewed separately
21851,merchandise,LILAC DIAMANTE PEN IN GIFT BOX,158,Descriptive catalogue item on positive numeric invoice before cutoff; exception codes reviewed separately
21852,merchandise,EMPIRE TEDDY,2,Descriptive catalogue item on positive numeric invoice before cutoff; exception codes reviewed separately
21853,merchandise,GUMBALL CUSTOM CARS TOP TRUMPS GAME,3,Descriptive catalogue item on positive numeric invoice before cutoff; exception codes reviewed separately
21854,merchandise,EURO FOOTBALL STARS TOP TRUMPS GAME,1,Descriptive catalogue item on positive numeric invoice before cutoff; exception codes reviewed separately
21855,unresolved,,0,No descriptive positive-purchase evidence before cutoff
21857,merchandise,STAR WARS TOP TRUMPS GAME,2,Descriptive catalogue item on positive numeric invoice before cutoff; exception codes reviewed separately
21858,merchandise,HIGH SCHOOL MUSICAL 3 TOP TRUMPS,2,Descriptive catalogue item on positive numeric invoice before cutoff; exception codes reviewed separately
21859,unresolved,,0,No descriptive positive-purchase evidence before cutoff
21860,merchandise,DR WHO TOP TRUMPS GAME,1,Descriptive catalogue item on positive numeric invoice before cutoff; exception codes reviewed separately
21862,unresolved,,0,No descriptive positive-purchase evidence before cutoff
21863,unresolved,,0,No descriptive positive-purchase evidence before cutoff
21864,merchandise,UNION JACK FLAG PASSPORT COVER,423,Descriptive catalogue item on positive numeric invoice before cutoff; exception codes reviewed separately
21865,merchandise,PINK UNION JACK  PASSPORT COVER,309,Descriptive catalogue item on positive numeric invoice before cutoff; exception codes reviewed separately
21866,merchandise,UNION JACK FLAG LUGGAGE TAG,475,Descriptive catalogue item on positive numeric invoice before cutoff; exception codes reviewed separately
21867,merchandise,PINK UNION JACK  LUGGAGE TAG,318,Descriptive catalogue item on positive numeric invoice before cutoff; exception codes reviewed separately
21868,merchandise,POTTING SHED TEA MUG,913,Descriptive catalogue item on positive numeric invoice before cutoff; exception codes reviewed separately
21869,merchandise,POTTING SHED COFFEE MUG,113,Descriptive catalogue item on positive numeric invoice before cutoff; exception codes reviewed separately
21870,merchandise,I CAN ONLY PLEASE ONE PERSON MUG,669,Descriptive catalogue item on positive numeric invoice before cutoff; exception codes reviewed separately
21871,merchandise,SAVE THE PLANET MUG,808,Descriptive catalogue item on positive numeric invoice before cutoff; exception codes reviewed separately
21872,merchandise,GLAMOROUS  MUG,336,Descriptive catalogue item on positive numeric invoice before cutoff; exception codes reviewed separately
21873,merchandise,IF YOU CAN'T STAND THE HEAT MUG,203,Descriptive catalogue item on positive numeric invoice before cutoff; exception codes reviewed separately
21874,merchandise,GIN AND TONIC MUG,632,Descriptive catalogue item on positive numeric invoice before cutoff; exception codes reviewed separately
21875,merchandise,KINGS CHOICE MUG,421,Descriptive catalogue item on positive numeric invoice before cutoff; exception codes reviewed separately
21876,merchandise,POTTERING MUG,629,Descriptive catalogue item on positive numeric invoice before cutoff; exception codes reviewed separately
21877,merchandise,HOME SWEET HOME MUG,771,Descriptive catalogue item on positive numeric invoice before cutoff; exception codes reviewed separately
21878,merchandise,PACK OF 6 SANDCASTLE FLAGS ASSORTED,412,Descriptive catalogue item on positive numeric invoice before cutoff; exception codes reviewed separately
21879,merchandise,HEARTS GIFT TAPE,156,Descriptive catalogue item on positive numeric invoice before cutoff; exception codes reviewed separately
21880,merchandise,RED RETROSPOT TAPE,260,Descriptive catalogue item on positive numeric invoice before cutoff; exception codes reviewed separately
21881,merchandise,CUTE CATS TAPE,116,Descriptive catalogue item on positive numeric invoice before cutoff; exception codes reviewed separately
21882,merchandise,SKULLS TAPE,129,Descriptive catalogue item on positive numeric invoice before cutoff; exception codes reviewed separately
21883,merchandise,STARS GIFT TAPE,231,Descriptive catalogue item on positive numeric invoice before cutoff; exception codes reviewed separately
21884,merchandise,CAKES AND BOWS GIFT  TAPE,165,Descriptive catalogue item on positive numeric invoice before cutoff; exception codes reviewed separately
21888,merchandise,BINGO SET,855,Descriptive catalogue item on positive numeric invoice before cutoff; exception codes reviewed separately
21889,merchandise,WOODEN BOX OF DOMINOES,1156,Descriptive catalogue item on positive numeric invoice before cutoff; exception codes reviewed separately
21890,merchandise,S/6 WOODEN SKITTLES IN COTTON BAG,576,Descriptive catalogue item on positive numeric invoice before cutoff; exception codes reviewed separately
21891,merchandise,TRADITIONAL WOODEN SKIPPING ROPE,872,Descriptive catalogue item on positive numeric invoice before cutoff; exception codes reviewed separately
21892,merchandise,TRADITIONAL WOODEN CATCH CUP GAME,863,Descriptive catalogue item on positive numeric invoice before cutoff; exception codes reviewed separately
21893,merchandise,POTTING SHED SEED TIN,20,Descriptive catalogue item on positive numeric invoice before cutoff; exception codes reviewed separately
21894,merchandise,POTTING SHED SEED ENVELOPES,259,Descriptive catalogue item on positive numeric invoice before cutoff; exception codes reviewed separately
21895,merchandise,POTTING SHED SOW 'N' GROW SET,88,Descriptive catalogue item on positive numeric invoice before cutoff; exception codes reviewed separately
21896,merchandise,POTTING SHED TWINE,302,Descriptive catalogue item on positive numeric invoice before cutoff; exception codes reviewed separately
21897,merchandise,POTTING SHED CANDLE CITRONELLA,114,Descriptive catalogue item on positive numeric invoice before cutoff; exception codes reviewed separately
21898,merchandise,POTTING SHED ROSE CANDLE,119,Descriptive catalogue item on positive numeric invoice before cutoff; exception codes reviewed separately
21899,merchandise,"KEY FOB , GARAGE DESIGN",505,Descriptive catalogue item on positive numeric invoice before cutoff; exception codes reviewed separately
21900,merchandise,"KEY FOB , SHED",856,Descriptive catalogue item on positive numeric invoice before cutoff; exception codes reviewed separately
21901,merchandise,"KEY FOB , BACK DOOR",718,Descriptive catalogue item on positive numeric invoice before cutoff; exception codes reviewed separately
21902,merchandise,"KEY FOB , FRONT  DOOR",494,Descriptive catalogue item on positive numeric invoice before cutoff; exception codes reviewed separately
21903,merchandise,MAN FLU METAL SIGN,424,Descriptive catalogue item on positive numeric invoice before cutoff; exception codes reviewed separately
21904,merchandise,HOUSE WRECKING METAL SIGN,151,Descriptive catalogue item on positive numeric invoice before cutoff; exception codes reviewed separately
21905,merchandise,MORE BUTTER METAL SIGN,264,Descriptive catalogue item on positive numeric invoice before cutoff; exception codes reviewed separately
21906,merchandise,PHARMACIE FIRST AID TIN,437,Descriptive catalogue item on positive numeric invoice before cutoff; exception codes reviewed separately
21907,merchandise,I'M ON HOLIDAY METAL SIGN,788,Descriptive catalogue item on positive numeric invoice before cutoff; exception codes reviewed separately
21908,merchandise,CHOCOLATE THIS WAY METAL SIGN,997,Descriptive catalogue item on positive numeric invoice before cutoff; exception codes reviewed separately
21909,unresolved,,0,No descriptive positive-purchase evidence before cutoff
21910,merchandise,WAY OUT METAL SIGN,112,Descriptive catalogue item on positive numeric invoice before cutoff; exception codes reviewed separately
21911,merchandise,GARDEN METAL SIGN,355,Descriptive catalogue item on positive numeric invoice before cutoff; exception codes reviewed separately
21912,merchandise,VINTAGE SNAKES & LADDERS,831,Descriptive catalogue item on positive numeric invoice before cutoff; exception codes reviewed separately
21913,merchandise,VINTAGE SEASIDE JIGSAW PUZZLES,308,Descriptive catalogue item on positive numeric invoice before cutoff; exception codes reviewed separately
21914,merchandise,BLUE HARMONICA IN BOX,951,Descriptive catalogue item on positive numeric invoice before cutoff; exception codes reviewed separately
21915,merchandise,RED  HARMONICA IN BOX,1071,Descriptive catalogue item on positive numeric invoice before cutoff; exception codes reviewed separately
21916,merchandise,SET 12 RETRO WHITE CHALK STICKS,724,Descriptive catalogue item on positive numeric invoice before cutoff; exception codes reviewed separately
21917,merchandise,SET 12 KIDS  WHITE CHALK STICKS,475,Descriptive catalogue item on positive numeric invoice before cutoff; exception codes reviewed separately
21918,merchandise,SET 12 KIDS COLOUR  CHALK STICKS,799,Descriptive catalogue item on positive numeric invoice before cutoff; exception codes reviewed separately
21919,merchandise,Electronic Talking Breath-A-Loser,5,Descriptive catalogue item on positive numeric invoice before cutoff; exception codes reviewed separately
21920,unresolved,,0,No descriptive positive-purchase evidence before cutoff
21922,merchandise,UNION STRIPE WITH FRINGE  HAMMOCK,390,Descriptive catalogue item on positive numeric invoice before cutoff; exception codes reviewed separately
21923,merchandise,RED/CREAM STRIPE FRINGE HAMMOCK,120,Descriptive catalogue item on positive numeric invoice before cutoff; exception codes reviewed separately
21924,merchandise,BLUE/CREAM STRIPE FRINGE HAMMOCK,124,Descriptive catalogue item on positive numeric invoice before cutoff; exception codes reviewed separately
21925,merchandise,UNION STRIPE CUSHION COVER,169,Descriptive catalogue item on positive numeric invoice before cutoff; exception codes reviewed separately
21926,merchandise,RED/CREAM STRIPE CUSHION COVER,147,Descriptive catalogue item on positive numeric invoice before cutoff; exception codes reviewed separately
21927,merchandise,BLUE/CREAM STRIPE CUSHION COVER,192,Descriptive catalogue item on positive numeric invoice before cutoff; exception codes reviewed separately
21928,merchandise,JUMBO BAG SCANDINAVIAN PAISLEY,918,Descriptive catalogue item on positive numeric invoice before cutoff; exception codes reviewed separately
21929,merchandise,JUMBO BAG PINK VINTAGE PAISLEY,1636,Descriptive catalogue item on positive numeric invoice before cutoff; exception codes reviewed separately
21930,merchandise,JUMBO STORAGE BAG SKULLS,1340,Descriptive catalogue item on positive numeric invoice before cutoff; exception codes reviewed separately
21931,merchandise,JUMBO STORAGE BAG SUKI,2362,Descriptive catalogue item on positive numeric invoice before cutoff; exception codes reviewed separately
21932,merchandise,SCANDINAVIAN PAISLEY PICNIC BAG,652,Descriptive catalogue item on positive numeric invoice before cutoff; exception codes reviewed separately
21933,merchandise,PINK VINTAGE PAISLEY PICNIC BAG,637,Descriptive catalogue item on positive numeric invoice before cutoff; exception codes reviewed separately
21934,merchandise,SKULL SHOULDER BAG,724,Descriptive catalogue item on positive numeric invoice before cutoff; exception codes reviewed separately
21935,merchandise,SUKI  SHOULDER BAG,928,Descriptive catalogue item on positive numeric invoice before cutoff; exception codes reviewed separately
21936,merchandise,RED RETROSPOT PICNIC BAG,948,Descriptive catalogue item on positive numeric invoice before cutoff; exception codes reviewed separately
21937,merchandise,STRAWBERRY   PICNIC BAG,675,Descriptive catalogue item on positive numeric invoice before cutoff; exception codes reviewed separately
21942,merchandise,SKULLS DESIGN FLANNEL,224,Descriptive catalogue item on positive numeric invoice before cutoff; exception codes reviewed separately
21943,merchandise,CAKES AND RABBITS DESIGN FLANNEL,149,Descriptive catalogue item on positive numeric invoice before cutoff; exception codes reviewed separately
21944,merchandise,KITTENS DESIGN FLANNEL,200,Descriptive catalogue item on positive numeric invoice before cutoff; exception codes reviewed separately
21945,merchandise,STRAWBERRIES  DESIGN FLANNEL,247,Descriptive catalogue item on positive numeric invoice before cutoff; exception codes reviewed separately
21946,merchandise,PARTY TIME DESIGN FLANNEL,65,Descriptive catalogue item on positive numeric invoice before cutoff; exception codes reviewed separately
21947,merchandise,SET OF 6 HEART CHOPSTICKS,306,Descriptive catalogue item on positive numeric invoice before cutoff; exception codes reviewed separately
21948,merchandise,SET OF 6 CAKE CHOPSTICKS,277,Descriptive catalogue item on positive numeric invoice before cutoff; exception codes reviewed separately
21949,merchandise,SET OF 6 STRAWBERRY CHOPSTICKS,272,Descriptive catalogue item on positive numeric invoice before cutoff; exception codes reviewed separately
21950,merchandise,SET OF 6 DOTS CHOPSTICKS,18,Descriptive catalogue item on positive numeric invoice before cutoff; exception codes reviewed separately
21955,merchandise,DOORMAT UNION JACK GUNS AND ROSES,420,Descriptive catalogue item on positive numeric invoice before cutoff; exception codes reviewed separately
21967,merchandise,PACK OF 12 SKULL TISSUES,503,Descriptive catalogue item on positive numeric invoice before cutoff; exception codes reviewed separately
21972,merchandise,SET OF 36 DINOSAUR PAPER DOILIES,171,Descriptive catalogue item on positive numeric invoice before cutoff; exception codes reviewed separately
21973,merchandise,SET OF 36 MUSHROOM PAPER DOILIES,211,Descriptive catalogue item on positive numeric invoice before cutoff; exception codes reviewed separately
21974,merchandise,SET OF 36 PAISLEY FLOWER DOILIES,807,Descriptive catalogue item on positive numeric invoice before cutoff; exception codes reviewed separately
21975,merchandise,PACK OF 60 DINOSAUR CAKE CASES,1367,Descriptive catalogue item on positive numeric invoice before cutoff; exception codes reviewed separately
21976,merchandise,PACK OF 60 MUSHROOM CAKE CASES,986,Descriptive catalogue item on positive numeric invoice before cutoff; exception codes reviewed separately
21977,merchandise,PACK OF 60 PINK PAISLEY CAKE CASES,2050,Descriptive catalogue item on positive numeric invoice before cutoff; exception codes reviewed separately
21980,merchandise,PACK OF 12 RED RETROSPOT TISSUES,416,Descriptive catalogue item on positive numeric invoice before cutoff; exception codes reviewed separately
21981,merchandise,PACK OF 12 WOODLAND TISSUES,576,Descriptive catalogue item on positive numeric invoice before cutoff; exception codes reviewed separately
21982,merchandise,PACK OF 12 SUKI TISSUES,746,Descriptive catalogue item on positive numeric invoice before cutoff; exception codes reviewed separately
21983,merchandise,PACK OF 12 BLUE PAISLEY TISSUES,330,Descriptive catalogue item on positive numeric invoice before cutoff; exception codes reviewed separately
21984,merchandise,PACK OF 12 PINK PAISLEY TISSUES,451,Descriptive catalogue item on positive numeric invoice before cutoff; exception codes reviewed separately
21985,merchandise,PACK OF 12 HEARTS DESIGN TISSUES,951,Descriptive catalogue item on positive numeric invoice before cutoff; exception codes reviewed separately
21986,merchandise,PACK OF 12 PINK POLKADOT TISSUES,277,Descriptive catalogue item on positive numeric invoice before cutoff; exception codes reviewed separately
21987,merchandise,PACK OF 6 SKULL PAPER CUPS,396,Descriptive catalogue item on positive numeric invoice before cutoff; exception codes reviewed separately
21988,merchandise,PACK OF 6 SKULL PAPER PLATES,425,Descriptive catalogue item on positive numeric invoice before cutoff; exception codes reviewed separately
21989,merchandise,PACK OF 20 SKULL PAPER NAPKINS,667,Descriptive catalogue item on positive numeric invoice before cutoff; exception codes reviewed separately
21990,merchandise,MODERN FLORAL STATIONERY SET,499,Descriptive catalogue item on positive numeric invoice before cutoff; exception codes reviewed separately
21991,merchandise,BOHEMIAN COLLAGE STATIONERY SET,288,Descriptive catalogue item on positive numeric invoice before cutoff; exception codes reviewed separately
21992,merchandise,VINTAGE PAISLEY STATIONERY SET,693,Descriptive catalogue item on positive numeric invoice before cutoff; exception codes reviewed separately
21993,merchandise,FLORAL FOLK STATIONERY SET,579,Descriptive catalogue item on positive numeric invoice before cutoff; exception codes reviewed separately
22003,unresolved,,0,No descriptive positive-purchase evidence before cutoff
22016,non_merchandise,Dotcomgiftshop Gift Voucher £100.00,1,"Explicit fee, shipping, adjustment, voucher, or test-code exclusion; see cleaning report"
22021,merchandise,BLUE FELT EASTER EGG BASKET,241,Descriptive catalogue item on positive numeric invoice before cutoff; exception codes reviewed separately
22022,unresolved,,0,No descriptive positive-purchase evidence before cutoff
22023,merchandise,EMPIRE BIRTHDAY CARD,441,Descriptive catalogue item on positive numeric invoice before cutoff; exception codes reviewed separately
22024,merchandise,RAINY LADIES BIRTHDAY CARD,440,Descriptive catalogue item on positive numeric invoice before cutoff; exception codes reviewed separately
22025,merchandise,RING OF ROSES BIRTHDAY CARD,290,Descriptive catalogue item on positive numeric invoice before cutoff; exception codes reviewed separately
22026,merchandise,BANQUET BIRTHDAY  CARD,365,Descriptive catalogue item on positive numeric invoice before cutoff; exception codes reviewed separately
22027,merchandise,TEA PARTY BIRTHDAY CARD,854,Descriptive catalogue item on positive numeric invoice before cutoff; exception codes reviewed separately
22028,merchandise,PENNY FARTHING BIRTHDAY CARD,509,Descriptive catalogue item on positive numeric invoice before cutoff; exception codes reviewed separately
22029,merchandise,SPACEBOY BIRTHDAY CARD,1039,Descriptive catalogue item on positive numeric invoice before cutoff; exception codes reviewed separately
22030,merchandise,SWALLOWS GREETING CARD,709,Descriptive catalogue item on positive numeric invoice before cutoff; exception codes reviewed separately
22031,merchandise,BOTANICAL LAVENDER BIRTHDAY CARD,139,Descriptive catalogue item on positive numeric invoice before cutoff; exception codes reviewed separately
22032,merchandise,BOTANICAL LILY GREETING CARD,111,Descriptive catalogue item on positive numeric invoice before cutoff; exception codes reviewed separately
22033,merchandise,BOTANICAL ROSE GREETING CARD,129,Descriptive catalogue item on positive numeric invoice before cutoff; exception codes reviewed separately
22034,merchandise,ROBIN CHRISTMAS CARD,98,Descriptive catalogue item on positive numeric invoice before cutoff; exception codes reviewed separately
22035,merchandise,VINTAGE CARAVAN GREETING CARD,365,Descriptive catalogue item on positive numeric invoice before cutoff; exception codes reviewed separately
22036,merchandise,DINOSAUR BIRTHDAY CARD,137,Descriptive catalogue item on positive numeric invoice before cutoff; exception codes reviewed separately
22037,merchandise,ROBOT BIRTHDAY CARD,634,Descriptive catalogue item on positive numeric invoice before cutoff; exception codes reviewed separately
22038,merchandise,BOTANICAL LAVENDER GIFT WRAP,44,Descriptive catalogue item on positive numeric invoice before cutoff; exception codes reviewed separately
22039,merchandise,BOTANICAL LILY GIFT WRAP,30,Descriptive catalogue item on positive numeric invoice before cutoff; exception codes reviewed separately
22040,merchandise,BOTANICAL ROSE GIFT WRAP,94,Descriptive catalogue item on positive numeric invoice before cutoff; exception codes reviewed separately
22041,merchandise,"RECORD FRAME 7"" SINGLE SIZE",565,Descriptive catalogue item on positive numeric invoice before cutoff; exception codes reviewed separately
22042,merchandise,CHRISTMAS CARD SINGING ANGEL,136,Descriptive catalogue item on positive numeric invoice before cutoff; exception codes reviewed separately
22043,merchandise,CHRISTMAS CARD SCREEN PRINT,128,Descriptive catalogue item on positive numeric invoice before cutoff; exception codes reviewed separately
22044,merchandise,CHRISTMAS CARD STACK OF PRESENTS,93,Descriptive catalogue item on positive numeric invoice before cutoff; exception codes reviewed separately
22045,merchandise,SPACEBOY GIFT WRAP,445,Descriptive catalogue item on positive numeric invoice before cutoff; exception codes reviewed separately
22046,merchandise,TEA PARTY  WRAPPING PAPER,205,Descriptive catalogue item on positive numeric invoice before cutoff; exception codes reviewed separately
22047,merchandise,EMPIRE GIFT WRAP,261,Descriptive catalogue item on positive numeric invoice before cutoff; exception codes reviewed separately
22048,merchandise,BIRTHDAY BANQUET GIFT WRAP,102,Descriptive catalogue item on positive numeric invoice before cutoff; exception codes reviewed separately
22049,merchandise,WRAP CHRISTMAS SCREEN PRINT,119,Descriptive catalogue item on positive numeric invoice before cutoff; exception codes reviewed separately
22050,merchandise,PINK PAISLEY ROSE GIFT WRAP,115,Descriptive catalogue item on positive numeric invoice before cutoff; exception codes reviewed separately
22051,merchandise,BLUE SCANDINAVIAN PAISLEY WRAP,118,Descriptive catalogue item on positive numeric invoice before cutoff; exception codes reviewed separately
22052,merchandise,VINTAGE CARAVAN GIFT WRAP,131,Descriptive catalogue item on positive numeric invoice before cutoff; exception codes reviewed separately
22053,merchandise,EMPIRE DESIGN ROSETTE,89,Descriptive catalogue item on positive numeric invoice before cutoff; exception codes reviewed separately
22054,merchandise,MINI CAKE STAND HANGING HEARTS,80,Descriptive catalogue item on positive numeric invoice before cutoff; exception codes reviewed separately
22055,merchandise,MINI CAKE STAND  HANGING STRAWBERY,739,Descriptive catalogue item on positive numeric invoice before cutoff; exception codes reviewed separately
22056,merchandise,CERAMIC PLATE LOVE HEART DESIGN,35,Descriptive catalogue item on positive numeric invoice before cutoff; exception codes reviewed separately
22057,merchandise,CERAMIC PLATE STRAWBERRY DESIGN,252,Descriptive catalogue item on positive numeric invoice before cutoff; exception codes reviewed separately
22058,merchandise,CERAMIC LOVE HEARTS DESIGN MUG,117,Descriptive catalogue item on positive numeric invoice before cutoff; exception codes reviewed separately
22059,merchandise,CERAMIC STRAWBERRY DESIGN MUG,247,Descriptive catalogue item on positive numeric invoice before cutoff; exception codes reviewed separately
22060,merchandise,LARGE CAKE STAND HANGING HEARTS,164,Descriptive catalogue item on positive numeric invoice before cutoff; exception codes reviewed separately
22061,merchandise,LARGE CAKE STAND  HANGING STRAWBERY,514,Descriptive catalogue item on positive numeric invoice before cutoff; exception codes reviewed separately
22062,merchandise,CERAMIC BOWL WITH LOVE HEART DESIGN,139,Descriptive catalogue item on positive numeric invoice before cutoff; exception codes reviewed separately
22063,merchandise,CERAMIC BOWL WITH STRAWBERRY DESIGN,365,Descriptive catalogue item on positive numeric invoice before cutoff; exception codes reviewed separately
22064,merchandise,PINK DOUGHNUT TRINKET POT,714,Descriptive catalogue item on positive numeric invoice before cutoff; exception codes reviewed separately
22065,merchandise,CHRISTMAS PUDDING TRINKET POT,483,Descriptive catalogue item on positive numeric invoice before cutoff; exception codes reviewed separately
22066,merchandise,LOVE HEART TRINKET POT,288,Descriptive catalogue item on positive numeric invoice before cutoff; exception codes reviewed separately
22067,merchandise,CHOC TRUFFLE GOLD TRINKET POT,261,Descriptive catalogue item on positive numeric invoice before cutoff; exception codes reviewed separately
22068,merchandise,BLACK PIRATE TREASURE CHEST,276,Descriptive catalogue item on positive numeric invoice before cutoff; exception codes reviewed separately
22069,merchandise,BROWN  PIRATE TREASURE CHEST,262,Descriptive catalogue item on positive numeric invoice before cutoff; exception codes reviewed separately
22070,merchandise,SMALL RED RETROSPOT MUG IN BOX,241,Descriptive catalogue item on positive numeric invoice before cutoff; exception codes reviewed separately
22071,merchandise,SMALL WHITE RETROSPOT MUG IN BOX,182,Descriptive catalogue item on positive numeric invoice before cutoff; exception codes reviewed separately
22072,merchandise,RED RETROSPOT TEA CUP AND SAUCER,385,Descriptive catalogue item on positive numeric invoice before cutoff; exception codes reviewed separately
22073,merchandise,RED RETROSPOT STORAGE JAR,340,Descriptive catalogue item on positive numeric invoice before cutoff; exception codes reviewed separately
22074,merchandise,6 RIBBONS SHIMMERING PINKS,278,Descriptive catalogue item on positive numeric invoice before cutoff; exception codes reviewed separately
22075,merchandise,6 RIBBONS ELEGANT CHRISTMAS,346,Descriptive catalogue item on positive numeric invoice before cutoff; exception codes reviewed separately
22076,merchandise,6 RIBBONS EMPIRE,367,Descriptive catalogue item on positive numeric invoice before cutoff; exception codes reviewed separately
22077,merchandise,6 RIBBONS RUSTIC CHARM,1807,Descriptive catalogue item on positive numeric invoice before cutoff; exception codes reviewed separately
22078,merchandise,RIBBON REEL LACE DESIGN,500,Descriptive catalogue item on positive numeric invoice before cutoff; exception codes reviewed separately
22079,merchandise,RIBBON REEL HEARTS DESIGN,698,Descriptive catalogue item on positive numeric invoice before cutoff; exception codes reviewed separately
22080,merchandise,RIBBON REEL SPOTS DESIGN,284,Descriptive catalogue item on positive numeric invoice before cutoff; exception codes reviewed separately
22081,merchandise,RIBBON REEL FLORA + FAUNA,310,Descriptive catalogue item on positive numeric invoice before cutoff; exception codes reviewed separately
22082,merchandise,RIBBON REEL STRIPES DESIGN,1024,Descriptive catalogue item on positive numeric invoice before cutoff; exception codes reviewed separately
22083,merchandise,PAPER CHAIN KIT RETROSPOT,822,Descriptive catalogue item on positive numeric invoice before cutoff; exception codes reviewed separately
22084,merchandise,PAPER CHAIN KIT EMPIRE,837,Descriptive catalogue item on positive numeric invoice before cutoff; exception codes reviewed separately
22085,merchandise,PAPER CHAIN KIT SKULLS,229,Descriptive catalogue item on positive numeric invoice before cutoff; exception codes reviewed separately
22086,merchandise,PAPER CHAIN KIT 50'S CHRISTMAS,2077,Descriptive catalogue item on positive numeric invoice before cutoff; exception codes reviewed separately
22087,merchandise,PAPER BUNTING WHITE LACE,885,Descriptive catalogue item on positive numeric invoice before cutoff; exception codes reviewed separately
22088,merchandise,PAPER BUNTING COLOURED LACE,634,Descriptive catalogue item on positive numeric invoice before cutoff; exception codes reviewed separately
22089,merchandise,PAPER BUNTING VINTAGE PAISLEY,565,Descriptive catalogue item on positive numeric invoice before cutoff; exception codes reviewed separately
22090,merchandise,PAPER BUNTING RETROSPOT,923,Descriptive catalogue item on positive numeric invoice before cutoff; exception codes reviewed separately
22091,merchandise,EMPIRE TISSUE BOX,332,Descriptive catalogue item on positive numeric invoice before cutoff; exception codes reviewed separately
22092,merchandise,BLUE PAISLEY TISSUE BOX,145,Descriptive catalogue item on positive numeric invoice before cutoff; exception codes reviewed separately
22093,merchandise,MOTORING TISSUE BOX,283,Descriptive catalogue item on positive numeric invoice before cutoff; exception codes reviewed separately
22094,merchandise,RED RETROSPOT TISSUE BOX,239,Descriptive catalogue item on positive numeric invoice before cutoff; exception codes reviewed separately
22095,merchandise,LADS ONLY TISSUE BOX,312,Descriptive catalogue item on positive numeric invoice before cutoff; exception codes reviewed separately
22096,merchandise,PINK PAISLEY SQUARE TISSUE BOX,192,Descriptive catalogue item on positive numeric invoice before cutoff; exception codes reviewed separately
22097,merchandise,SWALLOW SQUARE TISSUE BOX,266,Descriptive catalogue item on positive numeric invoice before cutoff; exception codes reviewed separately
22098,merchandise,BOUDOIR SQUARE TISSUE BOX,326,Descriptive catalogue item on positive numeric invoice before cutoff; exception codes reviewed separately
22099,merchandise,CARAVAN SQUARE TISSUE BOX,303,Descriptive catalogue item on positive numeric invoice before cutoff; exception codes reviewed separately
22100,merchandise,SKULLS SQUARE TISSUE BOX,140,Descriptive catalogue item on positive numeric invoice before cutoff; exception codes reviewed separately
22101,merchandise,MIRROR MOSAIC VOTIVE HOLDER,119,Descriptive catalogue item on positive numeric invoice before cutoff; exception codes reviewed separately
22102,merchandise,MIRROR MOSAIC T-LIGHT HOLDER,62,Descriptive catalogue item on positive numeric invoice before cutoff; exception codes reviewed separately
22103,merchandise,MIRROR MOSAIC T-LIGHT HOLDER ROUND,74,Descriptive catalogue item on positive numeric invoice before cutoff; exception codes reviewed separately
22104,merchandise,MIRROR MOSAIC CANDLE PLATE,98,Descriptive catalogue item on positive numeric invoice before cutoff; exception codes reviewed separately
22105,merchandise,MIRROR MOSAIC GOBLET CANDLE HOLDER,55,Descriptive catalogue item on positive numeric invoice before cutoff; exception codes reviewed separately
22106,merchandise,MIRROR MOSAIC HURRICANE LAMP,79,Descriptive catalogue item on positive numeric invoice before cutoff; exception codes reviewed separately
22107,merchandise,PIZZA PLATE IN BOX,374,Descriptive catalogue item on positive numeric invoice before cutoff; exception codes reviewed separately
22108,merchandise,PING! MICROWAVE PLATE,122,Descriptive catalogue item on positive numeric invoice before cutoff; exception codes reviewed separately
22109,merchandise,FULL ENGLISH BREAKFAST PLATE,648,Descriptive catalogue item on positive numeric invoice before cutoff; exception codes reviewed separately
22110,merchandise,BIRD HOUSE HOT WATER BOTTLE,531,Descriptive catalogue item on positive numeric invoice before cutoff; exception codes reviewed separately
22111,merchandise,SCOTTIE DOG HOT WATER BOTTLE,1770,Descriptive catalogue item on positive numeric invoice before cutoff; exception codes reviewed separately
22112,merchandise,CHOCOLATE HOT WATER BOTTLE,1764,Descriptive catalogue item on positive numeric invoice before cutoff; exception codes reviewed separately
22113,merchandise,GREY HEART HOT WATER BOTTLE,1057,Descriptive catalogue item on positive numeric invoice before cutoff; exception codes reviewed separately
22114,merchandise,HOT WATER BOTTLE TEA AND SYMPATHY,1628,Descriptive catalogue item on positive numeric invoice before cutoff; exception codes reviewed separately
22115,merchandise,METAL SIGN EMPIRE TEA,504,Descriptive catalogue item on positive numeric invoice before cutoff; exception codes reviewed separately
22116,merchandise,METAL SIGN HIS DINNER IS SERVED,195,Descriptive catalogue item on positive numeric invoice before cutoff; exception codes reviewed separately
22117,merchandise,METAL SIGN HER DINNER IS SERVED,232,Descriptive catalogue item on positive numeric invoice before cutoff; exception codes reviewed separately
22118,merchandise,JOY WOODEN BLOCK LETTERS,274,Descriptive catalogue item on positive numeric invoice before cutoff; exception codes reviewed separately
22119,merchandise,PEACE WOODEN BLOCK LETTERS,350,Descriptive catalogue item on positive numeric invoice before cutoff; exception codes reviewed separately
22120,merchandise,WELCOME  WOODEN BLOCK LETTERS,372,Descriptive catalogue item on positive numeric invoice before cutoff; exception codes reviewed separately
22121,merchandise,NOEL WOODEN BLOCK LETTERS,467,Descriptive catalogue item on positive numeric invoice before cutoff; exception codes reviewed separately
22122,merchandise,SET OF 2 FANCY FONT TEA TOWELS,198,Descriptive catalogue item on positive numeric invoice before cutoff; exception codes reviewed separately
22123,merchandise,PING MICROWAVE APRON,152,Descriptive catalogue item on positive numeric invoice before cutoff; exception codes reviewed separately
22124,merchandise,SET OF 2 TEA TOWELS PING MICROWAVE,123,Descriptive catalogue item on positive numeric invoice before cutoff; exception codes reviewed separately
22125,merchandise,UNION JACK HOT WATER BOTTLE,194,Descriptive catalogue item on positive numeric invoice before cutoff; exception codes reviewed separately
22126,unresolved,,0,No descriptive positive-purchase evidence before cutoff
22127,merchandise,PARTY CONES CARNIVAL ASSORTED,162,Descriptive catalogue item on positive numeric invoice before cutoff; exception codes reviewed separately
22128,merchandise,PARTY CONES CANDY ASSORTED,202,Descriptive catalogue item on positive numeric invoice before cutoff; exception codes reviewed separately
22129,merchandise,PARTY CONES CANDY TREE DECORATION,110,Descriptive catalogue item on positive numeric invoice before cutoff; exception codes reviewed separately
22130,merchandise,PARTY CONE CHRISTMAS DECORATION,458,Descriptive catalogue item on positive numeric invoice before cutoff; exception codes reviewed separately
22131,merchandise,FOOD CONTAINER SET 3 LOVE HEART,727,Descriptive catalogue item on positive numeric invoice before cutoff; exception codes reviewed separately
22132,merchandise,RED LOVE HEART SHAPE CUP,395,Descriptive catalogue item on positive numeric invoice before cutoff; exception codes reviewed separately
22133,merchandise,PINK LOVE HEART SHAPE CUP,333,Descriptive catalogue item on positive numeric invoice before cutoff; exception codes reviewed separately
22134,merchandise,LADLE LOVE HEART RED,152,Descriptive catalogue item on positive numeric invoice before cutoff; exception codes reviewed separately
22135,merchandise,LADLE LOVE HEART PINK,163,Descriptive catalogue item on positive numeric invoice before cutoff; exception codes reviewed separately
22136,merchandise,LOVE HEART SOCK HANGER,279,Descriptive catalogue item on positive numeric invoice before cutoff; exception codes reviewed separately
22137,merchandise,BATHROOM SET LOVE HEART DESIGN,44,Descriptive catalogue item on positive numeric invoice before cutoff; exception codes reviewed separately
22138,merchandise,BAKING SET 9 PIECE RETROSPOT,1895,Descriptive catalogue item on positive numeric invoice before cutoff; exception codes reviewed separately
22139,merchandise,RETROSPOT TEA SET CERAMIC 11 PC,1292,Descriptive catalogue item on positive numeric invoice before cutoff; exception codes reviewed separately
22141,merchandise,CHRISTMAS CRAFT TREE TOP ANGEL,597,Descriptive catalogue item on positive numeric invoice before cutoff; exception codes reviewed separately
22142,merchandise,CHRISTMAS CRAFT WHITE FAIRY,518,Descriptive catalogue item on positive numeric invoice before cutoff; exception codes reviewed separately
22143,merchandise,CHRISTMAS CRAFT HEART DECORATIONS,73,Descriptive catalogue item on positive numeric invoice before cutoff; exception codes reviewed separately
22144,merchandise,CHRISTMAS CRAFT LITTLE FRIENDS,737,Descriptive catalogue item on positive numeric invoice before cutoff; exception codes reviewed separately
22145,merchandise,CHRISTMAS CRAFT HEART STOCKING,206,Descriptive catalogue item on positive numeric invoice before cutoff; exception codes reviewed separately
22146,merchandise,EASTER CRAFT IVY WREATH WITH CHICK,112,Descriptive catalogue item on positive numeric invoice before cutoff; exception codes reviewed separately
22147,merchandise,FELTCRAFT BUTTERFLY HEARTS,1242,Descriptive catalogue item on positive numeric invoice before cutoff; exception codes reviewed separately
22148,merchandise,EASTER CRAFT 4 CHICKS,310,Descriptive catalogue item on positive numeric invoice before cutoff; exception codes reviewed separately
22149,merchandise,FELTCRAFT 6 FLOWER FRIENDS,1470,Descriptive catalogue item on positive numeric invoice before cutoff; exception codes reviewed separately
22150,merchandise,3 STRIPEY MICE FELTCRAFT,967,Descriptive catalogue item on positive numeric invoice before cutoff; exception codes reviewed separately
22151,merchandise,PLACE SETTING WHITE HEART,746,Descriptive catalogue item on positive numeric invoice before cutoff; exception codes reviewed separately
22152,merchandise,PLACE SETTING WHITE STAR,254,Descriptive catalogue item on positive numeric invoice before cutoff; exception codes reviewed separately
22153,merchandise,ANGEL DECORATION STARS ON DRESS,292,Descriptive catalogue item on positive numeric invoice before cutoff; exception codes reviewed separately
22154,merchandise,ANGEL DECORATION 3 BUTTONS,336,Descriptive catalogue item on positive numeric invoice before cutoff; exception codes reviewed separately
22155,merchandise,STAR DECORATION RUSTIC,363,Descriptive catalogue item on positive numeric invoice before cutoff; exception codes reviewed separately
22156,merchandise,HEART DECORATION WITH PEARLS,608,Descriptive catalogue item on positive numeric invoice before cutoff; exception codes reviewed separately
22157,merchandise,ANGEL DECORATION WITH LACE PADDED,134,Descriptive catalogue item on positive numeric invoice before cutoff; exception codes reviewed separately
22158,merchandise,3 HEARTS HANGING DECORATION RUSTIC,769,Descriptive catalogue item on positive numeric invoice before cutoff; exception codes reviewed separately
22161,merchandise,HEART DECORATION RUSTIC HANGING,518,Descriptive catalogue item on positive numeric invoice before cutoff; exception codes reviewed separately
22162,merchandise,HEART GARLAND RUSTIC PADDED,279,Descriptive catalogue item on positive numeric invoice before cutoff; exception codes reviewed separately
22163,merchandise,HEART STRING MEMO HOLDER HANGING,200,Descriptive catalogue item on positive numeric invoice before cutoff; exception codes reviewed separately
22164,merchandise,STRING OF STARS CARD HOLDER,51,Descriptive catalogue item on positive numeric invoice before cutoff; exception codes reviewed separately
22165,merchandise,"DIAMANTE HEART SHAPED WALL MIRROR,",266,Descriptive catalogue item on positive numeric invoice before cutoff; exception codes reviewed separately
22166,merchandise,WALL MIRROR RECTANGLE DIAMANTE PINK,100,Descriptive catalogue item on positive numeric invoice before cutoff; exception codes reviewed separately
22167,merchandise,OVAL WALL MIRROR DIAMANTE,173,Descriptive catalogue item on positive numeric invoice before cutoff; exception codes reviewed separately
22168,merchandise,ORGANISER WOOD ANTIQUE WHITE,320,Descriptive catalogue item on positive numeric invoice before cutoff; exception codes reviewed separately
22169,merchandise,FAMILY ALBUM WHITE PICTURE FRAME,702,Descriptive catalogue item on positive numeric invoice before cutoff; exception codes reviewed separately
22170,merchandise,PICTURE FRAME WOOD TRIPLE PORTRAIT,579,Descriptive catalogue item on positive numeric invoice before cutoff; exception codes reviewed separately
22171,merchandise,3 HOOK PHOTO SHELF ANTIQUE WHITE,664,Descriptive catalogue item on positive numeric invoice before cutoff; exception codes reviewed separately
22172,merchandise,METAL SHELF WITH RAIL,186,Descriptive catalogue item on positive numeric invoice before cutoff; exception codes reviewed separately
22173,merchandise,METAL 4 HOOK HANGER FRENCH CHATEAU,1015,Descriptive catalogue item on positive numeric invoice before cutoff; exception codes reviewed separately
22174,merchandise,PHOTO CUBE,587,Descriptive catalogue item on positive numeric invoice before cutoff; exception codes reviewed separately
22175,merchandise,PINK OWL SOFT TOY,372,Descriptive catalogue item on positive numeric invoice before cutoff; exception codes reviewed separately
22176,merchandise,BLUE OWL SOFT TOY,270,Descriptive catalogue item on positive numeric invoice before cutoff; exception codes reviewed separately
22177,merchandise,5 HOOK BLACKBOARD ORGANISER,126,Descriptive catalogue item on positive numeric invoice before cutoff; exception codes reviewed separately
22178,merchandise,VICTORIAN GLASS HANGING T-LIGHT,1847,Descriptive catalogue item on positive numeric invoice before cutoff; exception codes reviewed separately
22179,merchandise,SET 10 LIGHTS NIGHT OWL,415,Descriptive catalogue item on positive numeric invoice before cutoff; exception codes reviewed separately
22180,merchandise,RETROSPOT LAMP,225,Descriptive catalogue item on positive numeric invoice before cutoff; exception codes reviewed separately
22181,merchandise,SNOWSTORM PHOTO FRAME FRIDGE MAGNET,146,Descriptive catalogue item on positive numeric invoice before cutoff; exception codes reviewed separately
22182,merchandise,CAKE STAND VICTORIAN FILIGREE SMALL,175,Descriptive catalogue item on positive numeric invoice before cutoff; exception codes reviewed separately
22183,merchandise,CAKE STAND VICTORIAN FILIGREE MED,220,Descriptive catalogue item on positive numeric invoice before cutoff; exception codes reviewed separately
22184,merchandise,CAKE STAND VICTORIAN FILIGREE LARGE,154,Descriptive catalogue item on positive numeric invoice before cutoff; exception codes reviewed separately
22185,merchandise,SLATE TILE NATURAL HANGING,460,Descriptive catalogue item on positive numeric invoice before cutoff; exception codes reviewed separately
22186,merchandise,RED STAR CARD HOLDER,350,Descriptive catalogue item on positive numeric invoice before cutoff; exception codes reviewed separately
22187,merchandise,GREEN CHRISTMAS TREE CARD HOLDER,376,Descriptive catalogue item on positive numeric invoice before cutoff; exception codes reviewed separately
22188,merchandise,BLACK HEART CARD HOLDER,574,Descriptive catalogue item on positive numeric invoice before cutoff; exception codes reviewed separately
22189,merchandise,CREAM HEART CARD HOLDER,1316,Descriptive catalogue item on positive numeric invoice before cutoff; exception codes reviewed separately
22190,merchandise,LOCAL CAFE MUG,245,Descriptive catalogue item on positive numeric invoice before cutoff; exception codes reviewed separately
22191,merchandise,IVORY DINER WALL CLOCK,512,Descriptive catalogue item on positive numeric invoice before cutoff; exception codes reviewed separately
22192,merchandise,BLUE DINER WALL CLOCK,545,Descriptive catalogue item on positive numeric invoice before cutoff; exception codes reviewed separately
22193,merchandise,RED DINER WALL CLOCK,621,Descriptive catalogue item on positive numeric invoice before cutoff; exception codes reviewed separately
22194,merchandise,BLACK DINER WALL CLOCK,163,Descriptive catalogue item on positive numeric invoice before cutoff; exception codes reviewed separately
22195,merchandise,LARGE HEART MEASURING SPOONS,826,Descriptive catalogue item on positive numeric invoice before cutoff; exception codes reviewed separately
22196,merchandise,SMALL HEART MEASURING SPOONS,1022,Descriptive catalogue item on positive numeric invoice before cutoff; exception codes reviewed separately
22197,merchandise,SMALL POPCORN HOLDER,1504,Descriptive catalogue item on positive numeric invoice before cutoff; exception codes reviewed separately
22198,merchandise,LARGE POPCORN HOLDER,599,Descriptive catalogue item on positive numeric invoice before cutoff; exception codes reviewed separately
22199,merchandise,FRYING PAN RED RETROSPOT,206,Descriptive catalogue item on positive numeric invoice before cutoff; exception codes reviewed separately
22200,merchandise,FRYING PAN PINK POLKADOT,350,Descriptive catalogue item on positive numeric invoice before cutoff; exception codes reviewed separately
22201,merchandise,FRYING PAN BLUE POLKADOT,158,Descriptive catalogue item on positive numeric invoice before cutoff; exception codes reviewed separately
22202,merchandise,MILK PAN PINK RETROSPOT,189,Descriptive catalogue item on positive numeric invoice before cutoff; exception codes reviewed separately
22203,merchandise,MILK PAN RED RETROSPOT,387,Descriptive catalogue item on positive numeric invoice before cutoff; exception codes reviewed separately
22204,merchandise,MILK PAN BLUE POLKADOT,89,Descriptive catalogue item on positive numeric invoice before cutoff; exception codes reviewed separately
22206,merchandise,"MUG , DOTCOMGIFTSHOP.COM",10,Descriptive catalogue item on positive numeric invoice before cutoff; exception codes reviewed separately
22207,merchandise,FRYING PAN UNION FLAG,484,Descriptive catalogue item on positive numeric invoice before cutoff; exception codes reviewed separately
22208,merchandise,WOOD STAMP SET THANK YOU,440,Descriptive catalogue item on positive numeric invoice before cutoff; exception codes reviewed separately
22209,merchandise,WOOD STAMP SET HAPPY BIRTHDAY,257,Descriptive catalogue item on positive numeric invoice before cutoff; exception codes reviewed separately
22210,merchandise,WOOD STAMP SET BEST WISHES,290,Descriptive catalogue item on positive numeric invoice before cutoff; exception codes reviewed separately
22211,merchandise,WOOD STAMP SET FLOWERS,292,Descriptive catalogue item on positive numeric invoice before cutoff; exception codes reviewed separately
22212,merchandise,FOUR HOOK  WHITE LOVEBIRDS,855,Descriptive catalogue item on positive numeric invoice before cutoff; exception codes reviewed separately
22213,unresolved,,0,No descriptive positive-purchase evidence before cutoff
22214,merchandise,CANDLE PLATE LACE WHITE,89,Descriptive catalogue item on positive numeric invoice before cutoff; exception codes reviewed separately
22215,merchandise,CAKE STAND WHITE TWO TIER LACE,348,Descriptive catalogue item on positive numeric invoice before cutoff; exception codes reviewed separately
22216,merchandise,T-LIGHT HOLDER WHITE LACE,114,Descriptive catalogue item on positive numeric invoice before cutoff; exception codes reviewed separately
22217,merchandise,T-LIGHT HOLDER HANGING LACE,200,Descriptive catalogue item on positive numeric invoice before cutoff; exception codes reviewed separately
22218,merchandise,CAKE STAND LACE WHITE,266,Descriptive catalogue item on positive numeric invoice before cutoff; exception codes reviewed separately
22219,merchandise,LOVEBIRD HANGING DECORATION WHITE,1188,Descriptive catalogue item on positive numeric invoice before cutoff; exception codes reviewed separately
22220,merchandise,CAKE STAND LOVEBIRD 2 TIER WHITE,256,Descriptive catalogue item on positive numeric invoice before cutoff; exception codes reviewed separately
22221,merchandise,CAKE STAND LOVEBIRD 2 TIER PINK,153,Descriptive catalogue item on positive numeric invoice before cutoff; exception codes reviewed separately
22222,merchandise,CAKE PLATE LOVEBIRD WHITE,404,Descriptive catalogue item on positive numeric invoice before cutoff; exception codes reviewed separately
22223,merchandise,CAKE PLATE LOVEBIRD PINK,177,Descriptive catalogue item on positive numeric invoice before cutoff; exception codes reviewed separately
22224,merchandise,WHITE LOVEBIRD LANTERN,410,Descriptive catalogue item on positive numeric invoice before cutoff; exception codes reviewed separately
22227,merchandise,HANGING HEART MIRROR DECORATION,376,Descriptive catalogue item on positive numeric invoice before cutoff; exception codes reviewed separately
22228,merchandise,BUNNY WOODEN PAINTED WITH BIRD,276,Descriptive catalogue item on positive numeric invoice before cutoff; exception codes reviewed separately
22229,merchandise,BUNNY WOODEN PAINTED WITH FLOWER,187,Descriptive catalogue item on positive numeric invoice before cutoff; exception codes reviewed separately
22230,merchandise,JIGSAW TREE WITH WATERING CAN,195,Descriptive catalogue item on positive numeric invoice before cutoff; exception codes reviewed separately
22231,merchandise,JIGSAW TREE WITH BIRDHOUSE,306,Descriptive catalogue item on positive numeric invoice before cutoff; exception codes reviewed separately
22232,merchandise,JIGSAW TOADSTOOLS 3 PIECE,151,Descriptive catalogue item on positive numeric invoice before cutoff; exception codes reviewed separately
22233,merchandise,JIGSAW RABBIT AND BIRDHOUSE,164,Descriptive catalogue item on positive numeric invoice before cutoff; exception codes reviewed separately
22236,merchandise,CAKE STAND 3 TIER MAGIC GARDEN,424,Descriptive catalogue item on positive numeric invoice before cutoff; exception codes reviewed separately
22241,merchandise,GARLAND WOODEN HAPPY EASTER,474,Descriptive catalogue item on positive numeric invoice before cutoff; exception codes reviewed separately
22242,merchandise,"HOOK, 5 HANGER , MAGIC TOADSTOOL",267,Descriptive catalogue item on positive numeric invoice before cutoff; exception codes reviewed separately
22243,merchandise,5 HOOK HANGER RED MAGIC TOADSTOOL,230,Descriptive catalogue item on positive numeric invoice before cutoff; exception codes reviewed separately
22244,merchandise,3 HOOK HANGER MAGIC GARDEN,235,Descriptive catalogue item on positive numeric invoice before cutoff; exception codes reviewed separately
22245,merchandise,"HOOK, 1 HANGER ,MAGIC GARDEN",432,Descriptive catalogue item on positive numeric invoice before cutoff; exception codes reviewed separately
22246,merchandise,"GARLAND, MAGIC GARDEN 1.8M",98,Descriptive catalogue item on positive numeric invoice before cutoff; exception codes reviewed separately
22247,merchandise,BUNNY DECORATION MAGIC GARDEN,192,Descriptive catalogue item on positive numeric invoice before cutoff; exception codes reviewed separately
22248,merchandise,DECORATION  PINK CHICK MAGIC GARDEN,181,Descriptive catalogue item on positive numeric invoice before cutoff; exception codes reviewed separately
22249,merchandise,DECORATION WHITE CHICK MAGIC GARDEN,257,Descriptive catalogue item on positive numeric invoice before cutoff; exception codes reviewed separately
22250,merchandise,DECORATION  BUTTERFLY  MAGIC GARDEN,266,Descriptive catalogue item on positive numeric invoice before cutoff; exception codes reviewed separately
22251,merchandise,BIRDHOUSE DECORATION MAGIC GARDEN,304,Descriptive catalogue item on positive numeric invoice before cutoff; exception codes reviewed separately
22252,merchandise,BIRDCAGE DECORATION TEALIGHT HOLDER,115,Descriptive catalogue item on positive numeric invoice before cutoff; exception codes reviewed separately
22253,merchandise,6 CROCHET STRAWBERRIES,94,Descriptive catalogue item on positive numeric invoice before cutoff; exception codes reviewed separately
22254,merchandise,FELT TOADSTOOL LARGE,150,Descriptive catalogue item on positive numeric invoice before cutoff; exception codes reviewed separately
22255,merchandise,FELT TOADSTOOL  SMALL,150,Descriptive catalogue item on positive numeric invoice before cutoff; exception codes reviewed separately
22256,merchandise,FELT FARM ANIMAL CHICKEN,130,Descriptive catalogue item on positive numeric invoice before cutoff; exception codes reviewed separately
22257,merchandise,FELT FARM ANIMAL SHEEP,60,Descriptive catalogue item on positive numeric invoice before cutoff; exception codes reviewed separately
22258,merchandise,FELT FARM ANIMAL RABBIT,136,Descriptive catalogue item on positive numeric invoice before cutoff; exception codes reviewed separately
22259,merchandise,FELT FARM ANIMAL HEN,76,Descriptive catalogue item on positive numeric invoice before cutoff; exception codes reviewed separately
22260,merchandise,FELT EGG COSY BLUE RABBIT,255,Descriptive catalogue item on positive numeric invoice before cutoff; exception codes reviewed separately
22261,merchandise,FELT EGG COSY WHITE RABBIT,261,Descriptive catalogue item on positive numeric invoice before cutoff; exception codes reviewed separately
22262,merchandise,FELT EGG COSY CHICKEN,331,Descriptive catalogue item on positive numeric invoice before cutoff; exception codes reviewed separately
22263,merchandise,FELT EGG COSY LADYBIRD,110,Descriptive catalogue item on positive numeric invoice before cutoff; exception codes reviewed separately
22264,merchandise,FELT FARM ANIMAL WHITE BUNNY,180,Descriptive catalogue item on positive numeric invoice before cutoff; exception codes reviewed separately
22265,merchandise,EASTER DECORATION NATURAL CHICK,182,Descriptive catalogue item on positive numeric invoice before cutoff; exception codes reviewed separately
22266,merchandise,EASTER DECORATION HANGING BUNNY,168,Descriptive catalogue item on positive numeric invoice before cutoff; exception codes reviewed separately
22267,merchandise,EASTER DECORATION EGG BUNNY,120,Descriptive catalogue item on positive numeric invoice before cutoff; exception codes reviewed separately
22268,merchandise,EASTER DECORATION SITTING BUNNY,167,Descriptive catalogue item on positive numeric invoice before cutoff; exception codes reviewed separately
22269,merchandise,EGG CUP NATURAL CHICKEN,206,Descriptive catalogue item on positive numeric invoice before cutoff; exception codes reviewed separately
22270,merchandise,HAPPY EASTER HANGING DECORATION,165,Descriptive catalogue item on positive numeric invoice before cutoff; exception codes reviewed separately
22271,merchandise,FELTCRAFT DOLL ROSIE,830,Descriptive catalogue item on positive numeric invoice before cutoff; exception codes reviewed separately
22272,merchandise,FELTCRAFT DOLL MARIA,317,Descriptive catalogue item on positive numeric invoice before cutoff; exception codes reviewed separately
22273,merchandise,FELTCRAFT DOLL MOLLY,832,Descriptive catalogue item on positive numeric invoice before cutoff; exception codes reviewed separately
22274,merchandise,FELTCRAFT DOLL EMILY,682,Descriptive catalogue item on positive numeric invoice before cutoff; exception codes reviewed separately
22275,merchandise,WEEKEND BAG VINTAGE ROSE PAISLEY,323,Descriptive catalogue item on positive numeric invoice before cutoff; exception codes reviewed separately
22276,merchandise,WASH BAG VINTAGE ROSE PAISLEY,389,Descriptive catalogue item on positive numeric invoice before cutoff; exception codes reviewed separately
22277,merchandise,COSMETIC BAG VINTAGE ROSE PAISLEY,253,Descriptive catalogue item on positive numeric invoice before cutoff; exception codes reviewed separately
22278,merchandise,OVERNIGHT BAG VINTAGE ROSE PAISLEY,398,Descriptive catalogue item on positive numeric invoice before cutoff; exception codes reviewed separately
22279,merchandise,POCKET BAG BLUE PAISLEY RED SPOT,214,Descriptive catalogue item on positive numeric invoice before cutoff; exception codes reviewed separately
22280,merchandise,POCKET BAG PINK PAISELY BROWN SPOT,162,Descriptive catalogue item on positive numeric invoice before cutoff; exception codes reviewed separately
22281,merchandise,EASTER TREE YELLOW BIRDS,149,Descriptive catalogue item on positive numeric invoice before cutoff; exception codes reviewed separately
22282,merchandise,12 EGG HOUSE PAINTED WOOD,217,Descriptive catalogue item on positive numeric invoice before cutoff; exception codes reviewed separately
22283,merchandise,6 EGG HOUSE PAINTED WOOD,388,Descriptive catalogue item on positive numeric invoice before cutoff; exception codes reviewed separately
22284,merchandise,HEN HOUSE DECORATION,312,Descriptive catalogue item on positive numeric invoice before cutoff; exception codes reviewed separately
22285,merchandise,"DECORATION HEN ON NEST, HANGING",160,Descriptive catalogue item on positive numeric invoice before cutoff; exception codes reviewed separately
22286,merchandise,"DECORATION , WOBBLY RABBIT , METAL",132,Descriptive catalogue item on positive numeric invoice before cutoff; exception codes reviewed separately
22287,merchandise,"DECORATION , WOBBLY CHICKEN, METAL",81,Descriptive catalogue item on positive numeric invoice before cutoff; exception codes reviewed separately
22288,merchandise,HANGING METAL RABBIT DECORATION,67,Descriptive catalogue item on positive numeric invoice before cutoff; exception codes reviewed separately
22289,merchandise,"DECORATION , HANGING METAL CHICKEN",43,Descriptive catalogue item on positive numeric invoice before cutoff; exception codes reviewed separately
22290,merchandise,STANDING METAL RABBIT WITH EGG,82,Descriptive catalogue item on positive numeric invoice before cutoff; exception codes reviewed separately
22291,merchandise,"SPRING DEC , HANGING CHICK CREAM",147,Descriptive catalogue item on positive numeric invoice before cutoff; exception codes reviewed separately
22292,merchandise,HANGING CHICK  YELLOW DECORATION,124,Descriptive catalogue item on positive numeric invoice before cutoff; exception codes reviewed separately
22293,merchandise,HANGING CHICK GREEN DECORATION,134,Descriptive catalogue item on positive numeric invoice before cutoff; exception codes reviewed separately
22294,merchandise,HEART FILIGREE DOVE  SMALL,926,Descriptive catalogue item on positive numeric invoice before cutoff; exception codes reviewed separately
22295,merchandise,HEART FILIGREE DOVE LARGE,757,Descriptive catalogue item on positive numeric invoice before cutoff; exception codes reviewed separately
22296,merchandise,HEART IVORY TRELLIS LARGE,882,Descriptive catalogue item on positive numeric invoice before cutoff; exception codes reviewed separately
22297,merchandise,HEART IVORY TRELLIS SMALL,1020,Descriptive catalogue item on positive numeric invoice before cutoff; exception codes reviewed separately
22299,merchandise,PIG KEYRING WITH LIGHT & SOUND,198,Descriptive catalogue item on positive numeric invoice before cutoff; exception codes reviewed separately
22300,merchandise,COFFEE MUG DOG + BALL DESIGN,541,Descriptive catalogue item on positive numeric invoice before cutoff; exception codes reviewed separately
22301,merchandise,COFFEE MUG CAT + BIRD DESIGN,660,Descriptive catalogue item on positive numeric invoice before cutoff; exception codes reviewed separately
22302,merchandise,COFFEE MUG PEARS  DESIGN,392,Descriptive catalogue item on positive numeric invoice before cutoff; exception codes reviewed separately
22303,merchandise,COFFEE MUG APPLES DESIGN,534,Descriptive catalogue item on positive numeric invoice before cutoff; exception codes reviewed separately
22304,merchandise,COFFEE MUG BLUE PAISLEY DESIGN,174,Descriptive catalogue item on positive numeric invoice before cutoff; exception codes reviewed separately
22305,merchandise,COFFEE MUG PINK PAISLEY DESIGN,147,Descriptive catalogue item on positive numeric invoice before cutoff; exception codes reviewed separately
22306,merchandise,SILVER MUG BONE CHINA TREE OF LIFE,168,Descriptive catalogue item on positive numeric invoice before cutoff; exception codes reviewed separately
22307,merchandise,GOLD MUG BONE CHINA TREE OF LIFE,122,Descriptive catalogue item on positive numeric invoice before cutoff; exception codes reviewed separately
22308,merchandise,TEA COSY BLUE STRIPE,207,Descriptive catalogue item on positive numeric invoice before cutoff; exception codes reviewed separately
22309,merchandise,TEA COSY RED  STRIPE,270,Descriptive catalogue item on positive numeric invoice before cutoff; exception codes reviewed separately
22310,merchandise,IVORY KNITTED MUG COSY,177,Descriptive catalogue item on positive numeric invoice before cutoff; exception codes reviewed separately
22311,merchandise,OFFICE MUG WARMER BLACK+SILVER,319,Descriptive catalogue item on positive numeric invoice before cutoff; exception codes reviewed separately
22312,merchandise,OFFICE MUG WARMER POLKADOT,287,Descriptive catalogue item on positive numeric invoice before cutoff; exception codes reviewed separately
22313,merchandise,OFFICE MUG WARMER PINK,138,Descriptive catalogue item on positive numeric invoice before cutoff; exception codes reviewed separately
22314,merchandise,OFFICE MUG WARMER CHOC+BLUE,255,Descriptive catalogue item on positive numeric invoice before cutoff; exception codes reviewed separately
22315,merchandise,200 RED + WHITE BENDY STRAWS,404,Descriptive catalogue item on positive numeric invoice before cutoff; exception codes reviewed separately
22316,merchandise,200 BENDY SKULL STRAWS,122,Descriptive catalogue item on positive numeric invoice before cutoff; exception codes reviewed separately
22317,merchandise,FIVE CATS HANGING DECORATION,172,Descriptive catalogue item on positive numeric invoice before cutoff; exception codes reviewed separately
22318,merchandise,FIVE HEART HANGING DECORATION,405,Descriptive catalogue item on positive numeric invoice before cutoff; exception codes reviewed separately
22319,merchandise,HAIRCLIPS FORTIES FABRIC ASSORTED,167,Descriptive catalogue item on positive numeric invoice before cutoff; exception codes reviewed separately
22320,merchandise,BIRDS MOBILE VINTAGE DESIGN,179,Descriptive catalogue item on positive numeric invoice before cutoff; exception codes reviewed separately
22321,merchandise,BIRD DECORATION RED RETROSPOT,172,Descriptive catalogue item on positive numeric invoice before cutoff; exception codes reviewed separately
22322,merchandise,BIRD DECORATION GREEN POLKADOT,168,Descriptive catalogue item on positive numeric invoice before cutoff; exception codes reviewed separately
22323,merchandise,PINK POLKADOT KIDS BAG,118,Descriptive catalogue item on positive numeric invoice before cutoff; exception codes reviewed separately
22324,merchandise,BLUE POLKADOT KIDS BAG,152,Descriptive catalogue item on positive numeric invoice before cutoff; exception codes reviewed separately
22325,merchandise,MOBILE VINTAGE HEARTS,230,Descriptive catalogue item on positive numeric invoice before cutoff; exception codes reviewed separately
22326,merchandise,ROUND SNACK BOXES SET OF4 WOODLAND,1414,Descriptive catalogue item on positive numeric invoice before cutoff; exception codes reviewed separately
22327,merchandise,ROUND SNACK BOXES SET OF 4 SKULLS,663,Descriptive catalogue item on positive numeric invoice before cutoff; exception codes reviewed separately
22328,merchandise,ROUND SNACK BOXES SET OF 4 FRUITS,1196,Descriptive catalogue item on positive numeric invoice before cutoff; exception codes reviewed separately
22329,merchandise,ROUND CONTAINER SET OF 5 RETROSPOT,614,Descriptive catalogue item on positive numeric invoice before cutoff; exception codes reviewed separately
22330,merchandise,72 ROUND PINK DOILIES,22,Descriptive catalogue item on positive numeric invoice before cutoff; exception codes reviewed separately
22331,merchandise,WOODLAND PARTY BAG + STICKER SET,444,Descriptive catalogue item on positive numeric invoice before cutoff; exception codes reviewed separately
22332,merchandise,SKULLS PARTY BAG + STICKER SET,389,Descriptive catalogue item on positive numeric invoice before cutoff; exception codes reviewed separately
22333,merchandise,RETROSPOT PARTY BAG + STICKER SET,425,Descriptive catalogue item on positive numeric invoice before cutoff; exception codes reviewed separately
22334,merchandise,DINOSAUR PARTY BAG + STICKER SET,270,Descriptive catalogue item on positive numeric invoice before cutoff; exception codes reviewed separately
22335,merchandise,HEART DECORATION PAINTED ZINC,529,Descriptive catalogue item on positive numeric invoice before cutoff; exception codes reviewed separately
22336,merchandise,DOVE DECORATION PAINTED ZINC,233,Descriptive catalogue item on positive numeric invoice before cutoff; exception codes reviewed separately
22337,merchandise,ANGEL DECORATION PAINTED ZINC,155,Descriptive catalogue item on positive numeric invoice before cutoff; exception codes reviewed separately
22338,merchandise,STAR DECORATION PAINTED ZINC,255,Descriptive catalogue item on positive numeric invoice before cutoff; exception codes reviewed separately
22339,merchandise,CHRISTMAS TREE PAINTED ZINC,156,Descriptive catalogue item on positive numeric invoice before cutoff; exception codes reviewed separately
22340,merchandise,NOEL GARLAND PAINTED ZINC,174,Descriptive catalogue item on positive numeric invoice before cutoff; exception codes reviewed separately
22341,merchandise,LOVE GARLAND PAINTED ZINC,244,Descriptive catalogue item on positive numeric invoice before cutoff; exception codes reviewed separately
22342,merchandise,HOME GARLAND PAINTED ZINC,234,Descriptive catalogue item on positive numeric invoice before cutoff; exception codes reviewed separately
22343,merchandise,PARTY PIZZA DISH RED RETROSPOT,144,Descriptive catalogue item on positive numeric invoice before cutoff; exception codes reviewed separately
22344,merchandise,PARTY PIZZA DISH PINK POLKADOT,84,Descriptive catalogue item on positive numeric invoice before cutoff; exception codes reviewed separately
22345,merchandise,PARTY PIZZA DISH BLUE POLKADOT,78,Descriptive catalogue item on positive numeric invoice before cutoff; exception codes reviewed separately
22346,merchandise,PARTY PIZZA DISH GREEN POLKADOT,64,Descriptive catalogue item on positive numeric invoice before cutoff; exception codes reviewed separately
22347,merchandise,PIZZA SLICE DISH,114,Descriptive catalogue item on positive numeric invoice before cutoff; exception codes reviewed separately
22348,merchandise,TEA BAG PLATE RED RETROSPOT,508,Descriptive catalogue item on positive numeric invoice before cutoff; exception codes reviewed separately
22349,merchandise,DOG BOWL CHASING BALL DESIGN,233,Descriptive catalogue item on positive numeric invoice before cutoff; exception codes reviewed separately
22350,merchandise,ILLUSTRATED CAT BOWL,218,Descriptive catalogue item on positive numeric invoice before cutoff; exception codes reviewed separately
22351,merchandise,DOTCOMGIFTSHOP TEA TOWEL,3,Descriptive catalogue item on positive numeric invoice before cutoff; exception codes reviewed separately
22352,merchandise,LUNCH BOX WITH CUTLERY RETROSPOT,910,Descriptive catalogue item on positive numeric invoice before cutoff; exception codes reviewed separately
22353,merchandise,LUNCH BOX WITH CUTLERY FAIRY CAKES,303,Descriptive catalogue item on positive numeric invoice before cutoff; exception codes reviewed separately
22354,merchandise,RETROSPOT PADDED SEAT CUSHION,228,Descriptive catalogue item on positive numeric invoice before cutoff; exception codes reviewed separately
22355,merchandise,CHARLOTTE BAG SUKI DESIGN,1424,Descriptive catalogue item on positive numeric invoice before cutoff; exception codes reviewed separately
22356,merchandise,CHARLOTTE BAG PINK POLKADOT,923,Descriptive catalogue item on positive numeric invoice before cutoff; exception codes reviewed separately
22357,merchandise,KINGS CHOICE BISCUIT TIN,460,Descriptive catalogue item on positive numeric invoice before cutoff; exception codes reviewed separately
22358,merchandise,KINGS CHOICE TEA CADDY,620,Descriptive catalogue item on positive numeric invoice before cutoff; exception codes reviewed separately
22359,merchandise,GLASS JAR KINGS CHOICE,201,Descriptive catalogue item on positive numeric invoice before cutoff; exception codes reviewed separately
22360,merchandise,GLASS JAR ENGLISH CONFECTIONERY,434,Descriptive catalogue item on positive numeric invoice before cutoff; exception codes reviewed separately
22361,merchandise,GLASS JAR DAISY FRESH COTTON WOOL,497,Descriptive catalogue item on positive numeric invoice before cutoff; exception codes reviewed separately
22362,merchandise,GLASS JAR PEACOCK BATH SALTS,255,Descriptive catalogue item on positive numeric invoice before cutoff; exception codes reviewed separately
22363,merchandise,GLASS JAR MARMALADE,168,Descriptive catalogue item on positive numeric invoice before cutoff; exception codes reviewed separately
22364,merchandise,GLASS JAR DIGESTIVE BISCUITS,344,Descriptive catalogue item on positive numeric invoice before cutoff; exception codes reviewed separately
22365,merchandise,DOORMAT RESPECTABLE HOUSE,324,Descriptive catalogue item on positive numeric invoice before cutoff; exception codes reviewed separately
22366,merchandise,DOORMAT AIRMAIL,437,Descriptive catalogue item on positive numeric invoice before cutoff; exception codes reviewed separately
22367,merchandise,CHILDRENS APRON SPACEBOY DESIGN,841,Descriptive catalogue item on positive numeric invoice before cutoff; exception codes reviewed separately
22371,merchandise,AIRLINE BAG VINTAGE TOKYO 78,700,Descriptive catalogue item on positive numeric invoice before cutoff; exception codes reviewed separately
22372,merchandise,AIRLINE BAG VINTAGE WORLD CHAMPION,291,Descriptive catalogue item on positive numeric invoice before cutoff; exception codes reviewed separately
22374,merchandise,AIRLINE BAG VINTAGE JET SET RED,436,Descriptive catalogue item on positive numeric invoice before cutoff; exception codes reviewed separately
22375,merchandise,AIRLINE BAG VINTAGE JET SET BROWN,293,Descriptive catalogue item on positive numeric invoice before cutoff; exception codes reviewed separately
22376,merchandise,AIRLINE BAG VINTAGE JET SET WHITE,258,Descriptive catalogue item on positive numeric invoice before cutoff; exception codes reviewed separately
22377,merchandise,BOTTLE BAG RETROSPOT,437,Descriptive catalogue item on positive numeric invoice before cutoff; exception codes reviewed separately
22378,merchandise,WALL TIDY RETROSPOT,552,Descriptive catalogue item on positive numeric invoice before cutoff; exception codes reviewed separately
22379,merchandise,RECYCLING BAG RETROSPOT,1597,Descriptive catalogue item on positive numeric invoice before cutoff; exception codes reviewed separately
22380,merchandise,TOY TIDY SPACEBOY,701,Descriptive catalogue item on positive numeric invoice before cutoff; exception codes reviewed separately
22381,merchandise,TOY TIDY PINK POLKADOT,597,Descriptive catalogue item on positive numeric invoice before cutoff; exception codes reviewed separately
22382,merchandise,LUNCH BAG SPACEBOY DESIGN,2153,Descriptive catalogue item on positive numeric invoice before cutoff; exception codes reviewed separately
22383,merchandise,LUNCH BAG SUKI  DESIGN,1352,Descriptive catalogue item on positive numeric invoice before cutoff; exception codes reviewed separately
22384,merchandise,LUNCH BAG PINK POLKADOT,1311,Descriptive catalogue item on positive numeric invoice before cutoff; exception codes reviewed separately
22385,merchandise,JUMBO BAG SPACEBOY DESIGN,1259,Descriptive catalogue item on positive numeric invoice before cutoff; exception codes reviewed separately
22386,merchandise,JUMBO BAG PINK POLKADOT,1479,Descriptive catalogue item on positive numeric invoice before cutoff; exception codes reviewed separately
22389,merchandise,PAPERWEIGHT SAVE THE PLANET,84,Descriptive catalogue item on positive numeric invoice before cutoff; exception codes reviewed separately
22390,merchandise,PAPERWEIGHT CHILDHOOD MEMORIES,79,Descriptive catalogue item on positive numeric invoice before cutoff; exception codes reviewed separately
22391,merchandise,PAPERWEIGHT HOME SWEET HOME,64,Descriptive catalogue item on positive numeric invoice before cutoff; exception codes reviewed separately
22393,merchandise,PAPERWEIGHT VINTAGE COLLAGE,111,Descriptive catalogue item on positive numeric invoice before cutoff; exception codes reviewed separately
22394,merchandise,PAPERWEIGHT KINGS CHOICE,54,Descriptive catalogue item on positive numeric invoice before cutoff; exception codes reviewed separately
22395,merchandise,PAPERWEIGHT VINTAGE PAISLEY,48,Descriptive catalogue item on positive numeric invoice before cutoff; exception codes reviewed separately
22396,merchandise,MAGNETS PACK OF 4 RETRO PHOTO,188,Descriptive catalogue item on positive numeric invoice before cutoff; exception codes reviewed separately
22398,merchandise,MAGNETS PACK OF 4 SWALLOWS,438,Descriptive catalogue item on positive numeric invoice before cutoff; exception codes reviewed separately
22399,merchandise,MAGNETS PACK OF 4 CHILDHOOD MEMORY,283,Descriptive catalogue item on positive numeric invoice before cutoff; exception codes reviewed separately
22400,merchandise,MAGNETS PACK OF 4 HOME SWEET HOME,235,Descriptive catalogue item on positive numeric invoice before cutoff; exception codes reviewed separately
22402,merchandise,MAGNETS PACK OF 4 VINTAGE COLLAGE,253,Descriptive catalogue item on positive numeric invoice before cutoff; exception codes reviewed separately
22403,merchandise,MAGNETS PACK OF 4 VINTAGE LABELS,218,Descriptive catalogue item on positive numeric invoice before cutoff; exception codes reviewed separately
22405,merchandise,MONEY BOX POCKET MONEY DESIGN,218,Descriptive catalogue item on positive numeric invoice before cutoff; exception codes reviewed separately
22406,merchandise,MONEY BOX KINGS CHOICE DESIGN,210,Descriptive catalogue item on positive numeric invoice before cutoff; exception codes reviewed separately
22407,merchandise,MONEY BOX FIRST ADE DESIGN,65,Descriptive catalogue item on positive numeric invoice before cutoff; exception codes reviewed separately
22408,merchandise,MONEY BOX CONFECTIONERY DESIGN,95,Descriptive catalogue item on positive numeric invoice before cutoff; exception codes reviewed separately
22409,merchandise,MONEY BOX BISCUITS DESIGN,165,Descriptive catalogue item on positive numeric invoice before cutoff; exception codes reviewed separately
22410,merchandise,MONEY BOX HOUSEKEEPING DESIGN,189,Descriptive catalogue item on positive numeric invoice before cutoff; exception codes reviewed separately
22411,merchandise,JUMBO SHOPPER VINTAGE RED PAISLEY,2234,Descriptive catalogue item on positive numeric invoice before cutoff; exception codes reviewed separately
22412,merchandise,METAL SIGN NEIGHBOURHOOD WITCH,419,Descriptive catalogue item on positive numeric invoice before cutoff; exception codes reviewed separately
22413,merchandise,METAL SIGN TAKE IT OR LEAVE IT,902,Descriptive catalogue item on positive numeric invoice before cutoff; exception codes reviewed separately
22414,merchandise,DOORMAT NEIGHBOURHOOD WITCH,166,Descriptive catalogue item on positive numeric invoice before cutoff; exception codes reviewed separately
22415,merchandise,WHITE TISSUE REAM,210,Descriptive catalogue item on positive numeric invoice before cutoff; exception codes reviewed separately
22416,merchandise,SET OF 36 DOILIES SPACEBOY DESIGN,114,Descriptive catalogue item on positive numeric invoice before cutoff; exception codes reviewed separately
22417,merchandise,PACK OF 60 SPACEBOY CAKE CASES,1141,Descriptive catalogue item on positive numeric invoice before cutoff; exception codes reviewed separately
22418,merchandise,10 COLOUR SPACEBOY PEN,601,Descriptive catalogue item on positive numeric invoice before cutoff; exception codes reviewed separately
22419,merchandise,LIPSTICK PEN RED,519,Descriptive catalogue item on positive numeric invoice before cutoff; exception codes reviewed separately
22420,merchandise,LIPSTICK PEN BABY PINK,238,Descriptive catalogue item on positive numeric invoice before cutoff; exception codes reviewed separately
22421,merchandise,LIPSTICK PEN FUSCHIA,419,Descriptive catalogue item on positive numeric invoice before cutoff; exception codes reviewed separately
22422,merchandise,TOOTHPASTE TUBE PEN,348,Descriptive catalogue item on positive numeric invoice before cutoff; exception codes reviewed separately
22423,merchandise,REGENCY CAKESTAND 3 TIER,3999,Descriptive catalogue item on positive numeric invoice before cutoff; exception codes reviewed separately
22424,merchandise,ENAMEL BREAD BIN CREAM,735,Descriptive catalogue item on positive numeric invoice before cutoff; exception codes reviewed separately
22425,merchandise,ENAMEL COLANDER CREAM,284,Descriptive catalogue item on positive numeric invoice before cutoff; exception codes reviewed separately
22426,merchandise,ENAMEL WASH BOWL CREAM,374,Descriptive catalogue item on positive numeric invoice before cutoff; exception codes reviewed separately
22427,merchandise,ENAMEL FLOWER JUG CREAM,825,Descriptive catalogue item on positive numeric invoice before cutoff; exception codes reviewed separately
22428,merchandise,ENAMEL FIRE BUCKET CREAM,199,Descriptive catalogue item on positive numeric invoice before cutoff; exception codes reviewed separately
22429,merchandise,ENAMEL MEASURING JUG CREAM,649,Descriptive catalogue item on positive numeric invoice before cutoff; exception codes reviewed separately
22430,merchandise,ENAMEL WATERING CAN CREAM,370,Descriptive catalogue item on positive numeric invoice before cutoff; exception codes reviewed separately
22431,merchandise,WATERING CAN BLUE ELEPHANT,628,Descriptive catalogue item on positive numeric invoice before cutoff; exception codes reviewed separately
22432,merchandise,WATERING CAN PINK BUNNY,520,Descriptive catalogue item on positive numeric invoice before cutoff; exception codes reviewed separately
22433,merchandise,WATERING CAN GREEN DINOSAUR,429,Descriptive catalogue item on positive numeric invoice before cutoff; exception codes reviewed separately
22434,merchandise,BALLOON PUMP WITH 10 BALLOONS,290,Descriptive catalogue item on positive numeric invoice before cutoff; exception codes reviewed separately
22435,merchandise,SET OF 9 HEART SHAPED BALLOONS,565,Descriptive catalogue item on positive numeric invoice before cutoff; exception codes reviewed separately
22436,merchandise,12 COLOURED PARTY BALLOONS,299,Descriptive catalogue item on positive numeric invoice before cutoff; exception codes reviewed separately
22437,merchandise,SET OF 9 BLACK SKULL BALLOONS,457,Descriptive catalogue item on positive numeric invoice before cutoff; exception codes reviewed separately
22438,merchandise,BALLOON ART MAKE YOUR OWN FLOWERS,167,Descriptive catalogue item on positive numeric invoice before cutoff; exception codes reviewed separately
22439,merchandise,6 ROCKET BALLOONS,374,Descriptive catalogue item on positive numeric invoice before cutoff; exception codes reviewed separately
22440,merchandise,BALLOON WATER BOMB PACK OF 35,317,Descriptive catalogue item on positive numeric invoice before cutoff; exception codes reviewed separately
22441,merchandise,GROW YOUR OWN BASIL IN ENAMEL MUG,493,Descriptive catalogue item on positive numeric invoice before cutoff; exception codes reviewed separately
22442,merchandise,GROW YOUR OWN FLOWERS SET OF 3,160,Descriptive catalogue item on positive numeric invoice before cutoff; exception codes reviewed separately
22443,merchandise,GROW YOUR OWN HERBS SET OF 3,282,Descriptive catalogue item on positive numeric invoice before cutoff; exception codes reviewed separately
22444,merchandise,GROW YOUR OWN PLANT IN A CAN,472,Descriptive catalogue item on positive numeric invoice before cutoff; exception codes reviewed separately
22445,merchandise,PENCIL CASE LIFE IS BEAUTIFUL,288,Descriptive catalogue item on positive numeric invoice before cutoff; exception codes reviewed separately
22446,merchandise,PIN CUSHION BABUSHKA PINK,143,Descriptive catalogue item on positive numeric invoice before cutoff; exception codes reviewed separately
22447,merchandise,PIN CUSHION BABUSHKA BLUE,58,Descriptive catalogue item on positive numeric invoice before cutoff; exception codes reviewed separately
22448,merchandise,PIN CUSHION BABUSHKA RED,81,Descriptive catalogue item on positive numeric invoice before cutoff; exception codes reviewed separately
22449,merchandise,SILK PURSE BABUSHKA PINK,234,Descriptive catalogue item on positive numeric invoice before cutoff; exception codes reviewed separately
22450,merchandise,SILK PURSE BABUSHKA BLUE,129,Descriptive catalogue item on positive numeric invoice before cutoff; exception codes reviewed separately
22451,merchandise,SILK PURSE BABUSHKA RED,176,Descriptive catalogue item on positive numeric invoice before cutoff; exception codes reviewed separately
22452,merchandise,MEASURING TAPE BABUSHKA PINK,213,Descriptive catalogue item on positive numeric invoice before cutoff; exception codes reviewed separately
22453,merchandise,MEASURING TAPE BABUSHKA BLUE,120,Descriptive catalogue item on positive numeric invoice before cutoff; exception codes reviewed separately
22454,merchandise,MEASURING TAPE BABUSHKA RED,130,Descriptive catalogue item on positive numeric invoice before cutoff; exception codes reviewed separately
22456,merchandise,NATURAL SLATE CHALKBOARD LARGE,841,Descriptive catalogue item on positive numeric invoice before cutoff; exception codes reviewed separately
22457,merchandise,NATURAL SLATE HEART CHALKBOARD,2074,Descriptive catalogue item on positive numeric invoice before cutoff; exception codes reviewed separately
22458,merchandise,CAST IRON HOOK GARDEN FORK,181,Descriptive catalogue item on positive numeric invoice before cutoff; exception codes reviewed separately
22459,merchandise,CAST IRON HOOK GARDEN TROWEL,182,Descriptive catalogue item on positive numeric invoice before cutoff; exception codes reviewed separately
22460,merchandise,EMBOSSED GLASS TEALIGHT HOLDER,377,Descriptive catalogue item on positive numeric invoice before cutoff; exception codes reviewed separately
22461,merchandise,SAVOY ART DECO CLOCK,152,Descriptive catalogue item on positive numeric invoice before cutoff; exception codes reviewed separately
22464,merchandise,HANGING METAL HEART LANTERN,794,Descriptive catalogue item on positive numeric invoice before cutoff; exception codes reviewed separately
22465,merchandise,HANGING METAL STAR LANTERN,463,Descriptive catalogue item on positive numeric invoice before cutoff; exception codes reviewed separately
22466,merchandise,FAIRY TALE COTTAGE NIGHTLIGHT,297,Descriptive catalogue item on positive numeric invoice before cutoff; exception codes reviewed separately
22467,merchandise,GUMBALL COAT RACK,1135,Descriptive catalogue item on positive numeric invoice before cutoff; exception codes reviewed separately
22468,merchandise,BABUSHKA LIGHTS STRING OF 10,428,Descriptive catalogue item on positive numeric invoice before cutoff; exception codes reviewed separately
22469,merchandise,HEART OF WICKER SMALL,2258,Descriptive catalogue item on positive numeric invoice before cutoff; exception codes reviewed separately
22470,merchandise,HEART OF WICKER LARGE,2059,Descriptive catalogue item on positive numeric invoice before cutoff; exception codes reviewed separately
22471,merchandise,TV DINNER TRAY AIR HOSTESS,181,Descriptive catalogue item on positive numeric invoice before cutoff; exception codes reviewed separately
22472,merchandise,TV DINNER TRAY DOLLY GIRL,244,Descriptive catalogue item on positive numeric invoice before cutoff; exception codes reviewed separately
22473,merchandise,TV DINNER TRAY VINTAGE PAISLEY,208,Descriptive catalogue item on positive numeric invoice before cutoff; exception codes reviewed separately
22474,merchandise,SPACEBOY TV DINNER TRAY,252,Descriptive catalogue item on positive numeric invoice before cutoff; exception codes reviewed separately
22475,merchandise,SKULL DESIGN TV DINNER TRAY,252,Descriptive catalogue item on positive numeric invoice before cutoff; exception codes reviewed separately
22476,merchandise,EMPIRE UNION JACK TV DINNER TRAY,275,Descriptive catalogue item on positive numeric invoice before cutoff; exception codes reviewed separately
22477,merchandise,WATERING CAN GARDEN MARKER,279,Descriptive catalogue item on positive numeric invoice before cutoff; exception codes reviewed separately
22478,merchandise,BIRDHOUSE GARDEN MARKER,316,Descriptive catalogue item on positive numeric invoice before cutoff; exception codes reviewed separately
22479,merchandise,DAISY GARDEN MARKER,218,Descriptive catalogue item on positive numeric invoice before cutoff; exception codes reviewed separately
22480,merchandise,RED TEA TOWEL CLASSIC DESIGN,287,Descriptive catalogue item on positive numeric invoice before cutoff; exception codes reviewed separately
22481,merchandise,BLACK TEA TOWEL CLASSIC DESIGN,214,Descriptive catalogue item on positive numeric invoice before cutoff; exception codes reviewed separately
22482,merchandise,BLUE TEA TOWEL CLASSIC DESIGN,232,Descriptive catalogue item on positive numeric invoice before cutoff; exception codes reviewed separately
22483,merchandise,RED GINGHAM TEDDY BEAR,354,Descriptive catalogue item on positive numeric invoice before cutoff; exception codes reviewed separately
22485,merchandise,SET OF 2 WOODEN MARKET CRATES,420,Descriptive catalogue item on positive numeric invoice before cutoff; exception codes reviewed separately
22486,merchandise,PLASMATRONIC LAMP,36,Descriptive catalogue item on positive numeric invoice before cutoff; exception codes reviewed separately
22487,merchandise,WHITE WOOD GARDEN PLANT LADDER,901,Descriptive catalogue item on positive numeric invoice before cutoff; exception codes reviewed separately
22488,merchandise,NATURAL SLATE RECTANGLE CHALKBOARD,813,Descriptive catalogue item on positive numeric invoice before cutoff; exception codes reviewed separately
22489,merchandise,PACK OF 12 TRADITIONAL CRAYONS,789,Descriptive catalogue item on positive numeric invoice before cutoff; exception codes reviewed separately
22491,merchandise,PACK OF 12 COLOURED PENCILS,398,Descriptive catalogue item on positive numeric invoice before cutoff; exception codes reviewed separately
22492,merchandise,MINI PAINT SET VINTAGE,723,Descriptive catalogue item on positive numeric invoice before cutoff; exception codes reviewed separately
22493,merchandise,PAINT YOUR OWN CANVAS SET,434,Descriptive catalogue item on positive numeric invoice before cutoff; exception codes reviewed separately
22494,merchandise,EMERGENCY FIRST AID TIN,478,Descriptive catalogue item on positive numeric invoice before cutoff; exception codes reviewed separately
22495,merchandise,SET OF 2 ROUND TINS CAMEMBERT,228,Descriptive catalogue item on positive numeric invoice before cutoff; exception codes reviewed separately
22496,merchandise,SET OF 2 ROUND TINS DUTCH CHEESE,190,Descriptive catalogue item on positive numeric invoice before cutoff; exception codes reviewed separately
22497,merchandise,SET OF 2 TINS VINTAGE BATHROOM,290,Descriptive catalogue item on positive numeric invoice before cutoff; exception codes reviewed separately
22498,merchandise,WOODEN REGATTA BUNTING,385,Descriptive catalogue item on positive numeric invoice before cutoff; exception codes reviewed separately
22499,merchandise,WOODEN UNION JACK BUNTING,779,Descriptive catalogue item on positive numeric invoice before cutoff; exception codes reviewed separately
22500,merchandise,SET OF 2 TINS JARDIN DE PROVENCE,186,Descriptive catalogue item on positive numeric invoice before cutoff; exception codes reviewed separately
22501,merchandise,PICNIC BASKET WICKER LARGE,785,Descriptive catalogue item on positive numeric invoice before cutoff; exception codes reviewed separately
22502,merchandise,PICNIC BASKET WICKER SMALL,961,Descriptive catalogue item on positive numeric invoice before cutoff; exception codes reviewed separately
22503,merchandise,CABIN BAG VINTAGE PAISLEY,57,Descriptive catalogue item on positive numeric invoice before cutoff; exception codes reviewed separately
22504,merchandise,CABIN BAG VINTAGE RETROSPOT,116,Descriptive catalogue item on positive numeric invoice before cutoff; exception codes reviewed separately
22505,merchandise,MEMO BOARD COTTAGE DESIGN,762,Descriptive catalogue item on positive numeric invoice before cutoff; exception codes reviewed separately
22507,merchandise,MEMO BOARD RETROSPOT  DESIGN,896,Descriptive catalogue item on positive numeric invoice before cutoff; exception codes reviewed separately
22508,merchandise,DOORSTOP RETROSPOT HEART,720,Descriptive catalogue item on positive numeric invoice before cutoff; exception codes reviewed separately
22509,merchandise,SEWING BOX RETROSPOT DESIGN,159,Descriptive catalogue item on positive numeric invoice before cutoff; exception codes reviewed separately
22510,merchandise,GINGHAM BABUSHKA DOORSTOP,54,Descriptive catalogue item on positive numeric invoice before cutoff; exception codes reviewed separately
22511,merchandise,RETROSPOT BABUSHKA DOORSTOP,65,Descriptive catalogue item on positive numeric invoice before cutoff; exception codes reviewed separately
22512,merchandise,DOORSTOP RACING CAR DESIGN,67,Descriptive catalogue item on positive numeric invoice before cutoff; exception codes reviewed separately
22513,merchandise,DOORSTOP FOOTBALL DESIGN,161,Descriptive catalogue item on positive numeric invoice before cutoff; exception codes reviewed separately
22514,merchandise,CHILDS GARDEN SPADE BLUE,231,Descriptive catalogue item on positive numeric invoice before cutoff; exception codes reviewed separately
22515,merchandise,CHILDS GARDEN SPADE PINK,211,Descriptive catalogue item on positive numeric invoice before cutoff; exception codes reviewed separately
22516,merchandise,CHILDS GARDEN RAKE BLUE,169,Descriptive catalogue item on positive numeric invoice before cutoff; exception codes reviewed separately
22517,merchandise,CHILDS GARDEN RAKE PINK,154,Descriptive catalogue item on positive numeric invoice before cutoff; exception codes reviewed separately
22518,merchandise,CHILDS GARDEN BRUSH BLUE,276,Descriptive catalogue item on positive numeric invoice before cutoff; exception codes reviewed separately
22519,merchandise,CHILDS GARDEN BRUSH PINK,269,Descriptive catalogue item on positive numeric invoice before cutoff; exception codes reviewed separately
22520,merchandise,CHILDS GARDEN TROWEL BLUE,377,Descriptive catalogue item on positive numeric invoice before cutoff; exception codes reviewed separately
22521,merchandise,CHILDS GARDEN TROWEL PINK,387,Descriptive catalogue item on positive numeric invoice before cutoff; exception codes reviewed separately
22522,merchandise,CHILDS GARDEN FORK BLUE,344,Descriptive catalogue item on positive numeric invoice before cutoff; exception codes reviewed separately
22523,merchandise,CHILDS GARDEN FORK PINK,364,Descriptive catalogue item on positive numeric invoice before cutoff; exception codes reviewed separately
22524,merchandise,CHILDRENS GARDEN GLOVES BLUE,300,Descriptive catalogue item on positive numeric invoice before cutoff; exception codes reviewed separately
22525,merchandise,CHILDRENS GARDEN GLOVES PINK,343,Descriptive catalogue item on positive numeric invoice before cutoff; exception codes reviewed separately
22526,merchandise,WHEELBARROW FOR CHILDREN,207,Descriptive catalogue item on positive numeric invoice before cutoff; exception codes reviewed separately
22528,merchandise,GARDENERS KNEELING PAD,563,Descriptive catalogue item on positive numeric invoice before cutoff; exception codes reviewed separately
22529,merchandise,MAGIC DRAWING SLATE GO TO THE FAIR,155,Descriptive catalogue item on positive numeric invoice before cutoff; exception codes reviewed separately
22530,merchandise,MAGIC DRAWING SLATE DOLLY GIRL,485,Descriptive catalogue item on positive numeric invoice before cutoff; exception codes reviewed separately
22531,merchandise,MAGIC DRAWING SLATE CIRCUS PARADE,427,Descriptive catalogue item on positive numeric invoice before cutoff; exception codes reviewed separately
22532,merchandise,MAGIC DRAWING SLATE LEAP FROG,181,Descriptive catalogue item on positive numeric invoice before cutoff; exception codes reviewed separately
22533,merchandise,MAGIC DRAWING SLATE BAKE A CAKE,246,Descriptive catalogue item on positive numeric invoice before cutoff; exception codes reviewed separately
22534,merchandise,MAGIC DRAWING SLATE SPACEBOY,610,Descriptive catalogue item on positive numeric invoice before cutoff; exception codes reviewed separately
22535,merchandise,MAGIC DRAWING SLATE BUNNIES,302,Descriptive catalogue item on positive numeric invoice before cutoff; exception codes reviewed separately
22536,merchandise,MAGIC DRAWING SLATE PURDEY,375,Descriptive catalogue item on positive numeric invoice before cutoff; exception codes reviewed separately
22537,merchandise,MAGIC DRAWING SLATE DINOSAUR,364,Descriptive catalogue item on positive numeric invoice before cutoff; exception codes reviewed separately
22538,merchandise,MINI JIGSAW GO TO THE FAIR,87,Descriptive catalogue item on positive numeric invoice before cutoff; exception codes reviewed separately
22539,merchandise,MINI JIGSAW DOLLY GIRL,253,Descriptive catalogue item on positive numeric invoice before cutoff; exception codes reviewed separately
22540,merchandise,MINI JIGSAW CIRCUS PARADE,191,Descriptive catalogue item on positive numeric invoice before cutoff; exception codes reviewed separately
22541,merchandise,MINI JIGSAW LEAP FROG,64,Descriptive catalogue item on positive numeric invoice before cutoff; exception codes reviewed separately
22543,merchandise,MINI JIGSAW BAKE A CAKE,118,Descriptive catalogue item on positive numeric invoice before cutoff; exception codes reviewed separately
22544,merchandise,MINI JIGSAW SPACEBOY,340,Descriptive catalogue item on positive numeric invoice before cutoff; exception codes reviewed separately
22545,merchandise,MINI JIGSAW BUNNIES,176,Descriptive catalogue item on positive numeric invoice before cutoff; exception codes reviewed separately
22546,merchandise,MINI JIGSAW PURDEY,167,Descriptive catalogue item on positive numeric invoice before cutoff; exception codes reviewed separately
22547,merchandise,MINI JIGSAW DINOSAUR,190,Descriptive catalogue item on positive numeric invoice before cutoff; exception codes reviewed separately
22548,merchandise,HEADS AND TAILS SPORTING FUN,463,Descriptive catalogue item on positive numeric invoice before cutoff; exception codes reviewed separately
22549,merchandise,PICTURE DOMINOES,731,Descriptive catalogue item on positive numeric invoice before cutoff; exception codes reviewed separately
22550,merchandise,HOLIDAY FUN LUDO,431,Descriptive catalogue item on positive numeric invoice before cutoff; exception codes reviewed separately
22551,merchandise,PLASTERS IN TIN SPACEBOY,1343,Descriptive catalogue item on positive numeric invoice before cutoff; exception codes reviewed separately
22553,merchandise,PLASTERS IN TIN SKULLS,1156,Descriptive catalogue item on positive numeric invoice before cutoff; exception codes reviewed separately
22554,merchandise,PLASTERS IN TIN WOODLAND ANIMALS,1321,Descriptive catalogue item on positive numeric invoice before cutoff; exception codes reviewed separately
22555,merchandise,PLASTERS IN TIN STRONGMAN,985,Descriptive catalogue item on positive numeric invoice before cutoff; exception codes reviewed separately
22556,merchandise,PLASTERS IN TIN CIRCUS PARADE,1239,Descriptive catalogue item on positive numeric invoice before cutoff; exception codes reviewed separately
22557,merchandise,PLASTERS IN TIN VINTAGE PAISLEY,1182,Descriptive catalogue item on positive numeric invoice before cutoff; exception codes reviewed separately
22558,merchandise,CLOTHES PEGS RETROSPOT PACK 24,1234,Descriptive catalogue item on positive numeric invoice before cutoff; exception codes reviewed separately
22559,merchandise,SEASIDE FLYING DISC,178,Descriptive catalogue item on positive numeric invoice before cutoff; exception codes reviewed separately
22560,merchandise,TRADITIONAL MODELLING CLAY,768,Descriptive catalogue item on positive numeric invoice before cutoff; exception codes reviewed separately
22561,merchandise,WOODEN SCHOOL COLOURING SET,925,Descriptive catalogue item on positive numeric invoice before cutoff; exception codes reviewed separately
22562,merchandise,MONSTERS STENCIL CRAFT,397,Descriptive catalogue item on positive numeric invoice before cutoff; exception codes reviewed separately
22563,merchandise,HAPPY STENCIL CRAFT,552,Descriptive catalogue item on positive numeric invoice before cutoff; exception codes reviewed separately
22564,merchandise,ALPHABET STENCIL CRAFT,350,Descriptive catalogue item on positive numeric invoice before cutoff; exception codes reviewed separately
22565,merchandise,FELTCRAFT HAIRBANDS PINK AND WHITE,277,Descriptive catalogue item on positive numeric invoice before cutoff; exception codes reviewed separately
22566,merchandise,FELTCRAFT HAIRBAND PINK AND PURPLE,294,Descriptive catalogue item on positive numeric invoice before cutoff; exception codes reviewed separately
22567,merchandise,20 DOLLY PEGS RETROSPOT,532,Descriptive catalogue item on positive numeric invoice before cutoff; exception codes reviewed separately
22568,merchandise,FELTCRAFT CUSHION OWL,926,Descriptive catalogue item on positive numeric invoice before cutoff; exception codes reviewed separately
22569,merchandise,FELTCRAFT CUSHION BUTTERFLY,847,Descriptive catalogue item on positive numeric invoice before cutoff; exception codes reviewed separately
22570,merchandise,FELTCRAFT CUSHION RABBIT,861,Descriptive catalogue item on positive numeric invoice before cutoff; exception codes reviewed separately
22571,merchandise,ROCKING HORSE RED CHRISTMAS,532,Descriptive catalogue item on positive numeric invoice before cutoff; exception codes reviewed separately
22572,merchandise,ROCKING HORSE GREEN CHRISTMAS,401,Descriptive catalogue item on positive numeric invoice before cutoff; exception codes reviewed separately
22573,merchandise,STAR WOODEN CHRISTMAS DECORATION,418,Descriptive catalogue item on positive numeric invoice before cutoff; exception codes reviewed separately
22574,merchandise,HEART WOODEN CHRISTMAS DECORATION,424,Descriptive catalogue item on positive numeric invoice before cutoff; exception codes reviewed separately
22575,merchandise,METAL MERRY CHRISTMAS WREATH,361,Descriptive catalogue item on positive numeric invoice before cutoff; exception codes reviewed separately
22576,merchandise,SWALLOW WOODEN CHRISTMAS DECORATION,349,Descriptive catalogue item on positive numeric invoice before cutoff; exception codes reviewed separately
22577,merchandise,WOODEN HEART CHRISTMAS SCANDINAVIAN,845,Descriptive catalogue item on positive numeric invoice before cutoff; exception codes reviewed separately
22578,merchandise,WOODEN STAR CHRISTMAS SCANDINAVIAN,781,Descriptive catalogue item on positive numeric invoice before cutoff; exception codes reviewed separately
22579,merchandise,WOODEN TREE CHRISTMAS SCANDINAVIAN,592,Descriptive catalogue item on positive numeric invoice before cutoff; exception codes reviewed separately
22580,merchandise,ADVENT CALENDAR GINGHAM SACK,501,Descriptive catalogue item on positive numeric invoice before cutoff; exception codes reviewed separately
22581,merchandise,WOOD STOCKING CHRISTMAS SCANDISPOT,386,Descriptive catalogue item on positive numeric invoice before cutoff; exception codes reviewed separately
22582,merchandise,PACK OF 6 SWEETIE GIFT BOXES,309,Descriptive catalogue item on positive numeric invoice before cutoff; exception codes reviewed separately
22583,merchandise,PACK OF 6 HANDBAG GIFT BOXES,376,Descriptive catalogue item on positive numeric invoice before cutoff; exception codes reviewed separately
22584,merchandise,PACK OF 6 PANNETONE GIFT BOXES,596,Descriptive catalogue item on positive numeric invoice before cutoff; exception codes reviewed separately
22585,merchandise,PACK OF 6 BIRDY GIFT TAGS,1186,Descriptive catalogue item on positive numeric invoice before cutoff; exception codes reviewed separately
22586,merchandise,FELTCRAFT HAIRBAND PINK AND BLUE,301,Descriptive catalogue item on positive numeric invoice before cutoff; exception codes reviewed separately
22587,merchandise,FELTCRAFT HAIRBAND RED AND BLUE,312,Descriptive catalogue item on positive numeric invoice before cutoff; exception codes reviewed separately
22588,merchandise,CARD HOLDER GINGHAM HEART,502,Descriptive catalogue item on positive numeric invoice before cutoff; exception codes reviewed separately
22589,merchandise,CARDHOLDER GINGHAM STAR,253,Descriptive catalogue item on positive numeric invoice before cutoff; exception codes reviewed separately
22591,merchandise,CARDHOLDER GINGHAM CHRISTMAS TREE,206,Descriptive catalogue item on positive numeric invoice before cutoff; exception codes reviewed separately
22592,merchandise,CARDHOLDER HOLLY WREATH METAL,301,Descriptive catalogue item on positive numeric invoice before cutoff; exception codes reviewed separately
22593,merchandise,CHRISTMAS GINGHAM STAR,425,Descriptive catalogue item on positive numeric invoice before cutoff; exception codes reviewed separately
22594,merchandise,CHRISTMAS GINGHAM TREE,416,Descriptive catalogue item on positive numeric invoice before cutoff; exception codes reviewed separately
22595,merchandise,CHRISTMAS GINGHAM HEART,415,Descriptive catalogue item on positive numeric invoice before cutoff; exception codes reviewed separately
22596,merchandise,CHRISTMAS STAR WISH LIST CHALKBOARD,401,Descriptive catalogue item on positive numeric invoice before cutoff; exception codes reviewed separately
22597,merchandise,MUSICAL ZINC HEART DECORATION,157,Descriptive catalogue item on positive numeric invoice before cutoff; exception codes reviewed separately
22598,merchandise,CHRISTMAS MUSICAL ZINC TREE,133,Descriptive catalogue item on positive numeric invoice before cutoff; exception codes reviewed separately
22599,merchandise,CHRISTMAS MUSICAL ZINC STAR,175,Descriptive catalogue item on positive numeric invoice before cutoff; exception codes reviewed separately
22600,merchandise,CHRISTMAS RETROSPOT STAR WOOD,430,Descriptive catalogue item on positive numeric invoice before cutoff; exception codes reviewed separately
22601,merchandise,CHRISTMAS RETROSPOT ANGEL WOOD,427,Descriptive catalogue item on positive numeric invoice before cutoff; exception codes reviewed separately
22602,merchandise,CHRISTMAS RETROSPOT HEART WOOD,315,Descriptive catalogue item on positive numeric invoice before cutoff; exception codes reviewed separately
22603,merchandise,CHRISTMAS RETROSPOT TREE WOOD,399,Descriptive catalogue item on positive numeric invoice before cutoff; exception codes reviewed separately
22604,merchandise,SET OF 4 NAPKIN CHARMS CUTLERY,253,Descriptive catalogue item on positive numeric invoice before cutoff; exception codes reviewed separately
22605,merchandise,WOODEN CROQUET GARDEN SET,638,Descriptive catalogue item on positive numeric invoice before cutoff; exception codes reviewed separately
22606,merchandise,WOODEN SKITTLES GARDEN SET,382,Descriptive catalogue item on positive numeric invoice before cutoff; exception codes reviewed separately
22607,merchandise,WOODEN ROUNDERS GARDEN SET,751,Descriptive catalogue item on positive numeric invoice before cutoff; exception codes reviewed separately
22608,merchandise,PENS ASSORTED FUNKY JEWELED,162,Descriptive catalogue item on positive numeric invoice before cutoff; exception codes reviewed separately
22609,merchandise,PENS ASSORTED SPACEBALL,201,Descriptive catalogue item on positive numeric invoice before cutoff; exception codes reviewed separately
22610,merchandise,PENS ASSORTED FUNNY FACE,287,Descriptive catalogue item on positive numeric invoice before cutoff; exception codes reviewed separately
22611,merchandise,VINTAGE UNION JACK SHOPPING BAG,202,Descriptive catalogue item on positive numeric invoice before cutoff; exception codes reviewed separately
22612,merchandise,TEA COSY VINTAGE UNION JACK,111,Descriptive catalogue item on positive numeric invoice before cutoff; exception codes reviewed separately
22613,merchandise,PACK OF 20 SPACEBOY NAPKINS,279,Descriptive catalogue item on positive numeric invoice before cutoff; exception codes reviewed separately
22614,merchandise,PACK OF 12 SPACEBOY TISSUES,377,Descriptive catalogue item on positive numeric invoice before cutoff; exception codes reviewed separately
22615,merchandise,PACK OF 12 CIRCUS PARADE TISSUES,190,Descriptive catalogue item on positive numeric invoice before cutoff; exception codes reviewed separately
22616,merchandise,PACK OF 12 LONDON TISSUES,862,Descriptive catalogue item on positive numeric invoice before cutoff; exception codes reviewed separately
22617,merchandise,BAKING SET SPACEBOY DESIGN,942,Descriptive catalogue item on positive numeric invoice before cutoff; exception codes reviewed separately
22618,merchandise,COOKING SET RETROSPOT,257,Descriptive catalogue item on positive numeric invoice before cutoff; exception codes reviewed separately
22619,merchandise,SET OF 6 SOLDIER SKITTLES,719,Descriptive catalogue item on positive numeric invoice before cutoff; exception codes reviewed separately
22620,merchandise,4 TRADITIONAL SPINNING TOPS,867,Descriptive catalogue item on positive numeric invoice before cutoff; exception codes reviewed separately
22621,merchandise,TRADITIONAL KNITTING NANCY,872,Descriptive catalogue item on positive numeric invoice before cutoff; exception codes reviewed separately
22622,merchandise,BOX OF VINTAGE ALPHABET BLOCKS,594,Descriptive catalogue item on positive numeric invoice before cutoff; exception codes reviewed separately
22623,merchandise,BOX OF VINTAGE JIGSAW BLOCKS,553,Descriptive catalogue item on positive numeric invoice before cutoff; exception codes reviewed separately
22624,merchandise,IVORY KITCHEN SCALES,1239,Descriptive catalogue item on positive numeric invoice before cutoff; exception codes reviewed separately
22625,merchandise,RED KITCHEN SCALES,975,Descriptive catalogue item on positive numeric invoice before cutoff; exception codes reviewed separately
22626,merchandise,BLACK KITCHEN SCALES,350,Descriptive catalogue item on positive numeric invoice before cutoff; exception codes reviewed separately
22627,merchandise,MINT KITCHEN SCALES,657,Descriptive catalogue item on positive numeric invoice before cutoff; exception codes reviewed separately
22628,merchandise,PICNIC BOXES SET OF 3 RETROSPOT,355,Descriptive catalogue item on positive numeric invoice before cutoff; exception codes reviewed separately
22629,merchandise,SPACEBOY LUNCH BOX,1398,Descriptive catalogue item on positive numeric invoice before cutoff; exception codes reviewed separately
22630,merchandise,DOLLY GIRL LUNCH BOX,1368,Descriptive catalogue item on positive numeric invoice before cutoff; exception codes reviewed separately
22631,merchandise,CIRCUS PARADE LUNCH BOX,675,Descriptive catalogue item on positive numeric invoice before cutoff; exception codes reviewed separately
22632,merchandise,HAND WARMER RED RETROSPOT,810,Descriptive catalogue item on positive numeric invoice before cutoff; exception codes reviewed separately
22633,merchandise,HAND WARMER UNION JACK,975,Descriptive catalogue item on positive numeric invoice before cutoff; exception codes reviewed separately
22634,merchandise,CHILDS BREAKFAST SET SPACEBOY,513,Descriptive catalogue item on positive numeric invoice before cutoff; exception codes reviewed separately
22635,merchandise,CHILDS BREAKFAST SET DOLLY GIRL,500,Descriptive catalogue item on positive numeric invoice before cutoff; exception codes reviewed separately
22636,merchandise,CHILDS BREAKFAST SET CIRCUS PARADE,504,Descriptive catalogue item on positive numeric invoice before cutoff; exception codes reviewed separately
22637,merchandise,PIGGY BANK RETROSPOT,630,Descriptive catalogue item on positive numeric invoice before cutoff; exception codes reviewed separately
22638,merchandise,SET OF 4 NAPKIN CHARMS CROWNS,73,Descriptive catalogue item on positive numeric invoice before cutoff; exception codes reviewed separately
22639,merchandise,SET OF 4 NAPKIN CHARMS HEARTS,285,Descriptive catalogue item on positive numeric invoice before cutoff; exception codes reviewed separately
22640,merchandise,SET OF 4 NAPKIN CHARMS 3 KEYS,88,Descriptive catalogue item on positive numeric invoice before cutoff; exception codes reviewed separately
22641,merchandise,SET OF 4 NAPKIN CHARMS INSTRUMENT,68,Descriptive catalogue item on positive numeric invoice before cutoff; exception codes reviewed separately
22642,merchandise,SET OF 4 NAPKIN CHARMS STARS,141,Descriptive catalogue item on positive numeric invoice before cutoff; exception codes reviewed separately
22643,merchandise,SET OF 4 NAPKIN CHARMS LEAVES,94,Descriptive catalogue item on positive numeric invoice before cutoff; exception codes reviewed separately
22644,merchandise,CERAMIC CHERRY CAKE MONEY BANK,614,Descriptive catalogue item on positive numeric invoice before cutoff; exception codes reviewed separately
22645,merchandise,CERAMIC HEART FAIRY CAKE MONEY BANK,750,Descriptive catalogue item on positive numeric invoice before cutoff; exception codes reviewed separately
22646,merchandise,CERAMIC STRAWBERRY CAKE MONEY BANK,904,Descriptive catalogue item on positive numeric invoice before cutoff; exception codes reviewed separately
22647,merchandise,CERAMIC LOVE HEART MONEY BANK,78,Descriptive catalogue item on positive numeric invoice before cutoff; exception codes reviewed separately
22649,merchandise,STRAWBERRY FAIRY CAKE TEAPOT,510,Descriptive catalogue item on positive numeric invoice before cutoff; exception codes reviewed separately
22650,merchandise,CERAMIC PIRATE CHEST MONEY BANK,288,Descriptive catalogue item on positive numeric invoice before cutoff; exception codes reviewed separately
22651,merchandise,GENTLEMAN SHIRT REPAIR KIT,281,Descriptive catalogue item on positive numeric invoice before cutoff; exception codes reviewed separately
22652,merchandise,TRAVEL SEWING KIT,883,Descriptive catalogue item on positive numeric invoice before cutoff; exception codes reviewed separately
22653,merchandise,BUTTON BOX,383,Descriptive catalogue item on positive numeric invoice before cutoff; exception codes reviewed separately
22654,merchandise,DELUXE SEWING KIT,617,Descriptive catalogue item on positive numeric invoice before cutoff; exception codes reviewed separately
22655,merchandise,VINTAGE RED KITCHEN CABINET,54,Descriptive catalogue item on positive numeric invoice before cutoff; exception codes reviewed separately
22656,merchandise,VINTAGE BLUE KITCHEN CABINET,37,Descriptive catalogue item on positive numeric invoice before cutoff; exception codes reviewed separately
22657,merchandise,HEN & 2 CHICKS IN BASKET,8,Descriptive catalogue item on positive numeric invoice before cutoff; exception codes reviewed separately
22659,merchandise,LUNCH BOX I LOVE LONDON,1138,Descriptive catalogue item on positive numeric invoice before cutoff; exception codes reviewed separately
22660,merchandise,DOORMAT I LOVE LONDON,200,Descriptive catalogue item on positive numeric invoice before cutoff; exception codes reviewed separately
22661,merchandise,CHARLOTTE BAG DOLLY GIRL DESIGN,643,Descriptive catalogue item on positive numeric invoice before cutoff; exception codes reviewed separately
22662,merchandise,LUNCH BAG DOLLY GIRL DESIGN,1020,Descriptive catalogue item on positive numeric invoice before cutoff; exception codes reviewed separately
22663,merchandise,JUMBO BAG DOLLY GIRL DESIGN,688,Descriptive catalogue item on positive numeric invoice before cutoff; exception codes reviewed separately
22664,merchandise,TOY TIDY DOLLY GIRL DESIGN,265,Descriptive catalogue item on positive numeric invoice before cutoff; exception codes reviewed separately
22665,merchandise,RECIPE BOX BLUE SKETCHBOOK DESIGN,731,Descriptive catalogue item on positive numeric invoice before cutoff; exception codes reviewed separately
22666,merchandise,RECIPE BOX PANTRY YELLOW DESIGN,1700,Descriptive catalogue item on positive numeric invoice before cutoff; exception codes reviewed separately
22667,merchandise,RECIPE BOX RETROSPOT,698,Descriptive catalogue item on positive numeric invoice before cutoff; exception codes reviewed separately
22668,merchandise,PINK BABY BUNTING,583,Descriptive catalogue item on positive numeric invoice before cutoff; exception codes reviewed separately
22669,merchandise,RED BABY BUNTING,452,Descriptive catalogue item on positive numeric invoice before cutoff; exception codes reviewed separately
22670,merchandise,FRENCH WC SIGN BLUE METAL,435,Descriptive catalogue item on positive numeric invoice before cutoff; exception codes reviewed separately
22671,merchandise,FRENCH LAUNDRY SIGN BLUE METAL,249,Descriptive catalogue item on positive numeric invoice before cutoff; exception codes reviewed separately
22672,merchandise,FRENCH BATHROOM SIGN BLUE METAL,375,Descriptive catalogue item on positive numeric invoice before cutoff; exception codes reviewed separately
22673,merchandise,FRENCH GARDEN SIGN BLUE METAL,196,Descriptive catalogue item on positive numeric invoice before cutoff; exception codes reviewed separately
22674,merchandise,FRENCH TOILET SIGN BLUE METAL,300,Descriptive catalogue item on positive numeric invoice before cutoff; exception codes reviewed separately
22675,merchandise,FRENCH KITCHEN SIGN BLUE METAL,269,Descriptive catalogue item on positive numeric invoice before cutoff; exception codes reviewed separately
22676,merchandise,FRENCH BLUE METAL DOOR SIGN 1,228,Descriptive catalogue item on positive numeric invoice before cutoff; exception codes reviewed separately
22677,merchandise,FRENCH BLUE METAL DOOR SIGN 2,204,Descriptive catalogue item on positive numeric invoice before cutoff; exception codes reviewed separately
22678,merchandise,FRENCH BLUE METAL DOOR SIGN 3,179,Descriptive catalogue item on positive numeric invoice before cutoff; exception codes reviewed separately
22679,merchandise,FRENCH BLUE METAL DOOR SIGN 4,164,Descriptive catalogue item on positive numeric invoice before cutoff; exception codes reviewed separately
22680,merchandise,FRENCH BLUE METAL DOOR SIGN 5,167,Descriptive catalogue item on positive numeric invoice before cutoff; exception codes reviewed separately
22681,merchandise,FRENCH BLUE METAL DOOR SIGN 6,134,Descriptive catalogue item on positive numeric invoice before cutoff; exception codes reviewed separately
22682,merchandise,FRENCH BLUE METAL DOOR SIGN 7,123,Descriptive catalogue item on positive numeric invoice before cutoff; exception codes reviewed separately
22683,merchandise,FRENCH BLUE METAL DOOR SIGN 8,130,Descriptive catalogue item on positive numeric invoice before cutoff; exception codes reviewed separately
22684,merchandise,FRENCH BLUE METAL DOOR SIGN 9,113,Descriptive catalogue item on positive numeric invoice before cutoff; exception codes reviewed separately
22685,merchandise,FRENCH BLUE METAL DOOR SIGN 0,106,Descriptive catalogue item on positive numeric invoice before cutoff; exception codes reviewed separately
22686,merchandise,FRENCH BLUE METAL DOOR SIGN No,172,Descriptive catalogue item on positive numeric invoice before cutoff; exception codes reviewed separately
22687,merchandise,DOORMAT CHRISTMAS VILLAGE,144,Descriptive catalogue item on positive numeric invoice before cutoff; exception codes reviewed separately
22688,merchandise,DOORMAT PEACE ON EARTH BLUE,97,Descriptive catalogue item on positive numeric invoice before cutoff; exception codes reviewed separately
22689,merchandise,DOORMAT MERRY CHRISTMAS RED,266,Descriptive catalogue item on positive numeric invoice before cutoff; exception codes reviewed separately
22690,merchandise,DOORMAT HOME SWEET HOME BLUE,438,Descriptive catalogue item on positive numeric invoice before cutoff; exception codes reviewed separately
22691,merchandise,DOORMAT WELCOME SUNRISE,215,Descriptive catalogue item on positive numeric invoice before cutoff; exception codes reviewed separately
22692,merchandise,DOORMAT WELCOME TO OUR HOME,599,Descriptive catalogue item on positive numeric invoice before cutoff; exception codes reviewed separately
22693,merchandise,GROW A FLYTRAP OR SUNFLOWER IN TIN,343,Descriptive catalogue item on positive numeric invoice before cutoff; exception codes reviewed separately
22694,merchandise,WICKER STAR,908,Descriptive catalogue item on positive numeric invoice before cutoff; exception codes reviewed separately
22695,merchandise,WICKER WREATH SMALL,220,Descriptive catalogue item on positive numeric invoice before cutoff; exception codes reviewed separately
22696,merchandise,WICKER WREATH LARGE,306,Descriptive catalogue item on positive numeric invoice before cutoff; exception codes reviewed separately
22697,merchandise,GREEN REGENCY TEACUP AND SAUCER,1382,Descriptive catalogue item on positive numeric invoice before cutoff; exception codes reviewed separately
22698,merchandise,PINK REGENCY TEACUP AND SAUCER,1025,Descriptive catalogue item on positive numeric invoice before cutoff; exception codes reviewed separately
22699,merchandise,ROSES REGENCY TEACUP AND SAUCER,1441,Descriptive catalogue item on positive numeric invoice before cutoff; exception codes reviewed separately
22700,merchandise,BLACK AND WHITE DOG BOWL,102,Descriptive catalogue item on positive numeric invoice before cutoff; exception codes reviewed separately
22701,merchandise,PINK DOG BOWL,142,Descriptive catalogue item on positive numeric invoice before cutoff; exception codes reviewed separately
22702,merchandise,BLACK AND WHITE CAT BOWL,97,Descriptive catalogue item on positive numeric invoice before cutoff; exception codes reviewed separately
22703,merchandise,PINK CAT BOWL,147,Descriptive catalogue item on positive numeric invoice before cutoff; exception codes reviewed separately
22704,merchandise,WRAP RED APPLES,294,Descriptive catalogue item on positive numeric invoice before cutoff; exception codes reviewed separately
22705,merchandise,WRAP GREEN PEARS,155,Descriptive catalogue item on positive numeric invoice before cutoff; exception codes reviewed separately
22706,merchandise,WRAP COWBOYS,123,Descriptive catalogue item on positive numeric invoice before cutoff; exception codes reviewed separately
22707,merchandise,WRAP MONSTER FUN,82,Descriptive catalogue item on positive numeric invoice before cutoff; exception codes reviewed separately
22708,merchandise,WRAP DOLLY GIRL,157,Descriptive catalogue item on positive numeric invoice before cutoff; exception codes reviewed separately
22709,merchandise,WRAP WEDDING DAY,76,Descriptive catalogue item on positive numeric invoice before cutoff; exception codes reviewed separately
22710,merchandise,WRAP I LOVE LONDON,171,Descriptive catalogue item on positive numeric invoice before cutoff; exception codes reviewed separately
22711,merchandise,WRAP CIRCUS PARADE,179,Descriptive catalogue item on positive numeric invoice before cutoff; exception codes reviewed separately
22712,merchandise,CARD DOLLY GIRL,517,Descriptive catalogue item on positive numeric invoice before cutoff; exception codes reviewed separately
22713,merchandise,CARD I LOVE LONDON,379,Descriptive catalogue item on positive numeric invoice before cutoff; exception codes reviewed separately
22714,merchandise,CARD BIRTHDAY COWBOY,358,Descriptive catalogue item on positive numeric invoice before cutoff; exception codes reviewed separately
22715,merchandise,CARD WEDDING DAY,221,Descriptive catalogue item on positive numeric invoice before cutoff; exception codes reviewed separately
22716,merchandise,CARD CIRCUS PARADE,448,Descriptive catalogue item on positive numeric invoice before cutoff; exception codes reviewed separately
22717,merchandise,CARD DOG AND BALL,218,Descriptive catalogue item on positive numeric invoice before cutoff; exception codes reviewed separately
22718,merchandise,CARD CAT AND TREE,270,Descriptive catalogue item on positive numeric invoice before cutoff; exception codes reviewed separately
22719,merchandise,GUMBALL MONOCHROME COAT RACK,241,Descriptive catalogue item on positive numeric invoice before cutoff; exception codes reviewed separately
22720,merchandise,SET OF 3 CAKE TINS PANTRY DESIGN,1357,Descriptive catalogue item on positive numeric invoice before cutoff; exception codes reviewed separately
22721,merchandise,SET OF 3 CAKE TINS SKETCHBOOK,270,Descriptive catalogue item on positive numeric invoice before cutoff; exception codes reviewed separately
22722,merchandise,SET OF 6 SPICE TINS PANTRY DESIGN,825,Descriptive catalogue item on positive numeric invoice before cutoff; exception codes reviewed separately
22723,merchandise,SET OF 6 HERB TINS SKETCHBOOK,282,Descriptive catalogue item on positive numeric invoice before cutoff; exception codes reviewed separately
22725,merchandise,ALARM CLOCK BAKELIKE CHOCOLATE,557,Descriptive catalogue item on positive numeric invoice before cutoff; exception codes reviewed separately
22726,merchandise,ALARM CLOCK BAKELIKE GREEN,1301,Descriptive catalogue item on positive numeric invoice before cutoff; exception codes reviewed separately
22727,merchandise,ALARM CLOCK BAKELIKE RED,1392,Descriptive catalogue item on positive numeric invoice before cutoff; exception codes reviewed separately
22728,merchandise,ALARM CLOCK BAKELIKE PINK,987,Descriptive catalogue item on positive numeric invoice before cutoff; exception codes reviewed separately
22729,merchandise,ALARM CLOCK BAKELIKE ORANGE,652,Descriptive catalogue item on positive numeric invoice before cutoff; exception codes reviewed separately
22730,merchandise,ALARM CLOCK BAKELIKE IVORY,762,Descriptive catalogue item on positive numeric invoice before cutoff; exception codes reviewed separately
22731,merchandise,3D CHRISTMAS STAMPS STICKERS,243,Descriptive catalogue item on positive numeric invoice before cutoff; exception codes reviewed separately
22732,merchandise,3D VINTAGE CHRISTMAS STICKERS,307,Descriptive catalogue item on positive numeric invoice before cutoff; exception codes reviewed separately
22733,merchandise,3D TRADITIONAL CHRISTMAS STICKERS,315,Descriptive catalogue item on positive numeric invoice before cutoff; exception codes reviewed separately
22734,merchandise,SET OF 6 RIBBONS VINTAGE CHRISTMAS,759,Descriptive catalogue item on positive numeric invoice before cutoff; exception codes reviewed separately
22735,merchandise,RIBBON REEL SOCKS AND MITTENS,248,Descriptive catalogue item on positive numeric invoice before cutoff; exception codes reviewed separately
22736,merchandise,RIBBON REEL MAKING SNOWMEN,426,Descriptive catalogue item on positive numeric invoice before cutoff; exception codes reviewed separately
22737,merchandise,RIBBON REEL CHRISTMAS PRESENT,522,Descriptive catalogue item on positive numeric invoice before cutoff; exception codes reviewed separately
22738,merchandise,RIBBON REEL SNOWY VILLAGE,516,Descriptive catalogue item on positive numeric invoice before cutoff; exception codes reviewed separately
22739,merchandise,RIBBON REEL CHRISTMAS SOCK BAUBLE,590,Descriptive catalogue item on positive numeric invoice before cutoff; exception codes reviewed separately
22740,merchandise,POLKADOT PEN,290,Descriptive catalogue item on positive numeric invoice before cutoff; exception codes reviewed separately
22741,merchandise,FUNKY DIVA PEN,287,Descriptive catalogue item on positive numeric invoice before cutoff; exception codes reviewed separately
22742,merchandise,MAKE YOUR OWN PLAYTIME CARD KIT,175,Descriptive catalogue item on positive numeric invoice before cutoff; exception codes reviewed separately
22743,merchandise,MAKE YOUR OWN FLOWERPOWER CARD KIT,356,Descriptive catalogue item on positive numeric invoice before cutoff; exception codes reviewed separately
22744,merchandise,MAKE YOUR OWN MONSOON CARD KIT,301,Descriptive catalogue item on positive numeric invoice before cutoff; exception codes reviewed separately
22745,merchandise,POPPY'S PLAYHOUSE BEDROOM,757,Descriptive catalogue item on positive numeric invoice before cutoff; exception codes reviewed separately
22746,merchandise,POPPY'S PLAYHOUSE LIVINGROOM,599,Descriptive catalogue item on positive numeric invoice before cutoff; exception codes reviewed separately
22747,merchandise,POPPY'S PLAYHOUSE BATHROOM,420,Descriptive catalogue item on positive numeric invoice before cutoff; exception codes reviewed separately
22748,merchandise,POPPY'S PLAYHOUSE KITCHEN,789,Descriptive catalogue item on positive numeric invoice before cutoff; exception codes reviewed separately
22749,merchandise,FELTCRAFT PRINCESS CHARLOTTE DOLL,716,Descriptive catalogue item on positive numeric invoice before cutoff; exception codes reviewed separately
22750,merchandise,FELTCRAFT PRINCESS LOLA DOLL,670,Descriptive catalogue item on positive numeric invoice before cutoff; exception codes reviewed separately
22751,merchandise,FELTCRAFT PRINCESS OLIVIA DOLL,477,Descriptive catalogue item on positive numeric invoice before cutoff; exception codes reviewed separately
22752,merchandise,SET 7 BABUSHKA NESTING BOXES,741,Descriptive catalogue item on positive numeric invoice before cutoff; exception codes reviewed separately
22753,merchandise,SMALL YELLOW BABUSHKA NOTEBOOK,399,Descriptive catalogue item on positive numeric invoice before cutoff; exception codes reviewed separately
22754,merchandise,SMALL RED BABUSHKA NOTEBOOK,483,Descriptive catalogue item on positive numeric invoice before cutoff; exception codes reviewed separately
22755,merchandise,SMALL PURPLE BABUSHKA NOTEBOOK,496,Descriptive catalogue item on positive numeric invoice before cutoff; exception codes reviewed separately
22756,merchandise,LARGE YELLOW BABUSHKA NOTEBOOK,201,Descriptive catalogue item on positive numeric invoice before cutoff; exception codes reviewed separately
22757,merchandise,LARGE RED BABUSHKA NOTEBOOK,295,Descriptive catalogue item on positive numeric invoice before cutoff; exception codes reviewed separately
22758,merchandise,LARGE PURPLE BABUSHKA NOTEBOOK,301,Descriptive catalogue item on positive numeric invoice before cutoff; exception codes reviewed separately
22759,merchandise,SET OF 3 NOTEBOOKS IN PARCEL,853,Descriptive catalogue item on positive numeric invoice before cutoff; exception codes reviewed separately
22760,merchandise,"TRAY, BREAKFAST IN BED",124,Descriptive catalogue item on positive numeric invoice before cutoff; exception codes reviewed separately
22761,merchandise,CHEST 7 DRAWER MA CAMPAGNE,36,Descriptive catalogue item on positive numeric invoice before cutoff; exception codes reviewed separately
22762,merchandise,CUPBOARD 3 DRAWER MA CAMPAGNE,136,Descriptive catalogue item on positive numeric invoice before cutoff; exception codes reviewed separately
22763,merchandise,KEY CABINET MA CAMPAGNE,138,Descriptive catalogue item on positive numeric invoice before cutoff; exception codes reviewed separately
22764,merchandise,"RUSTIC WOODEN CABINET, GLASS DOORS",25,Descriptive catalogue item on positive numeric invoice before cutoff; exception codes reviewed separately
22765,merchandise,NEWSPAPER STAND,58,Descriptive catalogue item on positive numeric invoice before cutoff; exception codes reviewed separately
22766,merchandise,PHOTO FRAME CORNICE,660,Descriptive catalogue item on positive numeric invoice before cutoff; exception codes reviewed separately
22767,merchandise,TRIPLE PHOTO FRAME CORNICE,297,Descriptive catalogue item on positive numeric invoice before cutoff; exception codes reviewed separately
22768,merchandise,FAMILY PHOTO FRAME CORNICE,364,Descriptive catalogue item on positive numeric invoice before cutoff; exception codes reviewed separately
22769,merchandise,CHALKBOARD KITCHEN ORGANISER,47,Descriptive catalogue item on positive numeric invoice before cutoff; exception codes reviewed separately
22770,merchandise,MIRROR CORNICE,71,Descriptive catalogue item on positive numeric invoice before cutoff; exception codes reviewed separately
22771,merchandise,CLEAR DRAWER KNOB ACRYLIC EDWARDIAN,529,Descriptive catalogue item on positive numeric invoice before cutoff; exception codes reviewed separately
22772,merchandise,PINK DRAWER KNOB ACRYLIC EDWARDIAN,330,Descriptive catalogue item on positive numeric invoice before cutoff; exception codes reviewed separately
22773,merchandise,GREEN DRAWER KNOB ACRYLIC EDWARDIAN,238,Descriptive catalogue item on positive numeric invoice before cutoff; exception codes reviewed separately
22774,merchandise,RED DRAWER KNOB ACRYLIC EDWARDIAN,196,Descriptive catalogue item on positive numeric invoice before cutoff; exception codes reviewed separately
22775,merchandise,PURPLE DRAWERKNOB ACRYLIC EDWARDIAN,309,Descriptive catalogue item on positive numeric invoice before cutoff; exception codes reviewed separately
22776,merchandise,SWEETHEART CAKESTAND 3 TIER,545,Descriptive catalogue item on positive numeric invoice before cutoff; exception codes reviewed separately
22777,merchandise,GLASS CLOCHE LARGE,108,Descriptive catalogue item on positive numeric invoice before cutoff; exception codes reviewed separately
22778,merchandise,GLASS CLOCHE SMALL,210,Descriptive catalogue item on positive numeric invoice before cutoff; exception codes reviewed separately
22779,merchandise,WOODEN OWLS LIGHT GARLAND,202,Descriptive catalogue item on positive numeric invoice before cutoff; exception codes reviewed separately
22780,merchandise,LIGHT GARLAND BUTTERFILES PINK,183,Descriptive catalogue item on positive numeric invoice before cutoff; exception codes reviewed separately
22781,merchandise,GUMBALL MAGAZINE RACK,310,Descriptive catalogue item on positive numeric invoice before cutoff; exception codes reviewed separately
22782,merchandise,SET 3 WICKER STORAGE BASKETS,82,Descriptive catalogue item on positive numeric invoice before cutoff; exception codes reviewed separately
22783,merchandise,SET 3 WICKER OVAL BASKETS W LIDS,49,Descriptive catalogue item on positive numeric invoice before cutoff; exception codes reviewed separately
22784,merchandise,LANTERN CREAM GAZEBO,384,Descriptive catalogue item on positive numeric invoice before cutoff; exception codes reviewed separately
22785,merchandise,SQUARECUSHION COVER PINK UNION FLAG,60,Descriptive catalogue item on positive numeric invoice before cutoff; exception codes reviewed separately
22786,merchandise,CUSHION COVER PINK UNION JACK,74,Descriptive catalogue item on positive numeric invoice before cutoff; exception codes reviewed separately
22788,merchandise,BROCANTE COAT RACK,91,Descriptive catalogue item on positive numeric invoice before cutoff; exception codes reviewed separately
22789,merchandise,T-LIGHT HOLDER SWEETHEART HANGING,205,Descriptive catalogue item on positive numeric invoice before cutoff; exception codes reviewed separately
22790,merchandise,"MIRROR, ARCHED GEORGIAN",1,Descriptive catalogue item on positive numeric invoice before cutoff; exception codes reviewed separately
22791,merchandise,T-LIGHT GLASS FLUTED ANTIQUE,447,Descriptive catalogue item on positive numeric invoice before cutoff; exception codes reviewed separately
22792,merchandise,FLUTED ANTIQUE CANDLE HOLDER,265,Descriptive catalogue item on positive numeric invoice before cutoff; exception codes reviewed separately
22794,merchandise,SWEETHEART WIRE MAGAZINE RACK,211,Descriptive catalogue item on positive numeric invoice before cutoff; exception codes reviewed separately
22795,merchandise,SWEETHEART RECIPE BOOK STAND,510,Descriptive catalogue item on positive numeric invoice before cutoff; exception codes reviewed separately
22796,merchandise,PHOTO FRAME 3 CLASSIC HANGING,321,Descriptive catalogue item on positive numeric invoice before cutoff; exception codes reviewed separately
22797,merchandise,CHEST OF DRAWERS GINGHAM HEART,144,Descriptive catalogue item on positive numeric invoice before cutoff; exception codes reviewed separately
22798,merchandise,ANTIQUE GLASS DRESSING TABLE POT,362,Descriptive catalogue item on positive numeric invoice before cutoff; exception codes reviewed separately
22799,merchandise,SWEETHEART WIRE FRUIT BOWL,105,Descriptive catalogue item on positive numeric invoice before cutoff; exception codes reviewed separately
22800,merchandise,ANTIQUE TALL SWIRLGLASS TRINKET POT,278,Descriptive catalogue item on positive numeric invoice before cutoff; exception codes reviewed separately
22801,merchandise,ANTIQUE GLASS PEDESTAL BOWL,317,Descriptive catalogue item on positive numeric invoice before cutoff; exception codes reviewed separately
22802,merchandise,FAUX FUR CHOCOLATE THROW,62,Descriptive catalogue item on positive numeric invoice before cutoff; exception codes reviewed separately
22803,merchandise,IVORY EMBROIDERED QUILT,45,Descriptive catalogue item on positive numeric invoice before cutoff; exception codes reviewed separately
22804,merchandise,CANDLEHOLDER PINK HANGING HEART,639,Descriptive catalogue item on positive numeric invoice before cutoff; exception codes reviewed separately
22805,merchandise,BLUE DRAWER KNOB ACRYLIC EDWARDIAN,240,Descriptive catalogue item on positive numeric invoice before cutoff; exception codes reviewed separately
22806,merchandise,SET OF 6 T-LIGHTS WEDDING CAKE,54,Descriptive catalogue item on positive numeric invoice before cutoff; exception codes reviewed separately
22807,merchandise,SET OF 6 T-LIGHTS TOADSTOOLS,291,Descriptive catalogue item on positive numeric invoice before cutoff; exception codes reviewed separately
22808,merchandise,SET OF 6 T-LIGHTS EASTER CHICKS,82,Descriptive catalogue item on positive numeric invoice before cutoff; exception codes reviewed separately
22809,merchandise,SET OF 6 T-LIGHTS SANTA,391,Descriptive catalogue item on positive numeric invoice before cutoff; exception codes reviewed separately
22810,merchandise,SET OF 6 T-LIGHTS SNOWMEN,362,Descriptive catalogue item on positive numeric invoice before cutoff; exception codes reviewed separately
22811,merchandise,SET OF 6 T-LIGHTS CACTI,134,Descriptive catalogue item on positive numeric invoice before cutoff; exception codes reviewed separately
22812,merchandise,PACK 3 BOXES CHRISTMAS PANNETONE,489,Descriptive catalogue item on positive numeric invoice before cutoff; exception codes reviewed separately
22813,merchandise,PACK 3 BOXES BIRD PANNETONE,376,Descriptive catalogue item on positive numeric invoice before cutoff; exception codes reviewed separately
22814,merchandise,CARD PARTY GAMES,290,Descriptive catalogue item on positive numeric invoice before cutoff; exception codes reviewed separately
22815,merchandise,CARD PSYCHEDELIC APPLES,338,Descriptive catalogue item on positive numeric invoice before cutoff; exception codes reviewed separately
22816,merchandise,CARD MOTORBIKE SANTA,448,Descriptive catalogue item on positive numeric invoice before cutoff; exception codes reviewed separately
22817,merchandise,CARD SUKI BIRTHDAY,351,Descriptive catalogue item on positive numeric invoice before cutoff; exception codes reviewed separately
22818,merchandise,CARD CHRISTMAS VILLAGE,413,Descriptive catalogue item on positive numeric invoice before cutoff; exception codes reviewed separately
22819,merchandise,"BIRTHDAY CARD, RETRO SPOT",323,Descriptive catalogue item on positive numeric invoice before cutoff; exception codes reviewed separately
22820,merchandise,GIFT BAG BIRTHDAY,110,Descriptive catalogue item on positive numeric invoice before cutoff; exception codes reviewed separately
22821,merchandise,GIFT BAG PSYCHEDELIC APPLES,181,Descriptive catalogue item on positive numeric invoice before cutoff; exception codes reviewed separately
22822,merchandise,CREAM WALL PLANTER HEART SHAPED,191,Descriptive catalogue item on positive numeric invoice before cutoff; exception codes reviewed separately
22823,merchandise,CHEST NATURAL WOOD 20 DRAWERS,18,Descriptive catalogue item on positive numeric invoice before cutoff; exception codes reviewed separately
22824,merchandise,3 TIER SWEETHEART GARDEN SHELF,50,Descriptive catalogue item on positive numeric invoice before cutoff; exception codes reviewed separately
22825,merchandise,DECORATIVE PLANT POT WITH FRIEZE,40,Descriptive catalogue item on positive numeric invoice before cutoff; exception codes reviewed separately
22826,merchandise,LOVE SEAT ANTIQUE WHITE METAL,41,Descriptive catalogue item on positive numeric invoice before cutoff; exception codes reviewed separately
22827,merchandise,RUSTIC  SEVENTEEN DRAWER SIDEBOARD,31,Descriptive catalogue item on positive numeric invoice before cutoff; exception codes reviewed separately
22828,merchandise,REGENCY MIRROR WITH SHUTTERS,12,Descriptive catalogue item on positive numeric invoice before cutoff; exception codes reviewed separately
22829,merchandise,SWEETHEART WIRE WALL TIDY,124,Descriptive catalogue item on positive numeric invoice before cutoff; exception codes reviewed separately
22830,merchandise,UTILTY CABINET WITH HOOKS,22,Descriptive catalogue item on positive numeric invoice before cutoff; exception codes reviewed separately
22831,merchandise,WHITE BROCANTE SOAP DISH,143,Descriptive catalogue item on positive numeric invoice before cutoff; exception codes reviewed separately
22832,merchandise,BROCANTE SHELF WITH HOOKS,84,Descriptive catalogue item on positive numeric invoice before cutoff; exception codes reviewed separately
22833,merchandise,HALL CABINET WITH 3 DRAWERS,15,Descriptive catalogue item on positive numeric invoice before cutoff; exception codes reviewed separately
22834,merchandise,HAND WARMER BABUSHKA DESIGN,658,Descriptive catalogue item on positive numeric invoice before cutoff; exception codes reviewed separately
22835,merchandise,HOT WATER BOTTLE I AM SO POORLY,1028,Descriptive catalogue item on positive numeric invoice before cutoff; exception codes reviewed separately
22837,merchandise,HOT WATER BOTTLE BABUSHKA,524,Descriptive catalogue item on positive numeric invoice before cutoff; exception codes reviewed separately
22838,merchandise,3 TIER CAKE TIN RED AND CREAM,270,Descriptive catalogue item on positive numeric invoice before cutoff; exception codes reviewed separately
22839,merchandise,3 TIER CAKE TIN GREEN AND CREAM,270,Descriptive catalogue item on positive numeric invoice before cutoff; exception codes reviewed separately
22840,merchandise,ROUND CAKE TIN VINTAGE RED,404,Descriptive catalogue item on positive numeric invoice before cutoff; exception codes reviewed separately
22841,merchandise,ROUND CAKE TIN VINTAGE GREEN,307,Descriptive catalogue item on positive numeric invoice before cutoff; exception codes reviewed separately
22842,merchandise,BISCUIT TIN VINTAGE RED,238,Descriptive catalogue item on positive numeric invoice before cutoff; exception codes reviewed separately
22843,merchandise,BISCUIT TIN VINTAGE GREEN,183,Descriptive catalogue item on positive numeric invoice before cutoff; exception codes reviewed separately
22844,merchandise,VINTAGE CREAM DOG FOOD CONTAINER,492,Descriptive catalogue item on positive numeric invoice before cutoff; exception codes reviewed separately
22845,merchandise,VINTAGE CREAM CAT FOOD CONTAINER,392,Descriptive catalogue item on positive numeric invoice before cutoff; exception codes reviewed separately
22846,merchandise,BREAD BIN DINER STYLE RED,342,Descriptive catalogue item on positive numeric invoice before cutoff; exception codes reviewed separately
22847,merchandise,BREAD BIN DINER STYLE IVORY,468,Descriptive catalogue item on positive numeric invoice before cutoff; exception codes reviewed separately
22848,merchandise,BREAD BIN DINER STYLE PINK,155,Descriptive catalogue item on positive numeric invoice before cutoff; exception codes reviewed separately
22849,merchandise,BREAD BIN DINER STYLE MINT,166,Descriptive catalogue item on positive numeric invoice before cutoff; exception codes reviewed separately
22850,merchandise,BREAD BIN DINER STYLE BLACK,2,Descriptive catalogue item on positive numeric invoice before cutoff; exception codes reviewed separately
22851,merchandise,SET 20 NAPKINS FAIRY CAKES DESIGN,553,Descriptive catalogue item on positive numeric invoice before cutoff; exception codes reviewed separately
22852,merchandise,DOG BOWL VINTAGE CREAM,148,Descriptive catalogue item on positive numeric invoice before cutoff; exception codes reviewed separately
22853,merchandise,CAT BOWL VINTAGE CREAM,137,Descriptive catalogue item on positive numeric invoice before cutoff; exception codes reviewed separately
22854,merchandise,CREAM SWEETHEART EGG HOLDER,252,Descriptive catalogue item on positive numeric invoice before cutoff; exception codes reviewed separately
22855,merchandise,FINE WICKER HEART,453,Descriptive catalogue item on positive numeric invoice before cutoff; exception codes reviewed separately
22856,merchandise,ASSORTED EASTER DECORATIONS  BELLS,33,Descriptive catalogue item on positive numeric invoice before cutoff; exception codes reviewed separately
22857,merchandise,ASSORTED EASTER GIFT TAGS,69,Descriptive catalogue item on positive numeric invoice before cutoff; exception codes reviewed separately
22858,merchandise,EASTER TIN KEEPSAKE,142,Descriptive catalogue item on positive numeric invoice before cutoff; exception codes reviewed separately
22859,merchandise,EASTER TIN BUNNY BOUQUET,172,Descriptive catalogue item on positive numeric invoice before cutoff; exception codes reviewed separately
22860,merchandise,EASTER TIN CHICKS PINK DAISY,116,Descriptive catalogue item on positive numeric invoice before cutoff; exception codes reviewed separately
22861,merchandise,EASTER TIN CHICKS IN GARDEN,50,Descriptive catalogue item on positive numeric invoice before cutoff; exception codes reviewed separately
22862,merchandise,LOVE HEART NAPKIN BOX,241,Descriptive catalogue item on positive numeric invoice before cutoff; exception codes reviewed separately
22863,merchandise,SOAP DISH BROCANTE,182,Descriptive catalogue item on positive numeric invoice before cutoff; exception codes reviewed separately
22864,merchandise,MUG AND COASTER SET RED CIRCLES,2,Descriptive catalogue item on positive numeric invoice before cutoff; exception codes reviewed separately
22865,merchandise,HAND WARMER OWL DESIGN,1288,Descriptive catalogue item on positive numeric invoice before cutoff; exception codes reviewed separately
22866,merchandise,HAND WARMER SCOTTY DOG DESIGN,1192,Descriptive catalogue item on positive numeric invoice before cutoff; exception codes reviewed separately
22867,merchandise,HAND WARMER BIRD DESIGN,1152,Descriptive catalogue item on positive numeric invoice before cutoff; exception codes reviewed separately
22868,merchandise,NUMBER TILE COTTAGE GARDEN 0,25,Descriptive catalogue item on positive numeric invoice before cutoff; exception codes reviewed separately
22869,merchandise,NUMBER TILE COTTAGE GARDEN 1,46,Descriptive catalogue item on positive numeric invoice before cutoff; exception codes reviewed separately
22870,merchandise,NUMBER TILE COTTAGE GARDEN 2,46,Descriptive catalogue item on positive numeric invoice before cutoff; exception codes reviewed separately
22871,merchandise,NUMBER TILE COTTAGE GARDEN 3,28,Descriptive catalogue item on positive numeric invoice before cutoff; exception codes reviewed separately
22872,merchandise,NUMBER TILE COTTAGE GARDEN 4,35,Descriptive catalogue item on positive numeric invoice before cutoff; exception codes reviewed separately
22873,merchandise,NUMBER TILE COTTAGE GARDEN 5,29,Descriptive catalogue item on positive numeric invoice before cutoff; exception codes reviewed separately
22874,merchandise,NUMBER TILE COTTAGE GARDEN 6,27,Descriptive catalogue item on positive numeric invoice before cutoff; exception codes reviewed separately
22875,merchandise,NUMBER TILE COTTAGE GARDEN 7,26,Descriptive catalogue item on positive numeric invoice before cutoff; exception codes reviewed separately
22876,merchandise,NUMBER TILE COTTAGE GARDEN 8,24,Descriptive catalogue item on positive numeric invoice before cutoff; exception codes reviewed separately
22877,merchandise,NUMBER TILE COTTAGE GARDEN 9,23,Descriptive catalogue item on positive numeric invoice before cutoff; exception codes reviewed separately
22878,merchandise,NUMBER TILE COTTAGE GARDEN No,40,Descriptive catalogue item on positive numeric invoice before cutoff; exception codes reviewed separately
22879,merchandise,NUMBER TILE VINTAGE FONT 0,20,Descriptive catalogue item on positive numeric invoice before cutoff; exception codes reviewed separately
22880,merchandise,NUMBER TILE VINTAGE FONT 1,38,Descriptive catalogue item on positive numeric invoice before cutoff; exception codes reviewed separately
22881,merchandise,NUMBER TILE VINTAGE FONT 2,34,Descriptive catalogue item on positive numeric invoice before cutoff; exception codes reviewed separately
22882,merchandise,NUMBER TILE VINTAGE FONT 3,48,Descriptive catalogue item on positive numeric invoice before cutoff; exception codes reviewed separately
22883,merchandise,NUMBER TILE VINTAGE FONT 4,32,Descriptive catalogue item on positive numeric invoice before cutoff; exception codes reviewed separately
22884,merchandise,NUMBER TILE VINTAGE FONT 5,40,Descriptive catalogue item on positive numeric invoice before cutoff; exception codes reviewed separately
22885,merchandise,NUMBER TILE VINTAGE FONT 6,32,Descriptive catalogue item on positive numeric invoice before cutoff; exception codes reviewed separately
22886,merchandise,NUMBER TILE VINTAGE FONT 7,27,Descriptive catalogue item on positive numeric invoice before cutoff; exception codes reviewed separately
22887,merchandise,NUMBER TILE VINTAGE FONT 8,26,Descriptive catalogue item on positive numeric invoice before cutoff; exception codes reviewed separately
22888,merchandise,NUMBER TILE VINTAGE FONT 9,22,Descriptive catalogue item on positive numeric invoice before cutoff; exception codes reviewed separately
22889,merchandise,NUMBER TILE VINTAGE FONT No,38,Descriptive catalogue item on positive numeric invoice before cutoff; exception codes reviewed separately
22890,merchandise,NOVELTY BISCUITS CAKE STAND 3 TIER,273,Descriptive catalogue item on positive numeric invoice before cutoff; exception codes reviewed separately
22891,merchandise,TEA FOR ONE POLKADOT,243,Descriptive catalogue item on positive numeric invoice before cutoff; exception codes reviewed separately
22892,merchandise,SET OF SALT AND PEPPER TOADSTOOLS,269,Descriptive catalogue item on positive numeric invoice before cutoff; exception codes reviewed separately
22893,merchandise,MINI CAKE STAND T-LIGHT HOLDER,185,Descriptive catalogue item on positive numeric invoice before cutoff; exception codes reviewed separately
22894,merchandise,TABLECLOTH RED APPLES DESIGN,197,Descriptive catalogue item on positive numeric invoice before cutoff; exception codes reviewed separately
22895,merchandise,SET OF 2 TEA TOWELS APPLE AND PEARS,426,Descriptive catalogue item on positive numeric invoice before cutoff; exception codes reviewed separately
22896,merchandise,PEG BAG APPLES DESIGN,340,Descriptive catalogue item on positive numeric invoice before cutoff; exception codes reviewed separately
22897,merchandise,OVEN MITT APPLES DESIGN,264,Descriptive catalogue item on positive numeric invoice before cutoff; exception codes reviewed separately
22898,merchandise,CHILDRENS APRON APPLES DESIGN,450,Descriptive catalogue item on positive numeric invoice before cutoff; exception codes reviewed separately
22899,merchandise,CHILDREN'S APRON DOLLY GIRL,407,Descriptive catalogue item on positive numeric invoice before cutoff; exception codes reviewed separately
22900,merchandise,SET 2 TEA TOWELS I LOVE LONDON,785,Descriptive catalogue item on positive numeric invoice before cutoff; exception codes reviewed separately
22902,merchandise,TOTE BAG I LOVE LONDON,214,Descriptive catalogue item on positive numeric invoice before cutoff; exception codes reviewed separately
22903,merchandise,CALENDAR FAMILY FAVOURITES,73,Descriptive catalogue item on positive numeric invoice before cutoff; exception codes reviewed separately
22904,merchandise,CALENDAR PAPER CUT DESIGN,494,Descriptive catalogue item on positive numeric invoice before cutoff; exception codes reviewed separately
22905,merchandise,CALENDAR IN SEASON DESIGN,186,Descriptive catalogue item on positive numeric invoice before cutoff; exception codes reviewed separately
22906,merchandise,12 MESSAGE CARDS WITH ENVELOPES,491,Descriptive catalogue item on positive numeric invoice before cutoff; exception codes reviewed separately
22907,merchandise,PACK OF 20 NAPKINS PANTRY DESIGN,860,Descriptive catalogue item on positive numeric invoice before cutoff; exception codes reviewed separately
22908,merchandise,PACK OF 20 NAPKINS RED APPLES,500,Descriptive catalogue item on positive numeric invoice before cutoff; exception codes reviewed separately
22909,merchandise,SET OF 20 VINTAGE CHRISTMAS NAPKINS,1131,Descriptive catalogue item on positive numeric invoice before cutoff; exception codes reviewed separately
22910,merchandise,PAPER CHAIN KIT VINTAGE CHRISTMAS,1452,Descriptive catalogue item on positive numeric invoice before cutoff; exception codes reviewed separately
22911,merchandise,PAPER CHAIN KIT LONDON,175,Descriptive catalogue item on positive numeric invoice before cutoff; exception codes reviewed separately
22912,merchandise,YELLOW COAT RACK PARIS FASHION,119,Descriptive catalogue item on positive numeric invoice before cutoff; exception codes reviewed separately
22913,merchandise,RED COAT RACK PARIS FASHION,128,Descriptive catalogue item on positive numeric invoice before cutoff; exception codes reviewed separately
22914,merchandise,BLUE COAT RACK PARIS FASHION,182,Descriptive catalogue item on positive numeric invoice before cutoff; exception codes reviewed separately
22915,merchandise,ASSORTED BOTTLE TOP  MAGNETS,189,Descriptive catalogue item on positive numeric invoice before cutoff; exception codes reviewed separately
22916,merchandise,HERB MARKER THYME,261,Descriptive catalogue item on positive numeric invoice before cutoff; exception codes reviewed separately
22917,merchandise,HERB MARKER ROSEMARY,262,Descriptive catalogue item on positive numeric invoice before cutoff; exception codes reviewed separately
22918,merchandise,HERB MARKER PARSLEY,263,Descriptive catalogue item on positive numeric invoice before cutoff; exception codes reviewed separately
22919,merchandise,HERB MARKER MINT,256,Descriptive catalogue item on positive numeric invoice before cutoff; exception codes reviewed separately
22920,merchandise,HERB MARKER BASIL,261,Descriptive catalogue item on positive numeric invoice before cutoff; exception codes reviewed separately
22921,merchandise,HERB MARKER CHIVES,229,Descriptive catalogue item on positive numeric invoice before cutoff; exception codes reviewed separately
22922,merchandise,FRIDGE MAGNETS US DINER ASSORTED,112,Descriptive catalogue item on positive numeric invoice before cutoff; exception codes reviewed separately
22923,merchandise,FRIDGE MAGNETS LES ENFANTS ASSORTED,93,Descriptive catalogue item on positive numeric invoice before cutoff; exception codes reviewed separately
22924,merchandise,FRIDGE MAGNETS LA VIE EN ROSE,98,Descriptive catalogue item on positive numeric invoice before cutoff; exception codes reviewed separately
22925,merchandise,BLUE GIANT GARDEN THERMOMETER,202,Descriptive catalogue item on positive numeric invoice before cutoff; exception codes reviewed separately
22926,merchandise,IVORY GIANT GARDEN THERMOMETER,247,Descriptive catalogue item on positive numeric invoice before cutoff; exception codes reviewed separately
22927,merchandise,GREEN GIANT GARDEN THERMOMETER,176,Descriptive catalogue item on positive numeric invoice before cutoff; exception codes reviewed separately
22928,merchandise,YELLOW GIANT GARDEN THERMOMETER,113,Descriptive catalogue item on positive numeric invoice before cutoff; exception codes reviewed separately
22929,merchandise,SCHOOL DESK AND CHAIR,17,Descriptive catalogue item on positive numeric invoice before cutoff; exception codes reviewed separately
22930,merchandise,BAKING MOULD HEART MILK CHOCOLATE,191,Descriptive catalogue item on positive numeric invoice before cutoff; exception codes reviewed separately
22931,merchandise,BAKING MOULD HEART WHITE CHOCOLATE,134,Descriptive catalogue item on positive numeric invoice before cutoff; exception codes reviewed separately
22932,merchandise,BAKING MOULD TOFFEE CUP CHOCOLATE,71,Descriptive catalogue item on positive numeric invoice before cutoff; exception codes reviewed separately
22933,merchandise,BAKING MOULD EASTER EGG MILK CHOC,122,Descriptive catalogue item on positive numeric invoice before cutoff; exception codes reviewed separately
22934,merchandise,BAKING MOULD EASTER EGG WHITE CHOC,78,Descriptive catalogue item on positive numeric invoice before cutoff; exception codes reviewed separately
22935,merchandise,BAKING MOULD ROSE MILK CHOCOLATE,65,Descriptive catalogue item on positive numeric invoice before cutoff; exception codes reviewed separately
22936,merchandise,BAKING MOULD ROSE WHITE CHOCOLATE,51,Descriptive catalogue item on positive numeric invoice before cutoff; exception codes reviewed separately
22937,merchandise,BAKING MOULD CHOCOLATE CUPCAKES,164,Descriptive catalogue item on positive numeric invoice before cutoff; exception codes reviewed separately
22938,merchandise,CUPCAKE LACE PAPER SET 6,282,Descriptive catalogue item on positive numeric invoice before cutoff; exception codes reviewed separately
22939,merchandise,APRON APPLE DELIGHT,142,Descriptive catalogue item on positive numeric invoice before cutoff; exception codes reviewed separately
22940,merchandise,FELTCRAFT CHRISTMAS FAIRY,621,Descriptive catalogue item on positive numeric invoice before cutoff; exception codes reviewed separately
22941,merchandise,CHRISTMAS LIGHTS 10 REINDEER,493,Descriptive catalogue item on positive numeric invoice before cutoff; exception codes reviewed separately
22942,merchandise,CHRISTMAS LIGHTS 10 SANTAS,239,Descriptive catalogue item on positive numeric invoice before cutoff; exception codes reviewed separately
22943,merchandise,CHRISTMAS LIGHTS 10 VINTAGE BAUBLES,378,Descriptive catalogue item on positive numeric invoice before cutoff; exception codes reviewed separately
22944,merchandise,CHRISTMAS METAL POSTCARD WITH BELLS,159,Descriptive catalogue item on positive numeric invoice before cutoff; exception codes reviewed separately
22945,merchandise,CHRISTMAS METAL TAGS ASSORTED,368,Descriptive catalogue item on positive numeric invoice before cutoff; exception codes reviewed separately
22946,merchandise,WOODEN ADVENT CALENDAR CREAM,282,Descriptive catalogue item on positive numeric invoice before cutoff; exception codes reviewed separately
22947,merchandise,WOODEN ADVENT CALENDAR RED,222,Descriptive catalogue item on positive numeric invoice before cutoff; exception codes reviewed separately
22948,merchandise,METAL DECORATION NAUGHTY CHILDREN,192,Descriptive catalogue item on positive numeric invoice before cutoff; exception codes reviewed separately
22949,merchandise,36 DOILIES DOLLY GIRL,168,Descriptive catalogue item on positive numeric invoice before cutoff; exception codes reviewed separately
22950,merchandise,36 DOILIES VINTAGE CHRISTMAS,347,Descriptive catalogue item on positive numeric invoice before cutoff; exception codes reviewed separately
22951,merchandise,60 CAKE CASES DOLLY GIRL DESIGN,633,Descriptive catalogue item on positive numeric invoice before cutoff; exception codes reviewed separately
22952,merchandise,60 CAKE CASES VINTAGE CHRISTMAS,1096,Descriptive catalogue item on positive numeric invoice before cutoff; exception codes reviewed separately
22953,merchandise,BIRTHDAY PARTY CORDON BARRIER TAPE,126,Descriptive catalogue item on positive numeric invoice before cutoff; exception codes reviewed separately
22954,merchandise,HEN PARTY CORDON BARRIER TAPE,50,Descriptive catalogue item on positive numeric invoice before cutoff; exception codes reviewed separately
22955,merchandise,36 FOIL STAR CAKE CASES,197,Descriptive catalogue item on positive numeric invoice before cutoff; exception codes reviewed separately
22956,merchandise,36 FOIL HEART CAKE CASES,286,Descriptive catalogue item on positive numeric invoice before cutoff; exception codes reviewed separately
22957,merchandise,SET 3 PAPER VINTAGE CHICK PAPER EGG,219,Descriptive catalogue item on positive numeric invoice before cutoff; exception codes reviewed separately
22959,merchandise,WRAP CHRISTMAS VILLAGE,276,Descriptive catalogue item on positive numeric invoice before cutoff; exception codes reviewed separately
22960,merchandise,JAM MAKING SET WITH JARS,1183,Descriptive catalogue item on positive numeric invoice before cutoff; exception codes reviewed separately
22961,merchandise,JAM MAKING SET PRINTED,1249,Descriptive catalogue item on positive numeric invoice before cutoff; exception codes reviewed separately
22962,merchandise,JAM JAR WITH PINK LID,373,Descriptive catalogue item on positive numeric invoice before cutoff; exception codes reviewed separately
22963,merchandise,JAM JAR WITH GREEN LID,339,Descriptive catalogue item on positive numeric invoice before cutoff; exception codes reviewed separately
22964,merchandise,3 PIECE SPACEBOY COOKIE CUTTER SET,414,Descriptive catalogue item on positive numeric invoice before cutoff; exception codes reviewed separately
22965,merchandise,3 TRADITIONAl BISCUIT CUTTERS  SET,253,Descriptive catalogue item on positive numeric invoice before cutoff; exception codes reviewed separately
22966,merchandise,GINGERBREAD MAN COOKIE CUTTER,749,Descriptive catalogue item on positive numeric invoice before cutoff; exception codes reviewed separately
22967,merchandise,SET 3 SONG BIRD PAPER EGGS ASSORTED,138,Descriptive catalogue item on positive numeric invoice before cutoff; exception codes reviewed separately
22968,merchandise,ROSE COTTAGE KEEPSAKE BOX,334,Descriptive catalogue item on positive numeric invoice before cutoff; exception codes reviewed separately
22969,merchandise,HOMEMADE JAM SCENTED CANDLES,737,Descriptive catalogue item on positive numeric invoice before cutoff; exception codes reviewed separately
22970,merchandise,LONDON BUS COFFEE MUG,310,Descriptive catalogue item on positive numeric invoice before cutoff; exception codes reviewed separately
22971,merchandise,QUEENS GUARD COFFEE MUG,265,Descriptive catalogue item on positive numeric invoice before cutoff; exception codes reviewed separately
22972,merchandise,CHILDREN'S SPACEBOY MUG,253,Descriptive catalogue item on positive numeric invoice before cutoff; exception codes reviewed separately
22973,merchandise,CHILDREN'S CIRCUS PARADE MUG,159,Descriptive catalogue item on positive numeric invoice before cutoff; exception codes reviewed separately
22974,merchandise,CHILDRENS DOLLY GIRL MUG,230,Descriptive catalogue item on positive numeric invoice before cutoff; exception codes reviewed separately
22975,merchandise,SPACEBOY CHILDRENS EGG CUP,200,Descriptive catalogue item on positive numeric invoice before cutoff; exception codes reviewed separately
22976,merchandise,CIRCUS PARADE CHILDRENS EGG CUP,160,Descriptive catalogue item on positive numeric invoice before cutoff; exception codes reviewed separately
22977,merchandise,DOLLY GIRL CHILDRENS EGG CUP,149,Descriptive catalogue item on positive numeric invoice before cutoff; exception codes reviewed separately
22978,merchandise,PANTRY ROLLING PIN,233,Descriptive catalogue item on positive numeric invoice before cutoff; exception codes reviewed separately
22979,merchandise,PANTRY WASHING UP BRUSH,379,Descriptive catalogue item on positive numeric invoice before cutoff; exception codes reviewed separately
22980,merchandise,PANTRY SCRUBBING BRUSH,289,Descriptive catalogue item on positive numeric invoice before cutoff; exception codes reviewed separately
22981,merchandise,PANTRY APPLE CORER,104,Descriptive catalogue item on positive numeric invoice before cutoff; exception codes reviewed separately
22982,merchandise,PANTRY PASTRY BRUSH,203,Descriptive catalogue item on positive numeric invoice before cutoff; exception codes reviewed separately
22983,merchandise,CARD BILLBOARD FONT,456,Descriptive catalogue item on positive numeric invoice before cutoff; exception codes reviewed separately
22984,merchandise,CARD GINGHAM ROSE,168,Descriptive catalogue item on positive numeric invoice before cutoff; exception codes reviewed separately
22985,merchandise,"WRAP, BILLBOARD FONTS DESIGN",74,Descriptive catalogue item on positive numeric invoice before cutoff; exception codes reviewed separately
22986,merchandise,GINGHAM ROSE WRAP,124,Descriptive catalogue item on positive numeric invoice before cutoff; exception codes reviewed separately
22987,merchandise,"WRAP , SUMMER ROSE DESIGN",6,Descriptive catalogue item on positive numeric invoice before cutoff; exception codes reviewed separately
22988,merchandise,SOLDIERS EGG CUP,470,Descriptive catalogue item on positive numeric invoice before cutoff; exception codes reviewed separately
22989,merchandise,SET 2 PANTRY DESIGN TEA TOWELS,363,Descriptive catalogue item on positive numeric invoice before cutoff; exception codes reviewed separately
22990,merchandise,COTTON APRON PANTRY DESIGN,155,Descriptive catalogue item on positive numeric invoice before cutoff; exception codes reviewed separately
22991,merchandise,GIRAFFE WOODEN RULER,265,Descriptive catalogue item on positive numeric invoice before cutoff; exception codes reviewed separately
22992,merchandise,REVOLVER WOODEN RULER,334,Descriptive catalogue item on positive numeric invoice before cutoff; exception codes reviewed separately
22993,merchandise,SET OF 4 PANTRY JELLY MOULDS,1060,Descriptive catalogue item on positive numeric invoice before cutoff; exception codes reviewed separately
22994,merchandise,TRAVEL CARD WALLET RETROSPOT,209,Descriptive catalogue item on positive numeric invoice before cutoff; exception codes reviewed separately
22995,merchandise,TRAVEL CARD WALLET SUKI,255,Descriptive catalogue item on positive numeric invoice before cutoff; exception codes reviewed separately
22996,merchandise,TRAVEL CARD WALLET VINTAGE TICKET,399,Descriptive catalogue item on positive numeric invoice before cutoff; exception codes reviewed separately
22997,merchandise,TRAVEL CARD WALLET UNION JACK,211,Descriptive catalogue item on positive numeric invoice before cutoff; exception codes reviewed separately
22998,merchandise,TRAVEL CARD WALLET KEEP CALM,523,Descriptive catalogue item on positive numeric invoice before cutoff; exception codes reviewed separately
22999,merchandise,TRAVEL CARD WALLET RETRO PETALS,109,Descriptive catalogue item on positive numeric invoice before cutoff; exception codes reviewed separately
23000,merchandise,TRAVEL CARD WALLET TRANSPORT,268,Descriptive catalogue item on positive numeric invoice before cutoff; exception codes reviewed separately
23001,unresolved,,0,No descriptive positive-purchase evidence before cutoff
23002,merchandise,TRAVEL CARD WALLET SKULLS,183,Descriptive catalogue item on positive numeric invoice before cutoff; exception codes reviewed separately
23003,merchandise,TRAVEL CARD WALLET VINTAGE ROSE,54,Descriptive catalogue item on positive numeric invoice before cutoff; exception codes reviewed separately
23004,merchandise,TRAVEL CARD WALLET PANTRY,214,Descriptive catalogue item on positive numeric invoice before cutoff; exception codes reviewed separately
23005,merchandise,TRAVEL CARD WALLET I LOVE LONDON,232,Descriptive catalogue item on positive numeric invoice before cutoff; exception codes reviewed separately
23006,merchandise,TRAVEL CARD WALLET FLOWER MEADOW,170,Descriptive catalogue item on positive numeric invoice before cutoff; exception codes reviewed separately
23007,merchandise,SPACEBOY BABY GIFT SET,172,Descriptive catalogue item on positive numeric invoice before cutoff; exception codes reviewed separately
23008,merchandise,DOLLY GIRL BABY GIFT SET,130,Descriptive catalogue item on positive numeric invoice before cutoff; exception codes reviewed separately
23009,merchandise,I LOVE LONDON BABY GIFT SET,96,Descriptive catalogue item on positive numeric invoice before cutoff; exception codes reviewed separately
23010,merchandise,CIRCUS PARADE BABY GIFT SET,108,Descriptive catalogue item on positive numeric invoice before cutoff; exception codes reviewed separately
23012,merchandise,GLASS APOTHECARY BOTTLE PERFUME,233,Descriptive catalogue item on positive numeric invoice before cutoff; exception codes reviewed separately
23013,merchandise,GLASS APOTHECARY BOTTLE TONIC,205,Descriptive catalogue item on positive numeric invoice before cutoff; exception codes reviewed separately
23014,merchandise,GLASS APOTHECARY BOTTLE ELIXIR,200,Descriptive catalogue item on positive numeric invoice before cutoff; exception codes reviewed separately
23015,merchandise,CORDIAL GLASS JUG,18,Descriptive catalogue item on positive numeric invoice before cutoff; exception codes reviewed separately
23016,merchandise,GLASS TWIST BON BON JAR,22,Descriptive catalogue item on positive numeric invoice before cutoff; exception codes reviewed separately
23017,merchandise,APOTHECARY MEASURING JAR,21,Descriptive catalogue item on positive numeric invoice before cutoff; exception codes reviewed separately
23018,merchandise,LARGE APOTHECARY MEASURING JAR,21,Descriptive catalogue item on positive numeric invoice before cutoff; exception codes reviewed separately
23019,merchandise,SMALL APOTHECARY MEASURING JAR,26,Descriptive catalogue item on positive numeric invoice before cutoff; exception codes reviewed separately
23020,merchandise,GLASS  SONGBIRD STORAGE JAR,69,Descriptive catalogue item on positive numeric invoice before cutoff; exception codes reviewed separately
23021,merchandise,GLASS BONNE JAM JAR,27,Descriptive catalogue item on positive numeric invoice before cutoff; exception codes reviewed separately
23022,merchandise,SMALL BONNE JAM JAR  T-LIGHT HOLDER,21,Descriptive catalogue item on positive numeric invoice before cutoff; exception codes reviewed separately
23023,merchandise,RIDGED BONNE JAM JAR T-LIGHT HOLDER,26,Descriptive catalogue item on positive numeric invoice before cutoff; exception codes reviewed separately
23024,merchandise,LARGE BONNE JAM JAR  T-LIGHT HOLDER,11,Descriptive catalogue item on positive numeric invoice before cutoff; exception codes reviewed separately
23025,merchandise,DRAWER KNOB VINTAGE GLASS BALL,53,Descriptive catalogue item on positive numeric invoice before cutoff; exception codes reviewed separately
23026,merchandise,DRAWER KNOB VINTAGE GLASS STAR,64,Descriptive catalogue item on positive numeric invoice before cutoff; exception codes reviewed separately
23027,merchandise,DRAWER KNOB VINTAGE GLASS HEXAGON,28,Descriptive catalogue item on positive numeric invoice before cutoff; exception codes reviewed separately
23028,merchandise,DRAWER KNOB CRACKLE GLAZE BLUE,136,Descriptive catalogue item on positive numeric invoice before cutoff; exception codes reviewed separately
23029,merchandise,DRAWER KNOB CRACKLE GLAZE GREEN,147,Descriptive catalogue item on positive numeric invoice before cutoff; exception codes reviewed separately
23031,merchandise,DRAWER KNOB CRACKLE GLAZE PINK,145,Descriptive catalogue item on positive numeric invoice before cutoff; exception codes reviewed separately
23032,merchandise,DRAWER KNOB CRACKLE GLAZE IVORY,201,Descriptive catalogue item on positive numeric invoice before cutoff; exception codes reviewed separately
23033,merchandise,DRAWER KNOB CERAMIC RED,74,Descriptive catalogue item on positive numeric invoice before cutoff; exception codes reviewed separately
23034,merchandise,DRAWER KNOB CERAMIC BLACK,89,Descriptive catalogue item on positive numeric invoice before cutoff; exception codes reviewed separately
23035,merchandise,DRAWER KNOB CERAMIC IVORY,182,Descriptive catalogue item on positive numeric invoice before cutoff; exception codes reviewed separately
23036,merchandise,T-LIGHT HOLDER SILVER PETIT FOUR,16,Descriptive catalogue item on positive numeric invoice before cutoff; exception codes reviewed separately
23037,merchandise,CANDLE HOLDER SILVER MADELINE,17,Descriptive catalogue item on positive numeric invoice before cutoff; exception codes reviewed separately
23038,merchandise,T-LIGHT HOLDER SILVER SAUCER,7,Descriptive catalogue item on positive numeric invoice before cutoff; exception codes reviewed separately
23039,merchandise,T-LIGHT HOLDER SILVER HEART HANDLE,27,Descriptive catalogue item on positive numeric invoice before cutoff; exception codes reviewed separately
23040,merchandise,PAPER LANTERN 9 POINT SNOW STAR,35,Descriptive catalogue item on positive numeric invoice before cutoff; exception codes reviewed separately
23041,merchandise,PAPER LANTERN 9 POINT SNOW STAR,43,Descriptive catalogue item on positive numeric invoice before cutoff; exception codes reviewed separately
23042,merchandise,PAPER LANTERN 7 POINT SNOW STAR,26,Descriptive catalogue item on positive numeric invoice before cutoff; exception codes reviewed separately
23043,merchandise,PAPER LANTERN 9 POINT HOLLY STAR L,18,Descriptive catalogue item on positive numeric invoice before cutoff; exception codes reviewed separately
23044,merchandise,PAPER LANTERN 9 POINT HOLLY STAR S,22,Descriptive catalogue item on positive numeric invoice before cutoff; exception codes reviewed separately
23045,merchandise,PAPER LANTERN 5 POINT STAR MOON,19,Descriptive catalogue item on positive numeric invoice before cutoff; exception codes reviewed separately
23046,merchandise,PAPER LANTERN 9 POINT DELUXE STAR,34,Descriptive catalogue item on positive numeric invoice before cutoff; exception codes reviewed separately
23047,merchandise,PAPER LANTERN 5 POINT SEQUIN STAR,22,Descriptive catalogue item on positive numeric invoice before cutoff; exception codes reviewed separately
23048,merchandise,SET OF 10 LANTERNS FAIRY LIGHT STAR,100,Descriptive catalogue item on positive numeric invoice before cutoff; exception codes reviewed separately
23049,merchandise,RECYCLED ACAPULCO MAT RED,185,Descriptive catalogue item on positive numeric invoice before cutoff; exception codes reviewed separately
23050,merchandise,RECYCLED ACAPULCO MAT GREEN,198,Descriptive catalogue item on positive numeric invoice before cutoff; exception codes reviewed separately
23051,merchandise,RECYCLED ACAPULCO MAT BLUE,159,Descriptive catalogue item on positive numeric invoice before cutoff; exception codes reviewed separately
23052,merchandise,RECYCLED ACAPULCO MAT TURQUOISE,274,Descriptive catalogue item on positive numeric invoice before cutoff; exception codes reviewed separately
23053,merchandise,RECYCLED ACAPULCO MAT PINK,160,Descriptive catalogue item on positive numeric invoice before cutoff; exception codes reviewed separately
23054,merchandise,RECYCLED ACAPULCO MAT LAVENDER,128,Descriptive catalogue item on positive numeric invoice before cutoff; exception codes reviewed separately
23055,merchandise,IVORY CHANDELIER T-LIGHT HOLDER,41,Descriptive catalogue item on positive numeric invoice before cutoff; exception codes reviewed separately
23056,merchandise,FLOWERS CHANDELIER T-LIGHT HOLDER,42,Descriptive catalogue item on positive numeric invoice before cutoff; exception codes reviewed separately
23057,merchandise,BEADED CHANDELIER T-LIGHT HOLDER,41,Descriptive catalogue item on positive numeric invoice before cutoff; exception codes reviewed separately
23058,merchandise,CHRISTMAS HANGING SNOWFLAKE,41,Descriptive catalogue item on positive numeric invoice before cutoff; exception codes reviewed separately
23059,unresolved,,0,No descriptive positive-purchase evidence before cutoff
23060,merchandise,HEART BEADED TRELLIS DECORATION,40,Descriptive catalogue item on positive numeric invoice before cutoff; exception codes reviewed separately
23061,merchandise,VINTAGE EMBOSSED HEART,111,Descriptive catalogue item on positive numeric invoice before cutoff; exception codes reviewed separately
23064,merchandise,CINDERELLA CHANDELIER,23,Descriptive catalogue item on positive numeric invoice before cutoff; exception codes reviewed separately
23065,merchandise,LARGE DECO JEWELLERY STAND,96,Descriptive catalogue item on positive numeric invoice before cutoff; exception codes reviewed separately
23066,merchandise,SMALL DECO JEWELLERY STAND,79,Descriptive catalogue item on positive numeric invoice before cutoff; exception codes reviewed separately
23067,merchandise,HANGING ENGRAVED METAL HEART,81,Descriptive catalogue item on positive numeric invoice before cutoff; exception codes reviewed separately
23068,merchandise,ALUMINIUM STAMPED HEART,130,Descriptive catalogue item on positive numeric invoice before cutoff; exception codes reviewed separately
23069,merchandise,EDWARDIAN PHOTO FRAME,32,Descriptive catalogue item on positive numeric invoice before cutoff; exception codes reviewed separately
23070,merchandise,EDWARDIAN HEART PHOTO FRAME,41,Descriptive catalogue item on positive numeric invoice before cutoff; exception codes reviewed separately
23071,merchandise,MARIE ANTOINETTE TRINKET BOX GOLD,23,Descriptive catalogue item on positive numeric invoice before cutoff; exception codes reviewed separately
23072,merchandise,MARIE ANTOINETTE TRINKET BOX SILVER,30,Descriptive catalogue item on positive numeric invoice before cutoff; exception codes reviewed separately
23073,merchandise,GEORGIAN TRINKET BOX,60,Descriptive catalogue item on positive numeric invoice before cutoff; exception codes reviewed separately
23074,merchandise,EMBOSSED HEART TRINKET BOX,41,Descriptive catalogue item on positive numeric invoice before cutoff; exception codes reviewed separately
23075,merchandise,PARLOUR CERAMIC WALL HOOK,75,Descriptive catalogue item on positive numeric invoice before cutoff; exception codes reviewed separately
23076,merchandise,ICE CREAM SUNDAE LIP GLOSS,266,Descriptive catalogue item on positive numeric invoice before cutoff; exception codes reviewed separately
23077,merchandise,DOUGHNUT LIP GLOSS,321,Descriptive catalogue item on positive numeric invoice before cutoff; exception codes reviewed separately
23078,merchandise,ICE CREAM PEN LIP GLOSS,252,Descriptive catalogue item on positive numeric invoice before cutoff; exception codes reviewed separately
23079,merchandise,TOADSTOOL BEDSIDE LIGHT,102,Descriptive catalogue item on positive numeric invoice before cutoff; exception codes reviewed separately
23080,merchandise,RED METAL BOX TOP SECRET,230,Descriptive catalogue item on positive numeric invoice before cutoff; exception codes reviewed separately
23081,merchandise,GREEN METAL BOX ARMY SUPPLIES,128,Descriptive catalogue item on positive numeric invoice before cutoff; exception codes reviewed separately
23082,merchandise,SET 6 PAPER TABLE LANTERN HEARTS,284,Descriptive catalogue item on positive numeric invoice before cutoff; exception codes reviewed separately
23083,merchandise,SET 6 PAPER TABLE LANTERN STARS,220,Descriptive catalogue item on positive numeric invoice before cutoff; exception codes reviewed separately
23084,merchandise,RABBIT NIGHT LIGHT,900,Descriptive catalogue item on positive numeric invoice before cutoff; exception codes reviewed separately
23085,merchandise,ANTIQUE SILVER BAUBLE LAMP,79,Descriptive catalogue item on positive numeric invoice before cutoff; exception codes reviewed separately
23086,merchandise,ZINC  STAR T-LIGHT HOLDER,44,Descriptive catalogue item on positive numeric invoice before cutoff; exception codes reviewed separately
23087,merchandise,ZINC  HEART T-LIGHT HOLDER,64,Descriptive catalogue item on positive numeric invoice before cutoff; exception codes reviewed separately
23088,merchandise,ZINC HEART FLOWER T-LIGHT HOLDER,70,Descriptive catalogue item on positive numeric invoice before cutoff; exception codes reviewed separately
23089,merchandise,GLASS BON BON JAR,218,Descriptive catalogue item on positive numeric invoice before cutoff; exception codes reviewed separately
23090,merchandise,VINTAGE GLASS T-LIGHT HOLDER,134,Descriptive catalogue item on positive numeric invoice before cutoff; exception codes reviewed separately
23091,merchandise,ZINC HERB GARDEN CONTAINER,212,Descriptive catalogue item on positive numeric invoice before cutoff; exception codes reviewed separately
23092,merchandise,LARGE ANTIQUE WHITE PHOTO FRAME,131,Descriptive catalogue item on positive numeric invoice before cutoff; exception codes reviewed separately
23093,merchandise,SMALL PARISIENNE HEART PHOTO FRAME,139,Descriptive catalogue item on positive numeric invoice before cutoff; exception codes reviewed separately
23094,merchandise,LE GRAND TRAY CHIC SET,79,Descriptive catalogue item on positive numeric invoice before cutoff; exception codes reviewed separately
23096,merchandise,PETIT TRAY CHIC,140,Descriptive catalogue item on positive numeric invoice before cutoff; exception codes reviewed separately
23099,merchandise,FRENCH CARRIAGE LANTERN,53,Descriptive catalogue item on positive numeric invoice before cutoff; exception codes reviewed separately
23100,merchandise,SILVER BELLS TABLE DECORATION,248,Descriptive catalogue item on positive numeric invoice before cutoff; exception codes reviewed separately
23101,merchandise,SILVER STARS TABLE DECORATION,211,Descriptive catalogue item on positive numeric invoice before cutoff; exception codes reviewed separately
23102,merchandise,SILVER HEARTS TABLE DECORATION,160,Descriptive catalogue item on positive numeric invoice before cutoff; exception codes reviewed separately
23103,merchandise,JINGLE BELL HEART DECORATION,348,Descriptive catalogue item on positive numeric invoice before cutoff; exception codes reviewed separately
23104,merchandise,IVORY CAFE HANGING LAMP,39,Descriptive catalogue item on positive numeric invoice before cutoff; exception codes reviewed separately
23106,merchandise,ZINC HEARTS PLANT POT HOLDER,48,Descriptive catalogue item on positive numeric invoice before cutoff; exception codes reviewed separately
23107,merchandise,WHITE HEARTS WIRE PLANT POT HOLDER,65,Descriptive catalogue item on positive numeric invoice before cutoff; exception codes reviewed separately
23108,merchandise,SET OF 10 LED DOLLY LIGHTS,353,Descriptive catalogue item on positive numeric invoice before cutoff; exception codes reviewed separately
23109,merchandise,PACK OF SIX LED TEA LIGHTS,183,Descriptive catalogue item on positive numeric invoice before cutoff; exception codes reviewed separately
23110,merchandise,PARISIENNE KEY CABINET,247,Descriptive catalogue item on positive numeric invoice before cutoff; exception codes reviewed separately
23111,merchandise,PARISIENNE SEWING BOX,127,Descriptive catalogue item on positive numeric invoice before cutoff; exception codes reviewed separately
23112,merchandise,PARISIENNE CURIO CABINET,228,Descriptive catalogue item on positive numeric invoice before cutoff; exception codes reviewed separately
23113,merchandise,PANTRY CHOPPING BOARD,52,Descriptive catalogue item on positive numeric invoice before cutoff; exception codes reviewed separately
23114,merchandise,VINTAGE LEAF CHOPPING BOARD,43,Descriptive catalogue item on positive numeric invoice before cutoff; exception codes reviewed separately
23115,merchandise,RED APPLES CHOPPING BOARD,42,Descriptive catalogue item on positive numeric invoice before cutoff; exception codes reviewed separately
23116,merchandise,VEGETABLE GARDEN CHOPPING BOARD,21,Descriptive catalogue item on positive numeric invoice before cutoff; exception codes reviewed separately
23117,merchandise,POPPY FIELDS CHOPPING BOARD,41,Descriptive catalogue item on positive numeric invoice before cutoff; exception codes reviewed separately
23118,merchandise,PARISIENNE JEWELLERY DRAWER,239,Descriptive catalogue item on positive numeric invoice before cutoff; exception codes reviewed separately
23119,merchandise,PACK OF 6 LARGE FRUIT STRAWS,143,Descriptive catalogue item on positive numeric invoice before cutoff; exception codes reviewed separately
23120,merchandise,PACK OF 6 SMALL FRUIT STRAWS,105,Descriptive catalogue item on positive numeric invoice before cutoff; exception codes reviewed separately
23121,merchandise,PACK OF 6 COCKTAIL PARASOL STRAWS,115,Descriptive catalogue item on positive numeric invoice before cutoff; exception codes reviewed separately
23122,merchandise,PARTY CHARMS 50 PIECES,131,Descriptive catalogue item on positive numeric invoice before cutoff; exception codes reviewed separately
23123,merchandise,COCKTAIL SWORDS 50 PIECES,90,Descriptive catalogue item on positive numeric invoice before cutoff; exception codes reviewed separately
23124,merchandise,18PC WOODEN CUTLERY SET DISPOSABLE,43,Descriptive catalogue item on positive numeric invoice before cutoff; exception codes reviewed separately
23125,merchandise,6PC WOOD PLATE SET DISPOSABLE,38,Descriptive catalogue item on positive numeric invoice before cutoff; exception codes reviewed separately
23126,merchandise,FELTCRAFT GIRL AMELIE KIT,265,Descriptive catalogue item on positive numeric invoice before cutoff; exception codes reviewed separately
23127,merchandise,FELTCRAFT GIRL NICOLE KIT,170,Descriptive catalogue item on positive numeric invoice before cutoff; exception codes reviewed separately
23128,merchandise,FELTCRAFT BOY JEAN-PAUL KIT,121,Descriptive catalogue item on positive numeric invoice before cutoff; exception codes reviewed separately
23129,merchandise,HEART SHAPED HOLLY WREATH,167,Descriptive catalogue item on positive numeric invoice before cutoff; exception codes reviewed separately
23130,merchandise,MISTLETOE HEART WREATH GREEN,175,Descriptive catalogue item on positive numeric invoice before cutoff; exception codes reviewed separately
23131,merchandise,MISTLETOE HEART WREATH CREAM,111,Descriptive catalogue item on positive numeric invoice before cutoff; exception codes reviewed separately
23132,merchandise,SMALL IVORY HEART WALL ORGANISER,149,Descriptive catalogue item on positive numeric invoice before cutoff; exception codes reviewed separately
23133,merchandise,LARGE IVORY HEART WALL ORGANISER,150,Descriptive catalogue item on positive numeric invoice before cutoff; exception codes reviewed separately
23134,merchandise,LARGE ZINC HEART WALL ORGANISER,38,Descriptive catalogue item on positive numeric invoice before cutoff; exception codes reviewed separately
23135,merchandise,SMALL ZINC HEART WALL ORGANISER,43,Descriptive catalogue item on positive numeric invoice before cutoff; exception codes reviewed separately
23136,merchandise,IVORY WIRE SWEETHEART LETTER TRAY,47,Descriptive catalogue item on positive numeric invoice before cutoff; exception codes reviewed separately
23137,merchandise,ZINC WIRE SWEETHEART LETTER TRAY,21,Descriptive catalogue item on positive numeric invoice before cutoff; exception codes reviewed separately
23138,merchandise,SINGLE WIRE HOOK IVORY HEART,86,Descriptive catalogue item on positive numeric invoice before cutoff; exception codes reviewed separately
23139,merchandise,SINGLE WIRE HOOK PINK HEART,25,Descriptive catalogue item on positive numeric invoice before cutoff; exception codes reviewed separately
23140,merchandise,TRIPLE WIRE HOOK IVORY HEART,52,Descriptive catalogue item on positive numeric invoice before cutoff; exception codes reviewed separately
23141,merchandise,TRIPLE WIRE HOOK PINK HEART,21,Descriptive catalogue item on positive numeric invoice before cutoff; exception codes reviewed separately
23142,merchandise,IVORY WIRE KITCHEN ORGANISER,40,Descriptive catalogue item on positive numeric invoice before cutoff; exception codes reviewed separately
23143,merchandise,ZINC WIRE KITCHEN ORGANISER,10,Descriptive catalogue item on positive numeric invoice before cutoff; exception codes reviewed separately
23144,merchandise,ZINC T-LIGHT HOLDER STARS SMALL,263,Descriptive catalogue item on positive numeric invoice before cutoff; exception codes reviewed separately
23145,merchandise,ZINC T-LIGHT HOLDER STAR LARGE,162,Descriptive catalogue item on positive numeric invoice before cutoff; exception codes reviewed separately
23146,merchandise,TRIPLE HOOK ANTIQUE IVORY ROSE,230,Descriptive catalogue item on positive numeric invoice before cutoff; exception codes reviewed separately
23147,merchandise,SINGLE ANTIQUE ROSE HOOK IVORY,259,Descriptive catalogue item on positive numeric invoice before cutoff; exception codes reviewed separately
23148,merchandise,MINIATURE ANTIQUE ROSE HOOK IVORY,241,Descriptive catalogue item on positive numeric invoice before cutoff; exception codes reviewed separately
23149,merchandise,ANTIQUE IVORY WIRE BOWL SMALL,21,Descriptive catalogue item on positive numeric invoice before cutoff; exception codes reviewed separately
23150,merchandise,IVORY SWEETHEART SOAP DISH,46,Descriptive catalogue item on positive numeric invoice before cutoff; exception codes reviewed separately
23151,merchandise,ZINC SWEETHEART SOAP DISH,15,Descriptive catalogue item on positive numeric invoice before cutoff; exception codes reviewed separately
23152,merchandise,IVORY SWEETHEART WIRE LETTER RACK,160,Descriptive catalogue item on positive numeric invoice before cutoff; exception codes reviewed separately
23153,merchandise,ZINC SWEETHEART WIRE LETTER RACK,87,Descriptive catalogue item on positive numeric invoice before cutoff; exception codes reviewed separately
23154,merchandise,SET OF 4 JAM JAR MAGNETS,236,Descriptive catalogue item on positive numeric invoice before cutoff; exception codes reviewed separately
23155,merchandise,KNICKERBOCKERGLORY MAGNET ASSORTED,136,Descriptive catalogue item on positive numeric invoice before cutoff; exception codes reviewed separately
23156,merchandise,SET OF 5 MINI GROCERY MAGNETS,206,Descriptive catalogue item on positive numeric invoice before cutoff; exception codes reviewed separately
23157,merchandise,SET OF 6 NATIVITY MAGNETS,170,Descriptive catalogue item on positive numeric invoice before cutoff; exception codes reviewed separately
23158,merchandise,SET OF 5 LUCKY CAT MAGNETS,236,Descriptive catalogue item on positive numeric invoice before cutoff; exception codes reviewed separately
23159,merchandise,SET OF 5 PANCAKE DAY MAGNETS,230,Descriptive catalogue item on positive numeric invoice before cutoff; exception codes reviewed separately
23160,merchandise,REGENCY TEA SPOON,75,Descriptive catalogue item on positive numeric invoice before cutoff; exception codes reviewed separately
23161,merchandise,REGENCY CAKE FORK,94,Descriptive catalogue item on positive numeric invoice before cutoff; exception codes reviewed separately
23162,merchandise,REGENCY TEA STRAINER,169,Descriptive catalogue item on positive numeric invoice before cutoff; exception codes reviewed separately
23163,merchandise,REGENCY SUGAR TONGS,197,Descriptive catalogue item on positive numeric invoice before cutoff; exception codes reviewed separately
23164,merchandise,REGENCY CAKE SLICE,88,Descriptive catalogue item on positive numeric invoice before cutoff; exception codes reviewed separately
23165,merchandise,LARGE CERAMIC TOP STORAGE JAR,270,Descriptive catalogue item on positive numeric invoice before cutoff; exception codes reviewed separately
23166,merchandise,MEDIUM CERAMIC TOP STORAGE JAR,236,Descriptive catalogue item on positive numeric invoice before cutoff; exception codes reviewed separately
23167,merchandise,SMALL CERAMIC TOP STORAGE JAR,229,Descriptive catalogue item on positive numeric invoice before cutoff; exception codes reviewed separately
23168,merchandise,CLASSIC CAFE SUGAR DISPENSER,310,Descriptive catalogue item on positive numeric invoice before cutoff; exception codes reviewed separately
23169,merchandise,CLASSIC GLASS COOKIE JAR,290,Descriptive catalogue item on positive numeric invoice before cutoff; exception codes reviewed separately
23170,merchandise,REGENCY TEA PLATE ROSES,429,Descriptive catalogue item on positive numeric invoice before cutoff; exception codes reviewed separately
23171,merchandise,REGENCY TEA PLATE GREEN,366,Descriptive catalogue item on positive numeric invoice before cutoff; exception codes reviewed separately
23172,merchandise,REGENCY TEA PLATE PINK,288,Descriptive catalogue item on positive numeric invoice before cutoff; exception codes reviewed separately
23173,merchandise,REGENCY TEAPOT ROSES,411,Descriptive catalogue item on positive numeric invoice before cutoff; exception codes reviewed separately
23174,merchandise,REGENCY SUGAR BOWL GREEN,310,Descriptive catalogue item on positive numeric invoice before cutoff; exception codes reviewed separately
23175,merchandise,REGENCY MILK JUG PINK,317,Descriptive catalogue item on positive numeric invoice before cutoff; exception codes reviewed separately
23176,merchandise,ABC TREASURE BOOK BOX,220,Descriptive catalogue item on positive numeric invoice before cutoff; exception codes reviewed separately
23177,merchandise,TREASURE ISLAND BOOK BOX,257,Descriptive catalogue item on positive numeric invoice before cutoff; exception codes reviewed separately
23178,merchandise,JAM CLOCK MAGNET,64,Descriptive catalogue item on positive numeric invoice before cutoff; exception codes reviewed separately
23179,merchandise,CLOCK MAGNET MUM'S KITCHEN,50,Descriptive catalogue item on positive numeric invoice before cutoff; exception codes reviewed separately
23180,merchandise,MUM'S KITCHEN CLOCK,46,Descriptive catalogue item on positive numeric invoice before cutoff; exception codes reviewed separately
23181,merchandise,BULL DOG BOTTLE TOP WALL CLOCK,79,Descriptive catalogue item on positive numeric invoice before cutoff; exception codes reviewed separately
23182,merchandise,TOILET SIGN OCCUPIED OR VACANT,432,Descriptive catalogue item on positive numeric invoice before cutoff; exception codes reviewed separately
23183,merchandise,MOTHER'S KITCHEN SPOON REST,82,Descriptive catalogue item on positive numeric invoice before cutoff; exception codes reviewed separately
23184,merchandise,BULL DOG BOTTLE OPENER,249,Descriptive catalogue item on positive numeric invoice before cutoff; exception codes reviewed separately
23185,merchandise,FRENCH STYLE STORAGE JAR JAM,31,Descriptive catalogue item on positive numeric invoice before cutoff; exception codes reviewed separately
23186,merchandise,FRENCH STYLE STORAGE JAR CAFE,69,Descriptive catalogue item on positive numeric invoice before cutoff; exception codes reviewed separately
23187,merchandise,FRENCH STYLE STORAGE JAR BONBONS,75,Descriptive catalogue item on positive numeric invoice before cutoff; exception codes reviewed separately
23188,merchandise,VINTAGE  2 METER FOLDING RULER,184,Descriptive catalogue item on positive numeric invoice before cutoff; exception codes reviewed separately
23189,merchandise,SET OF 12 FORK CANDLES,135,Descriptive catalogue item on positive numeric invoice before cutoff; exception codes reviewed separately
23190,merchandise,BUNDLE OF 3 SCHOOL EXERCISE BOOKS,197,Descriptive catalogue item on positive numeric invoice before cutoff; exception codes reviewed separately
23191,merchandise,BUNDLE OF 3 RETRO NOTE BOOKS,270,Descriptive catalogue item on positive numeric invoice before cutoff; exception codes reviewed separately
23192,merchandise,BUNDLE OF 3 ALPHABET EXERCISE BOOKS,341,Descriptive catalogue item on positive numeric invoice before cutoff; exception codes reviewed separately
23193,merchandise,BUFFALO BILL TREASURE BOOK BOX,170,Descriptive catalogue item on positive numeric invoice before cutoff; exception codes reviewed separately
23194,merchandise,GYMKHANA TREASURE BOOK BOX,190,Descriptive catalogue item on positive numeric invoice before cutoff; exception codes reviewed separately
23196,merchandise,VINTAGE LEAF MAGNETIC NOTEPAD,263,Descriptive catalogue item on positive numeric invoice before cutoff; exception codes reviewed separately
23197,merchandise,SKETCHBOOK MAGNETIC SHOPPING LIST,227,Descriptive catalogue item on positive numeric invoice before cutoff; exception codes reviewed separately
23198,merchandise,PANTRY MAGNETIC  SHOPPING LIST,457,Descriptive catalogue item on positive numeric invoice before cutoff; exception codes reviewed separately
23199,merchandise,JUMBO BAG APPLES,956,Descriptive catalogue item on positive numeric invoice before cutoff; exception codes reviewed separately
23200,merchandise,JUMBO BAG PEARS,582,Descriptive catalogue item on positive numeric invoice before cutoff; exception codes reviewed separately
23201,merchandise,JUMBO BAG ALPHABET,877,Descriptive catalogue item on positive numeric invoice before cutoff; exception codes reviewed separately
23202,merchandise,JUMBO BAG VINTAGE LEAF,851,Descriptive catalogue item on positive numeric invoice before cutoff; exception codes reviewed separately
23203,merchandise,JUMBO BAG VINTAGE DOILY,679,Descriptive catalogue item on positive numeric invoice before cutoff; exception codes reviewed separately
23204,merchandise,CHARLOTTE BAG APPLES DESIGN,563,Descriptive catalogue item on positive numeric invoice before cutoff; exception codes reviewed separately
23205,merchandise,CHARLOTTE BAG VINTAGE ALPHABET,429,Descriptive catalogue item on positive numeric invoice before cutoff; exception codes reviewed separately
23206,merchandise,LUNCH BAG APPLE DESIGN,1035,Descriptive catalogue item on positive numeric invoice before cutoff; exception codes reviewed separately
23207,merchandise,LUNCH BAG ALPHABET DESIGN,742,Descriptive catalogue item on positive numeric invoice before cutoff; exception codes reviewed separately
23208,merchandise,LUNCH BAG VINTAGE LEAF DESIGN,657,Descriptive catalogue item on positive numeric invoice before cutoff; exception codes reviewed separately
23209,merchandise,LUNCH BAG VINTAGE DOILY,576,Descriptive catalogue item on positive numeric invoice before cutoff; exception codes reviewed separately
23210,merchandise,WHITE ROCKING HORSE HAND PAINTED,182,Descriptive catalogue item on positive numeric invoice before cutoff; exception codes reviewed separately
23211,merchandise,RED ROCKING HORSE HAND PAINTED,146,Descriptive catalogue item on positive numeric invoice before cutoff; exception codes reviewed separately
23212,merchandise,HEART WREATH DECORATION WITH BELL,168,Descriptive catalogue item on positive numeric invoice before cutoff; exception codes reviewed separately
23213,merchandise,STAR WREATH DECORATION WITH BELL,142,Descriptive catalogue item on positive numeric invoice before cutoff; exception codes reviewed separately
23214,merchandise,JINGLE BELL HEART ANTIQUE GOLD,98,Descriptive catalogue item on positive numeric invoice before cutoff; exception codes reviewed separately
23215,merchandise,JINGLE BELL HEART ANTIQUE SILVER,200,Descriptive catalogue item on positive numeric invoice before cutoff; exception codes reviewed separately
23216,merchandise,LAUREL HEART ANTIQUE GOLD,41,Descriptive catalogue item on positive numeric invoice before cutoff; exception codes reviewed separately
23217,merchandise,LAUREL HEART ANTIQUE SILVER,92,Descriptive catalogue item on positive numeric invoice before cutoff; exception codes reviewed separately
23218,merchandise,LAUREL STAR ANTIQUE GOLD,37,Descriptive catalogue item on positive numeric invoice before cutoff; exception codes reviewed separately
23219,merchandise,LAUREL STAR ANTIQUE SILVER,59,Descriptive catalogue item on positive numeric invoice before cutoff; exception codes reviewed separately
23220,merchandise,REINDEER HEART DECORATION GOLD,91,Descriptive catalogue item on positive numeric invoice before cutoff; exception codes reviewed separately
23221,merchandise,REINDEER HEART DECORATION SILVER,136,Descriptive catalogue item on positive numeric invoice before cutoff; exception codes reviewed separately
23222,merchandise,CHRISTMAS TREE HANGING GOLD,69,Descriptive catalogue item on positive numeric invoice before cutoff; exception codes reviewed separately
23223,merchandise,CHRISTMAS TREE HANGING SILVER,80,Descriptive catalogue item on positive numeric invoice before cutoff; exception codes reviewed separately
23224,merchandise,CHERUB HEART DECORATION GOLD,60,Descriptive catalogue item on positive numeric invoice before cutoff; exception codes reviewed separately
23225,merchandise,CHERUB HEART DECORATION SILVER,80,Descriptive catalogue item on positive numeric invoice before cutoff; exception codes reviewed separately
23226,merchandise,FILIGREE HEART DAISY WHITE,96,Descriptive catalogue item on positive numeric invoice before cutoff; exception codes reviewed separately
23227,merchandise,FILIGREE HEART BUTTERFLY WHITE,111,Descriptive catalogue item on positive numeric invoice before cutoff; exception codes reviewed separately
23228,merchandise,FILIGREE HEART BIRD WHITE,118,Descriptive catalogue item on positive numeric invoice before cutoff; exception codes reviewed separately
23229,merchandise,VINTAGE DONKEY TAIL GAME,234,Descriptive catalogue item on positive numeric invoice before cutoff; exception codes reviewed separately
23230,merchandise,WRAP ALPHABET DESIGN,233,Descriptive catalogue item on positive numeric invoice before cutoff; exception codes reviewed separately
23231,merchandise,WRAP DOILEY DESIGN,164,Descriptive catalogue item on positive numeric invoice before cutoff; exception codes reviewed separately
23232,merchandise,WRAP VINTAGE LEAF DESIGN,131,Descriptive catalogue item on positive numeric invoice before cutoff; exception codes reviewed separately
23233,merchandise,WRAP POPPIES  DESIGN,158,Descriptive catalogue item on positive numeric invoice before cutoff; exception codes reviewed separately
23234,merchandise,BISCUIT TIN VINTAGE CHRISTMAS,254,Descriptive catalogue item on positive numeric invoice before cutoff; exception codes reviewed separately
23235,merchandise,STORAGE TIN VINTAGE LEAF,94,Descriptive catalogue item on positive numeric invoice before cutoff; exception codes reviewed separately
23236,merchandise,STORAGE TIN VINTAGE DOILY,189,Descriptive catalogue item on positive numeric invoice before cutoff; exception codes reviewed separately
23237,merchandise,SET OF 4 KNICK KNACK TINS LEAF,113,Descriptive catalogue item on positive numeric invoice before cutoff; exception codes reviewed separately
23238,merchandise,SET OF 4 KNICK KNACK TINS LONDON,267,Descriptive catalogue item on positive numeric invoice before cutoff; exception codes reviewed separately
23239,merchandise,SET OF 4 KNICK KNACK TINS POPPIES,167,Descriptive catalogue item on positive numeric invoice before cutoff; exception codes reviewed separately
23240,merchandise,SET OF 4 KNICK KNACK TINS DOILY,334,Descriptive catalogue item on positive numeric invoice before cutoff; exception codes reviewed separately
23241,merchandise,TREASURE TIN GYMKHANA DESIGN,346,Descriptive catalogue item on positive numeric invoice before cutoff; exception codes reviewed separately
23242,merchandise,TREASURE TIN BUFFALO BILL,205,Descriptive catalogue item on positive numeric invoice before cutoff; exception codes reviewed separately
23243,merchandise,SET OF TEA COFFEE SUGAR TINS PANTRY,457,Descriptive catalogue item on positive numeric invoice before cutoff; exception codes reviewed separately
23244,merchandise,ROUND STORAGE TIN VINTAGE LEAF,93,Descriptive catalogue item on positive numeric invoice before cutoff; exception codes reviewed separately
23245,merchandise,SET OF 3 REGENCY CAKE TINS,834,Descriptive catalogue item on positive numeric invoice before cutoff; exception codes reviewed separately
23247,merchandise,BISCUIT TIN 50'S CHRISTMAS,290,Descriptive catalogue item on positive numeric invoice before cutoff; exception codes reviewed separately
23249,merchandise,VINTAGE RED ENAMEL TRIM PLATE,77,Descriptive catalogue item on positive numeric invoice before cutoff; exception codes reviewed separately
23250,merchandise,VINTAGE RED TRIM ENAMEL BOWL,102,Descriptive catalogue item on positive numeric invoice before cutoff; exception codes reviewed separately
23251,merchandise,VINTAGE RED ENAMEL TRIM MUG,116,Descriptive catalogue item on positive numeric invoice before cutoff; exception codes reviewed separately
23252,merchandise,VINTAGE RED ENAMEL TRIM JUG,136,Descriptive catalogue item on positive numeric invoice before cutoff; exception codes reviewed separately
23253,merchandise,16 PIECE CUTLERY SET PANTRY DESIGN,67,Descriptive catalogue item on positive numeric invoice before cutoff; exception codes reviewed separately
23254,merchandise,CHILDRENS CUTLERY DOLLY GIRL,286,Descriptive catalogue item on positive numeric invoice before cutoff; exception codes reviewed separately
23255,merchandise,CHILDRENS CUTLERY CIRCUS PARADE,152,Descriptive catalogue item on positive numeric invoice before cutoff; exception codes reviewed separately
23256,merchandise,CHILDRENS CUTLERY SPACEBOY,344,Descriptive catalogue item on positive numeric invoice before cutoff; exception codes reviewed separately
23263,merchandise,SET OF 3 WOODEN HEART DECORATIONS,456,Descriptive catalogue item on positive numeric invoice before cutoff; exception codes reviewed separately
23264,merchandise,SET OF 3 WOODEN SLEIGH DECORATIONS,291,Descriptive catalogue item on positive numeric invoice before cutoff; exception codes reviewed separately
23265,merchandise,SET OF 3 WOODEN TREE DECORATIONS,290,Descriptive catalogue item on positive numeric invoice before cutoff; exception codes reviewed separately
23266,merchandise,SET OF 3 WOODEN STOCKING DECORATION,311,Descriptive catalogue item on positive numeric invoice before cutoff; exception codes reviewed separately
23267,merchandise,SET OF 4 SANTA PLACE SETTINGS,102,Descriptive catalogue item on positive numeric invoice before cutoff; exception codes reviewed separately
23268,merchandise,SET OF 2 CERAMIC CHRISTMAS REINDEER,90,Descriptive catalogue item on positive numeric invoice before cutoff; exception codes reviewed separately
23269,merchandise,SET OF 2 CERAMIC CHRISTMAS TREES,87,Descriptive catalogue item on positive numeric invoice before cutoff; exception codes reviewed separately
23270,merchandise,SET OF 2 CERAMIC PAINTED HEARTS,125,Descriptive catalogue item on positive numeric invoice before cutoff; exception codes reviewed separately
23271,merchandise,CHRISTMAS TABLE SILVER CANDLE SPIKE,98,Descriptive catalogue item on positive numeric invoice before cutoff; exception codes reviewed separately
23272,merchandise,TREE T-LIGHT HOLDER WILLIE WINKIE,36,Descriptive catalogue item on positive numeric invoice before cutoff; exception codes reviewed separately
23273,merchandise,HEART T-LIGHT HOLDER WILLIE WINKIE,102,Descriptive catalogue item on positive numeric invoice before cutoff; exception codes reviewed separately
23274,merchandise,STAR T-LIGHT HOLDER WILLIE WINKIE,113,Descriptive catalogue item on positive numeric invoice before cutoff; exception codes reviewed separately
23275,merchandise,SET OF 3 HANGING OWLS OLLIE BEAK,304,Descriptive catalogue item on positive numeric invoice before cutoff; exception codes reviewed separately
23280,merchandise,FOLDING BUTTERFLY MIRROR HOT PINK,141,Descriptive catalogue item on positive numeric invoice before cutoff; exception codes reviewed separately
23281,merchandise,FOLDING BUTTERFLY MIRROR RED,92,Descriptive catalogue item on positive numeric invoice before cutoff; exception codes reviewed separately
23282,merchandise,FOLDING BUTTERFLY MIRROR IVORY,129,Descriptive catalogue item on positive numeric invoice before cutoff; exception codes reviewed separately
23283,merchandise,DOORMAT VINTAGE LEAF,122,Descriptive catalogue item on positive numeric invoice before cutoff; exception codes reviewed separately
23284,merchandise,DOORMAT KEEP CALM AND COME IN,690,Descriptive catalogue item on positive numeric invoice before cutoff; exception codes reviewed separately
23285,merchandise,PINK VINTAGE SPOT BEAKER,187,Descriptive catalogue item on positive numeric invoice before cutoff; exception codes reviewed separately
23286,merchandise,BLUE VINTAGE SPOT BEAKER,215,Descriptive catalogue item on positive numeric invoice before cutoff; exception codes reviewed separately
23287,merchandise,RED VINTAGE SPOT BEAKER,196,Descriptive catalogue item on positive numeric invoice before cutoff; exception codes reviewed separately
23288,merchandise,GREEN VINTAGE SPOT BEAKER,181,Descriptive catalogue item on positive numeric invoice before cutoff; exception codes reviewed separately
23289,merchandise,DOLLY GIRL CHILDRENS BOWL,185,Descriptive catalogue item on positive numeric invoice before cutoff; exception codes reviewed separately
23290,merchandise,SPACEBOY CHILDRENS BOWL,201,Descriptive catalogue item on positive numeric invoice before cutoff; exception codes reviewed separately
23291,merchandise,DOLLY GIRL CHILDRENS CUP,185,Descriptive catalogue item on positive numeric invoice before cutoff; exception codes reviewed separately
23292,merchandise,SPACEBOY CHILDRENS CUP,202,Descriptive catalogue item on positive numeric invoice before cutoff; exception codes reviewed separately
23293,merchandise,SET OF 12 FAIRY CAKE BAKING CASES,525,Descriptive catalogue item on positive numeric invoice before cutoff; exception codes reviewed separately
23294,merchandise,SET OF 6 SNACK LOAF BAKING CASES,346,Descriptive catalogue item on positive numeric invoice before cutoff; exception codes reviewed separately
23295,merchandise,SET OF 12 MINI LOAF BAKING CASES,421,Descriptive catalogue item on positive numeric invoice before cutoff; exception codes reviewed separately
23296,merchandise,SET OF 6 TEA TIME BAKING CASES,366,Descriptive catalogue item on positive numeric invoice before cutoff; exception codes reviewed separately
23297,merchandise,SET 40 HEART SHAPE PETIT FOUR CASES,163,Descriptive catalogue item on positive numeric invoice before cutoff; exception codes reviewed separately
23298,merchandise,SPOTTY BUNTING,1123,Descriptive catalogue item on positive numeric invoice before cutoff; exception codes reviewed separately
23299,merchandise,FOOD COVER WITH BEADS SET 2,144,Descriptive catalogue item on positive numeric invoice before cutoff; exception codes reviewed separately
23300,merchandise,GARDENERS KNEELING PAD CUP OF TEA,714,Descriptive catalogue item on positive numeric invoice before cutoff; exception codes reviewed separately
23301,merchandise,GARDENERS KNEELING PAD KEEP CALM,854,Descriptive catalogue item on positive numeric invoice before cutoff; exception codes reviewed separately
23302,merchandise,KNEELING MAT HOUSEWORK  DESIGN,214,Descriptive catalogue item on positive numeric invoice before cutoff; exception codes reviewed separately
23303,merchandise,SET 4 PICNIC CUTLERY FONDANT,5,Descriptive catalogue item on positive numeric invoice before cutoff; exception codes reviewed separately
23304,merchandise,SET 4 PICNIC CUTLERY CHERRY,7,Descriptive catalogue item on positive numeric invoice before cutoff; exception codes reviewed separately
23305,merchandise,SET 4 PICNIC CUTLERY BLUEBERRY,7,Descriptive catalogue item on positive numeric invoice before cutoff; exception codes reviewed separately
23306,merchandise,SET OF 36 DOILIES PANTRY DESIGN,245,Descriptive catalogue item on positive numeric invoice before cutoff; exception codes reviewed separately
23307,merchandise,SET OF 60 PANTRY DESIGN CAKE CASES,624,Descriptive catalogue item on positive numeric invoice before cutoff; exception codes reviewed separately
23308,merchandise,SET OF 60 VINTAGE LEAF CAKE CASES,377,Descriptive catalogue item on positive numeric invoice before cutoff; exception codes reviewed separately
23309,merchandise,SET OF 60 I LOVE LONDON CAKE CASES,407,Descriptive catalogue item on positive numeric invoice before cutoff; exception codes reviewed separately
23310,merchandise,BUBBLEGUM RING ASSORTED,228,Descriptive catalogue item on positive numeric invoice before cutoff; exception codes reviewed separately
23311,merchandise,VINTAGE CHRISTMAS STOCKING,310,Descriptive catalogue item on positive numeric invoice before cutoff; exception codes reviewed separately
23312,merchandise,VINTAGE CHRISTMAS GIFT SACK,197,Descriptive catalogue item on positive numeric invoice before cutoff; exception codes reviewed separately
23313,merchandise,VINTAGE CHRISTMAS BUNTING,368,Descriptive catalogue item on positive numeric invoice before cutoff; exception codes reviewed separately
23314,merchandise,VINTAGE CHRISTMAS TABLECLOTH,107,Descriptive catalogue item on positive numeric invoice before cutoff; exception codes reviewed separately
23315,merchandise,IVORY REFECTORY CLOCK,81,Descriptive catalogue item on positive numeric invoice before cutoff; exception codes reviewed separately
23316,merchandise,RED REFECTORY CLOCK,102,Descriptive catalogue item on positive numeric invoice before cutoff; exception codes reviewed separately
23317,merchandise,BLUE REFECTORY CLOCK,77,Descriptive catalogue item on positive numeric invoice before cutoff; exception codes reviewed separately
23318,merchandise,BOX OF 6 MINI VINTAGE CRACKERS,343,Descriptive catalogue item on positive numeric invoice before cutoff; exception codes reviewed separately
23319,merchandise,BOX OF 6 MINI 50'S CRACKERS,378,Descriptive catalogue item on positive numeric invoice before cutoff; exception codes reviewed separately
23320,merchandise,GIANT 50'S CHRISTMAS CRACKER,291,Descriptive catalogue item on positive numeric invoice before cutoff; exception codes reviewed separately
23321,merchandise,SMALL WHITE HEART OF WICKER,613,Descriptive catalogue item on positive numeric invoice before cutoff; exception codes reviewed separately
23322,merchandise,LARGE WHITE HEART OF WICKER,557,Descriptive catalogue item on positive numeric invoice before cutoff; exception codes reviewed separately
23323,merchandise,WHITE WICKER STAR,276,Descriptive catalogue item on positive numeric invoice before cutoff; exception codes reviewed separately
23324,merchandise,RUSTIC STRAWBERRY JAM POT LARGE,37,Descriptive catalogue item on positive numeric invoice before cutoff; exception codes reviewed separately
23325,merchandise,RUSTIC STRAWBERRY JAM POT SMALL,32,Descriptive catalogue item on positive numeric invoice before cutoff; exception codes reviewed separately
23326,merchandise,HANGING MINI COLOURED BOTTLES,72,Descriptive catalogue item on positive numeric invoice before cutoff; exception codes reviewed separately
23327,merchandise,HANGING CLEAR MINI BOTTLE,41,Descriptive catalogue item on positive numeric invoice before cutoff; exception codes reviewed separately
23328,merchandise,SET 6 SCHOOL MILK BOTTLES IN CRATE,380,Descriptive catalogue item on positive numeric invoice before cutoff; exception codes reviewed separately
23329,merchandise,DECORATIVE WICKER HEART LARGE,244,Descriptive catalogue item on positive numeric invoice before cutoff; exception codes reviewed separately
23330,merchandise,DECORATIVE WICKER HEART MEDIUM,216,Descriptive catalogue item on positive numeric invoice before cutoff; exception codes reviewed separately
23331,merchandise,DECORATIVE WICKER HEART SMALL,99,Descriptive catalogue item on positive numeric invoice before cutoff; exception codes reviewed separately
23332,merchandise,IVORY WICKER HEART LARGE,278,Descriptive catalogue item on positive numeric invoice before cutoff; exception codes reviewed separately
23333,merchandise,IVORY WICKER HEART MEDIUM,233,Descriptive catalogue item on positive numeric invoice before cutoff; exception codes reviewed separately
23334,merchandise,IVORY WICKER HEART SMALL,118,Descriptive catalogue item on positive numeric invoice before cutoff; exception codes reviewed separately
23335,merchandise,EGG FRYING PAN IVORY,91,Descriptive catalogue item on positive numeric invoice before cutoff; exception codes reviewed separately
23336,merchandise,EGG FRYING PAN PINK,79,Descriptive catalogue item on positive numeric invoice before cutoff; exception codes reviewed separately
23337,merchandise,EGG FRYING PAN MINT,64,Descriptive catalogue item on positive numeric invoice before cutoff; exception codes reviewed separately
23338,merchandise,EGG FRYING PAN RED,94,Descriptive catalogue item on positive numeric invoice before cutoff; exception codes reviewed separately
23339,merchandise,EGG FRYING PAN BLUE,69,Descriptive catalogue item on positive numeric invoice before cutoff; exception codes reviewed separately
23340,merchandise,VINTAGE CHRISTMAS CAKE FRILL,141,Descriptive catalogue item on positive numeric invoice before cutoff; exception codes reviewed separately
23341,merchandise,PINK DINER WALL CLOCK,114,Descriptive catalogue item on positive numeric invoice before cutoff; exception codes reviewed separately
23342,merchandise,MINT DINER WALL CLOCK,160,Descriptive catalogue item on positive numeric invoice before cutoff; exception codes reviewed separately
23343,merchandise,JUMBO BAG VINTAGE CHRISTMAS,441,Descriptive catalogue item on positive numeric invoice before cutoff; exception codes reviewed separately
23344,merchandise,JUMBO BAG 50'S CHRISTMAS,658,Descriptive catalogue item on positive numeric invoice before cutoff; exception codes reviewed separately
23345,merchandise,DOLLY GIRL BEAKER,164,Descriptive catalogue item on positive numeric invoice before cutoff; exception codes reviewed separately
23346,merchandise,SPACEBOY BEAKER,172,Descriptive catalogue item on positive numeric invoice before cutoff; exception codes reviewed separately
23347,merchandise,I LOVE LONDON BEAKER,90,Descriptive catalogue item on positive numeric invoice before cutoff; exception codes reviewed separately
23348,merchandise,CHILDRENS TOY COOKING UTENSIL SET,173,Descriptive catalogue item on positive numeric invoice before cutoff; exception codes reviewed separately
23349,merchandise,ROLL WRAP VINTAGE CHRISTMAS,304,Descriptive catalogue item on positive numeric invoice before cutoff; exception codes reviewed separately
23350,merchandise,ROLL WRAP VINTAGE SPOT,281,Descriptive catalogue item on positive numeric invoice before cutoff; exception codes reviewed separately
23351,merchandise,ROLL WRAP 50'S CHRISTMAS,317,Descriptive catalogue item on positive numeric invoice before cutoff; exception codes reviewed separately
23352,merchandise,ROLL WRAP 50'S RED CHRISTMAS,186,Descriptive catalogue item on positive numeric invoice before cutoff; exception codes reviewed separately
23353,merchandise,6 GIFT TAGS VINTAGE CHRISTMAS,304,Descriptive catalogue item on positive numeric invoice before cutoff; exception codes reviewed separately
23354,merchandise,6 GIFT TAGS 50'S CHRISTMAS,304,Descriptive catalogue item on positive numeric invoice before cutoff; exception codes reviewed separately
23355,merchandise,HOT WATER BOTTLE KEEP CALM,712,Descriptive catalogue item on positive numeric invoice before cutoff; exception codes reviewed separately
23356,merchandise,LOVE HOT WATER BOTTLE,456,Descriptive catalogue item on positive numeric invoice before cutoff; exception codes reviewed separately
23357,merchandise,HOT WATER BOTTLE SEX BOMB,83,Descriptive catalogue item on positive numeric invoice before cutoff; exception codes reviewed separately
23358,merchandise,HOT STUFF HOT WATER BOTTLE,71,Descriptive catalogue item on positive numeric invoice before cutoff; exception codes reviewed separately
23359,merchandise,SET OF 12 T-LIGHTS VINTAGE DOILY,69,Descriptive catalogue item on positive numeric invoice before cutoff; exception codes reviewed separately
23360,merchandise,SET 8 CANDLES VINTAGE DOILY,106,Descriptive catalogue item on positive numeric invoice before cutoff; exception codes reviewed separately
23365,merchandise,SET 12 COLOUR PENCILS LOVE LONDON,160,Descriptive catalogue item on positive numeric invoice before cutoff; exception codes reviewed separately
23366,merchandise,SET 12 COLOURING PENCILS DOILY,175,Descriptive catalogue item on positive numeric invoice before cutoff; exception codes reviewed separately
23367,merchandise,SET 12 COLOUR PENCILS SPACEBOY,256,Descriptive catalogue item on positive numeric invoice before cutoff; exception codes reviewed separately
23368,merchandise,SET 12 COLOUR PENCILS DOLLY GIRL,221,Descriptive catalogue item on positive numeric invoice before cutoff; exception codes reviewed separately
23369,merchandise,SET 36 COLOUR PENCILS LOVE LONDON,113,Descriptive catalogue item on positive numeric invoice before cutoff; exception codes reviewed separately
23370,merchandise,SET 36 COLOURING PENCILS DOILY,134,Descriptive catalogue item on positive numeric invoice before cutoff; exception codes reviewed separately
23371,merchandise,SET 36 COLOUR PENCILS SPACEBOY,169,Descriptive catalogue item on positive numeric invoice before cutoff; exception codes reviewed separately
23372,merchandise,SET 36 COLOUR PENCILS DOLLY GIRL,141,Descriptive catalogue item on positive numeric invoice before cutoff; exception codes reviewed separately
23373,merchandise,VINTAGE CHRISTMAS PAPER GIFT BAG,94,Descriptive catalogue item on positive numeric invoice before cutoff; exception codes reviewed separately
23374,merchandise,RED SPOT PAPER GIFT BAG,118,Descriptive catalogue item on positive numeric invoice before cutoff; exception codes reviewed separately
23375,merchandise,50'S CHRISTMAS PAPER GIFT BAG,96,Descriptive catalogue item on positive numeric invoice before cutoff; exception codes reviewed separately
23376,merchandise,PACK OF 12 VINTAGE CHRISTMAS TISSUE,141,Descriptive catalogue item on positive numeric invoice before cutoff; exception codes reviewed separately
23377,merchandise,PACK OF 12 DOLLY GIRL TISSUES,127,Descriptive catalogue item on positive numeric invoice before cutoff; exception codes reviewed separately
23378,merchandise,PACK OF 12 50'S CHRISTMAS TISSUES,165,Descriptive catalogue item on positive numeric invoice before cutoff; exception codes reviewed separately
23379,merchandise,PACK OF 12 RED APPLE TISSUES,67,Descriptive catalogue item on positive numeric invoice before cutoff; exception codes reviewed separately
23380,merchandise,PACK OF 12 VINTAGE DOILY TISSUES,110,Descriptive catalogue item on positive numeric invoice before cutoff; exception codes reviewed separately
23381,merchandise,PACK OF 12 VINTAGE LEAF TISSUES,70,Descriptive catalogue item on positive numeric invoice before cutoff; exception codes reviewed separately
23382,merchandise,BOX OF 6 CHRISTMAS CAKE DECORATIONS,192,Descriptive catalogue item on positive numeric invoice before cutoff; exception codes reviewed separately
23388,merchandise,WOODLAND MINI BACKPACK,142,Descriptive catalogue item on positive numeric invoice before cutoff; exception codes reviewed separately
23389,merchandise,SPACEBOY MINI BACKPACK,219,Descriptive catalogue item on positive numeric invoice before cutoff; exception codes reviewed separately
23390,merchandise,DOLLY GIRL MINI BACKPACK,154,Descriptive catalogue item on positive numeric invoice before cutoff; exception codes reviewed separately
23391,merchandise,I LOVE LONDON MINI BACKPACK,80,Descriptive catalogue item on positive numeric invoice before cutoff; exception codes reviewed separately
23392,merchandise,SPACEBOY ROCKET LOLLY MAKERS,105,Descriptive catalogue item on positive numeric invoice before cutoff; exception codes reviewed separately
23393,merchandise,HOME SWEET HOME CUSHION COVER,221,Descriptive catalogue item on positive numeric invoice before cutoff; exception codes reviewed separately
23394,merchandise,POSTE FRANCE CUSHION COVER,142,Descriptive catalogue item on positive numeric invoice before cutoff; exception codes reviewed separately
23395,merchandise,BELLE JARDINIERE CUSHION COVER,203,Descriptive catalogue item on positive numeric invoice before cutoff; exception codes reviewed separately
23396,merchandise,LE JARDIN BOTANIQUE CUSHION COVER,165,Descriptive catalogue item on positive numeric invoice before cutoff; exception codes reviewed separately
23397,merchandise,FOOT STOOL HOME SWEET HOME,209,Descriptive catalogue item on positive numeric invoice before cutoff; exception codes reviewed separately
23398,merchandise,HANGING HEART BONHEUR,69,Descriptive catalogue item on positive numeric invoice before cutoff; exception codes reviewed separately
23399,merchandise,HOME SWEET HOME HANGING HEART,224,Descriptive catalogue item on positive numeric invoice before cutoff; exception codes reviewed separately
23400,merchandise,SHELF WITH 4 HOOKS HOME SWEET HOME,106,Descriptive catalogue item on positive numeric invoice before cutoff; exception codes reviewed separately
23401,merchandise,RUSTIC MIRROR WITH LACE HEART,74,Descriptive catalogue item on positive numeric invoice before cutoff; exception codes reviewed separately
23402,merchandise,HOME SWEET HOME 3 PEG HANGER,58,Descriptive catalogue item on positive numeric invoice before cutoff; exception codes reviewed separately
23403,merchandise,LETTER HOLDER HOME SWEET HOME,123,Descriptive catalogue item on positive numeric invoice before cutoff; exception codes reviewed separately
23404,merchandise,HOME SWEET HOME BLACKBOARD,154,Descriptive catalogue item on positive numeric invoice before cutoff; exception codes reviewed separately
23405,merchandise,HOME SWEET HOME 2 DRAWER CABINET,67,Descriptive catalogue item on positive numeric invoice before cutoff; exception codes reviewed separately
23406,merchandise,HOME SWEET HOME KEY HOLDER,103,Descriptive catalogue item on positive numeric invoice before cutoff; exception codes reviewed separately
23407,merchandise,SET OF 2 TRAYS HOME SWEET HOME,120,Descriptive catalogue item on positive numeric invoice before cutoff; exception codes reviewed separately
23408,merchandise,PHOTO FRAME LINEN AND LACE SMALL,56,Descriptive catalogue item on positive numeric invoice before cutoff; exception codes reviewed separately
23409,merchandise,PHOTO FRAME LINEN AND LACE LARGE,41,Descriptive catalogue item on positive numeric invoice before cutoff; exception codes reviewed separately
23410,merchandise,CURIO CABINET LINEN AND LACE,18,Descriptive catalogue item on positive numeric invoice before cutoff; exception codes reviewed separately
23411,merchandise,TRELLIS COAT RACK,56,Descriptive catalogue item on positive numeric invoice before cutoff; exception codes reviewed separately
23412,merchandise,HEART MIRROR ANTIQUE WHITE,77,Descriptive catalogue item on positive numeric invoice before cutoff; exception codes reviewed separately
23413,merchandise,VINTAGE COFFEE GRINDER BOX,31,Descriptive catalogue item on positive numeric invoice before cutoff; exception codes reviewed separately
23414,merchandise,ZINC BOX SIGN HOME,64,Descriptive catalogue item on positive numeric invoice before cutoff; exception codes reviewed separately
23415,merchandise,HOME SWEET HOME HOOK,37,Descriptive catalogue item on positive numeric invoice before cutoff; exception codes reviewed separately
23416,merchandise,CHAMBRE HOOK,15,Descriptive catalogue item on positive numeric invoice before cutoff; exception codes reviewed separately
23417,merchandise,BATHROOM HOOK,18,Descriptive catalogue item on positive numeric invoice before cutoff; exception codes reviewed separately
23418,merchandise,LAVENDER TOILETTE BOTTLE,72,Descriptive catalogue item on positive numeric invoice before cutoff; exception codes reviewed separately
23419,merchandise,HOME SWEET HOME BOTTLE,79,Descriptive catalogue item on positive numeric invoice before cutoff; exception codes reviewed separately
23420,merchandise,PANTRY HOOK TEA STRAINER,32,Descriptive catalogue item on positive numeric invoice before cutoff; exception codes reviewed separately
23421,merchandise,PANTRY HOOK SPATULA,33,Descriptive catalogue item on positive numeric invoice before cutoff; exception codes reviewed separately
23422,merchandise,PANTRY HOOK BALLOON WHISK,44,Descriptive catalogue item on positive numeric invoice before cutoff; exception codes reviewed separately
23423,merchandise,PANTRY 3 HOOK ROLLING PIN HANGER,61,Descriptive catalogue item on positive numeric invoice before cutoff; exception codes reviewed separately
23424,merchandise,GINGHAM RECIPE BOOK BOX,126,Descriptive catalogue item on positive numeric invoice before cutoff; exception codes reviewed separately
23425,merchandise,STORAGE TIN HOME SWEET HOME,42,Descriptive catalogue item on positive numeric invoice before cutoff; exception codes reviewed separately
23426,merchandise,METAL SIGN DROP YOUR PANTS,193,Descriptive catalogue item on positive numeric invoice before cutoff; exception codes reviewed separately
23427,merchandise,STOOL HOME SWEET HOME,113,Descriptive catalogue item on positive numeric invoice before cutoff; exception codes reviewed separately
23428,merchandise,IVORY RETRO KITCHEN WALL CLOCK,17,Descriptive catalogue item on positive numeric invoice before cutoff; exception codes reviewed separately
23429,merchandise,RED RETRO KITCHEN WALL CLOCK,17,Descriptive catalogue item on positive numeric invoice before cutoff; exception codes reviewed separately
23430,merchandise,BLUE RETRO KITCHEN WALL CLOCK,11,Descriptive catalogue item on positive numeric invoice before cutoff; exception codes reviewed separately
23431,merchandise,NATURAL HANGING QUILTED HEARTS,76,Descriptive catalogue item on positive numeric invoice before cutoff; exception codes reviewed separately
23432,merchandise,PRETTY HANGING QUILTED HEARTS,72,Descriptive catalogue item on positive numeric invoice before cutoff; exception codes reviewed separately
23433,merchandise,HANGING QUILTED PATCHWORK APPLES,86,Descriptive catalogue item on positive numeric invoice before cutoff; exception codes reviewed separately
23434,merchandise,3 RAFFIA RIBBONS 50'S CHRISTMAS,182,Descriptive catalogue item on positive numeric invoice before cutoff; exception codes reviewed separately
23435,merchandise,3 RAFFIA RIBBONS VINTAGE CHRISTMAS,86,Descriptive catalogue item on positive numeric invoice before cutoff; exception codes reviewed separately
23436,merchandise,VINTAGE CHRISTMAS GIFT BAG LARGE,96,Descriptive catalogue item on positive numeric invoice before cutoff; exception codes reviewed separately
23437,merchandise,50'S CHRISTMAS GIFT BAG LARGE,116,Descriptive catalogue item on positive numeric invoice before cutoff; exception codes reviewed separately
23438,merchandise,RED SPOT GIFT BAG LARGE,94,Descriptive catalogue item on positive numeric invoice before cutoff; exception codes reviewed separately
23439,merchandise,HAND WARMER RED LOVE HEART,361,Descriptive catalogue item on positive numeric invoice before cutoff; exception codes reviewed separately
23440,merchandise,PAINT YOUR OWN EGGS IN CRATE,3,Descriptive catalogue item on positive numeric invoice before cutoff; exception codes reviewed separately
23441,merchandise,HAND PAINTED HANGING EASTER EGG,2,Descriptive catalogue item on positive numeric invoice before cutoff; exception codes reviewed separately
23442,merchandise,12 HANGING EGGS HAND PAINTED,7,Descriptive catalogue item on positive numeric invoice before cutoff; exception codes reviewed separately
23444,non_merchandise,Next Day Carriage,69,"Explicit fee, shipping, adjustment, voucher, or test-code exclusion; see cleaning report"
23445,merchandise,ICE CREAM BUBBLES,97,Descriptive catalogue item on positive numeric invoice before cutoff; exception codes reviewed separately
23446,merchandise,BLUE BUNNY EASTER EGG BASKET,2,Descriptive catalogue item on positive numeric invoice before cutoff; exception codes reviewed separately
23447,merchandise,PINK BUNNY EASTER EGG BASKET,3,Descriptive catalogue item on positive numeric invoice before cutoff; exception codes reviewed separately
23448,merchandise,CREAM BUNNY EASTER EGG BASKET,3,Descriptive catalogue item on positive numeric invoice before cutoff; exception codes reviewed separately
23449,merchandise,SET OF 6 EASTER RAINBOW CHICKS,1,Descriptive catalogue item on positive numeric invoice before cutoff; exception codes reviewed separately
23451,merchandise,SQUARE MINI PORTRAIT FRAME,45,Descriptive catalogue item on positive numeric invoice before cutoff; exception codes reviewed separately
23452,merchandise,HEART MINI PORTRAIT FRAME,74,Descriptive catalogue item on positive numeric invoice before cutoff; exception codes reviewed separately
23453,merchandise,OVAL  MINI PORTRAIT FRAME,44,Descriptive catalogue item on positive numeric invoice before cutoff; exception codes reviewed separately
23454,merchandise,THREE MINI HANGING FRAMES,46,Descriptive catalogue item on positive numeric invoice before cutoff; exception codes reviewed separately
23455,merchandise,SMALL PARLOUR PICTURE FRAME,29,Descriptive catalogue item on positive numeric invoice before cutoff; exception codes reviewed separately
23456,merchandise,MEDIUM PARLOUR PICTURE FRAME,31,Descriptive catalogue item on positive numeric invoice before cutoff; exception codes reviewed separately
23457,merchandise,LARGE PARLOUR PICTURE FRAME,23,Descriptive catalogue item on positive numeric invoice before cutoff; exception codes reviewed separately
23458,merchandise,DOLLY CABINET 3 DRAWERS,25,Descriptive catalogue item on positive numeric invoice before cutoff; exception codes reviewed separately
23459,merchandise,DOLLY CABINET 2 DRAWERS,16,Descriptive catalogue item on positive numeric invoice before cutoff; exception codes reviewed separately
23460,merchandise,SWEETHEART WALL TIDY,39,Descriptive catalogue item on positive numeric invoice before cutoff; exception codes reviewed separately
23461,merchandise,SWEETHEART BIRD HOUSE,95,Descriptive catalogue item on positive numeric invoice before cutoff; exception codes reviewed separately
23462,merchandise,ROCOCO WALL MIRROR WHITE,43,Descriptive catalogue item on positive numeric invoice before cutoff; exception codes reviewed separately
23463,merchandise,VINTAGE ZINC WATERING CAN,6,Descriptive catalogue item on positive numeric invoice before cutoff; exception codes reviewed separately
23464,merchandise,VINTAGE ZINC WATERING CAN SMALL,6,Descriptive catalogue item on positive numeric invoice before cutoff; exception codes reviewed separately
23465,merchandise,TUSCAN VILLA BIRD FEEDER,8,Descriptive catalogue item on positive numeric invoice before cutoff; exception codes reviewed separately
23466,merchandise,TUSCAN VILLA DOVECOTE BIRD FEEDER,20,Descriptive catalogue item on positive numeric invoice before cutoff; exception codes reviewed separately
23467,merchandise,VINTAGE ZINC PLANTER,6,Descriptive catalogue item on positive numeric invoice before cutoff; exception codes reviewed separately
23468,merchandise,TUSCAN VILLA BIRD TABLE,11,Descriptive catalogue item on positive numeric invoice before cutoff; exception codes reviewed separately
23469,merchandise,CARD HOLDER LOVE BIRD SMALL,67,Descriptive catalogue item on positive numeric invoice before cutoff; exception codes reviewed separately
23470,merchandise,CARD HOLDER LOVE BIRD LARGE,79,Descriptive catalogue item on positive numeric invoice before cutoff; exception codes reviewed separately
23471,merchandise,SIX DRAWER OFFICE TIDY,26,Descriptive catalogue item on positive numeric invoice before cutoff; exception codes reviewed separately
23472,merchandise,NINE DRAWER OFFICE TIDY,28,Descriptive catalogue item on positive numeric invoice before cutoff; exception codes reviewed separately
23473,merchandise,WOODLAND SMALL RED FELT HEART,47,Descriptive catalogue item on positive numeric invoice before cutoff; exception codes reviewed separately
23474,merchandise,WOODLAND SMALL BLUE FELT HEART,33,Descriptive catalogue item on positive numeric invoice before cutoff; exception codes reviewed separately
23475,merchandise,WOODLAND SMALL PINK FELT HEART,28,Descriptive catalogue item on positive numeric invoice before cutoff; exception codes reviewed separately
23476,merchandise,WOODLAND LARGE RED FELT HEART,22,Descriptive catalogue item on positive numeric invoice before cutoff; exception codes reviewed separately
23477,merchandise,WOODLAND LARGE BLUE FELT HEART,13,Descriptive catalogue item on positive numeric invoice before cutoff; exception codes reviewed separately
23478,merchandise,WOODLAND LARGE PINK FELT HEART,12,Descriptive catalogue item on positive numeric invoice before cutoff; exception codes reviewed separately
23479,merchandise,WIRE EGG BASKET,40,Descriptive catalogue item on positive numeric invoice before cutoff; exception codes reviewed separately
23480,merchandise,MINI LIGHTS WOODLAND MUSHROOMS,180,Descriptive catalogue item on positive numeric invoice before cutoff; exception codes reviewed separately
23481,merchandise,PEARLISED IVORY HEART SMALL,26,Descriptive catalogue item on positive numeric invoice before cutoff; exception codes reviewed separately
23482,merchandise,PEARLISED IVORY HEART LARGE,33,Descriptive catalogue item on positive numeric invoice before cutoff; exception codes reviewed separately
23483,merchandise,HANGING  BUTTERFLY T-LIGHT HOLDER,67,Descriptive catalogue item on positive numeric invoice before cutoff; exception codes reviewed separately
23484,merchandise,HEART TRELLIS TRIPLE T-LIGHT HOLDER,27,Descriptive catalogue item on positive numeric invoice before cutoff; exception codes reviewed separately
23485,merchandise,BOTANICAL GARDENS WALL CLOCK,75,Descriptive catalogue item on positive numeric invoice before cutoff; exception codes reviewed separately
23486,merchandise,ANTIQUE HEART SHELF UNIT,66,Descriptive catalogue item on positive numeric invoice before cutoff; exception codes reviewed separately
23487,merchandise,SWEET HEART CAKE CARRIER,42,Descriptive catalogue item on positive numeric invoice before cutoff; exception codes reviewed separately
23489,merchandise,VINTAGE BELLS GARLAND,130,Descriptive catalogue item on positive numeric invoice before cutoff; exception codes reviewed separately
23490,merchandise,T-LIGHT HOLDER HANGING LOVE BIRD,90,Descriptive catalogue item on positive numeric invoice before cutoff; exception codes reviewed separately
23491,merchandise,VINTAGE JINGLE BELLS HEART,70,Descriptive catalogue item on positive numeric invoice before cutoff; exception codes reviewed separately
23492,merchandise,VINTAGE JINGLE BELLS WREATH,25,Descriptive catalogue item on positive numeric invoice before cutoff; exception codes reviewed separately
23493,merchandise,VINTAGE DOILY TRAVEL SEWING KIT,373,Descriptive catalogue item on positive numeric invoice before cutoff; exception codes reviewed separately
23494,merchandise,VINTAGE DOILY DELUXE SEWING KIT,171,Descriptive catalogue item on positive numeric invoice before cutoff; exception codes reviewed separately
23495,merchandise,SET OF 3 PANTRY WOODEN SPOONS,30,Descriptive catalogue item on positive numeric invoice before cutoff; exception codes reviewed separately
23496,merchandise,PANTRY KITCHEN THERMOMETER,20,Descriptive catalogue item on positive numeric invoice before cutoff; exception codes reviewed separately
23497,merchandise,CLASSIC CHROME BICYCLE BELL,144,Descriptive catalogue item on positive numeric invoice before cutoff; exception codes reviewed separately
23498,merchandise,CLASSIC BICYCLE CLIPS,49,Descriptive catalogue item on positive numeric invoice before cutoff; exception codes reviewed separately
23499,merchandise,SET 12 VINTAGE DOILY CHALK,93,Descriptive catalogue item on positive numeric invoice before cutoff; exception codes reviewed separately
23500,merchandise,KEY RING BASEBALL BOOT ASSORTED,86,Descriptive catalogue item on positive numeric invoice before cutoff; exception codes reviewed separately
23501,merchandise,KEY RING BASEBALL BOOT UNION JACK,90,Descriptive catalogue item on positive numeric invoice before cutoff; exception codes reviewed separately
23502,merchandise,PLAYING CARDS VINTAGE DOILY,86,Descriptive catalogue item on positive numeric invoice before cutoff; exception codes reviewed separately
23503,merchandise,PLAYING CARDS KEEP CALM & CARRY ON,309,Descriptive catalogue item on positive numeric invoice before cutoff; exception codes reviewed separately
23504,merchandise,PLAYING CARDS JUBILEE UNION JACK,193,Descriptive catalogue item on positive numeric invoice before cutoff; exception codes reviewed separately
23505,merchandise,PLAYING CARDS I LOVE LONDON,106,Descriptive catalogue item on positive numeric invoice before cutoff; exception codes reviewed separately
23506,merchandise,MINI PLAYING CARDS SPACEBOY,141,Descriptive catalogue item on positive numeric invoice before cutoff; exception codes reviewed separately
23507,merchandise,MINI PLAYING CARDS BUFFALO BILL,116,Descriptive catalogue item on positive numeric invoice before cutoff; exception codes reviewed separately
23508,merchandise,MINI PLAYING CARDS DOLLY GIRL,122,Descriptive catalogue item on positive numeric invoice before cutoff; exception codes reviewed separately
23509,merchandise,MINI PLAYING CARDS FUN FAIR,61,Descriptive catalogue item on positive numeric invoice before cutoff; exception codes reviewed separately
23510,merchandise,MINI PLAYING CARDS GYMKHANA,114,Descriptive catalogue item on positive numeric invoice before cutoff; exception codes reviewed separately
23511,merchandise,EMBROIDERED RIBBON REEL EMILY,93,Descriptive catalogue item on positive numeric invoice before cutoff; exception codes reviewed separately
23512,merchandise,EMBROIDERED RIBBON REEL ROSIE,52,Descriptive catalogue item on positive numeric invoice before cutoff; exception codes reviewed separately
23513,merchandise,EMBROIDERED RIBBON REEL SUSIE,66,Descriptive catalogue item on positive numeric invoice before cutoff; exception codes reviewed separately
23514,merchandise,EMBROIDERED RIBBON REEL SALLY,71,Descriptive catalogue item on positive numeric invoice before cutoff; exception codes reviewed separately
23515,merchandise,EMBROIDERED RIBBON REEL DAISY,68,Descriptive catalogue item on positive numeric invoice before cutoff; exception codes reviewed separately
23516,merchandise,EMBROIDERED RIBBON REEL SOPHIE,42,Descriptive catalogue item on positive numeric invoice before cutoff; exception codes reviewed separately
23517,merchandise,EMBROIDERED RIBBON REEL REBECCA,60,Descriptive catalogue item on positive numeric invoice before cutoff; exception codes reviewed separately
23518,merchandise,EMBROIDERED RIBBON REEL RACHEL,44,Descriptive catalogue item on positive numeric invoice before cutoff; exception codes reviewed separately
23519,merchandise,EMBROIDERED RIBBON REEL CLAIRE,24,Descriptive catalogue item on positive numeric invoice before cutoff; exception codes reviewed separately
23520,merchandise,EMBROIDERED RIBBON REEL RUBY,31,Descriptive catalogue item on positive numeric invoice before cutoff; exception codes reviewed separately
23521,merchandise,WALL ART CAT AND BIRD,34,Descriptive catalogue item on positive numeric invoice before cutoff; exception codes reviewed separately
23522,merchandise,WALL ART DOG AND BALL,25,Descriptive catalogue item on positive numeric invoice before cutoff; exception codes reviewed separately
23523,merchandise,WALL ART TREASURE AHOY,21,Descriptive catalogue item on positive numeric invoice before cutoff; exception codes reviewed separately
23524,merchandise,WALL ART HORSE & PONY,34,Descriptive catalogue item on positive numeric invoice before cutoff; exception codes reviewed separately
23525,merchandise,WALL ART BUFFALO BILL,31,Descriptive catalogue item on positive numeric invoice before cutoff; exception codes reviewed separately
23526,merchandise,WALL ART DOG LICENCE,98,Descriptive catalogue item on positive numeric invoice before cutoff; exception codes reviewed separately
23527,merchandise,WALL ART ANIMALS AND NATURE,26,Descriptive catalogue item on positive numeric invoice before cutoff; exception codes reviewed separately
23528,merchandise,WALL ART SPACEBOY,33,Descriptive catalogue item on positive numeric invoice before cutoff; exception codes reviewed separately
23529,merchandise,WALL ART DOLLY GIRL,24,Descriptive catalogue item on positive numeric invoice before cutoff; exception codes reviewed separately
23530,merchandise,WALL ART ONLY ONE PERSON,76,Descriptive catalogue item on positive numeric invoice before cutoff; exception codes reviewed separately
23531,merchandise,WALL ART BIG LOVE,101,Descriptive catalogue item on positive numeric invoice before cutoff; exception codes reviewed separately
23532,merchandise,WALL ART WORK REST AND PLAY,27,Descriptive catalogue item on positive numeric invoice before cutoff; exception codes reviewed separately
23533,merchandise,WALL ART GARDEN HAVEN,30,Descriptive catalogue item on positive numeric invoice before cutoff; exception codes reviewed separately
23534,merchandise,WALL ART STOP FOR TEA,199,Descriptive catalogue item on positive numeric invoice before cutoff; exception codes reviewed separately
23535,merchandise,WALL ART BICYCLE SAFETY,143,Descriptive catalogue item on positive numeric invoice before cutoff; exception codes reviewed separately
23536,merchandise,WALL ART VILLAGE SHOW,56,Descriptive catalogue item on positive numeric invoice before cutoff; exception codes reviewed separately
23537,merchandise,WALL ART I LOVE LONDON,31,Descriptive catalogue item on positive numeric invoice before cutoff; exception codes reviewed separately
23538,merchandise,WALL ART VINTAGE HEART,31,Descriptive catalogue item on positive numeric invoice before cutoff; exception codes reviewed separately
23539,merchandise,WALL ART LOVES' SECRET,37,Descriptive catalogue item on positive numeric invoice before cutoff; exception codes reviewed separately
23540,merchandise,WALL ART THE MAGIC FOREST,12,Descriptive catalogue item on positive numeric invoice before cutoff; exception codes reviewed separately
23541,merchandise,WALL ART CLASSIC PUDDINGS,145,Descriptive catalogue item on positive numeric invoice before cutoff; exception codes reviewed separately
23542,merchandise,WALL ART 70'S ALPHABET,68,Descriptive catalogue item on positive numeric invoice before cutoff; exception codes reviewed separately
23543,merchandise,WALL ART KEEP CALM,76,Descriptive catalogue item on positive numeric invoice before cutoff; exception codes reviewed separately
23544,merchandise,WALL ART MID CENTURY MODERN,16,Descriptive catalogue item on positive numeric invoice before cutoff; exception codes reviewed separately
23545,merchandise,WRAP RED VINTAGE DOILY,64,Descriptive catalogue item on positive numeric invoice before cutoff; exception codes reviewed separately
23546,merchandise,WRAP PAISLEY PARK,115,Descriptive catalogue item on positive numeric invoice before cutoff; exception codes reviewed separately
23547,merchandise,WRAP FLOWER SHOP,57,Descriptive catalogue item on positive numeric invoice before cutoff; exception codes reviewed separately
23548,merchandise,WRAP MAGIC FOREST,41,Descriptive catalogue item on positive numeric invoice before cutoff; exception codes reviewed separately
23549,merchandise,WRAP BIRD GARDEN,51,Descriptive catalogue item on positive numeric invoice before cutoff; exception codes reviewed separately
23550,merchandise,WRAP ALPHABET POSTER,63,Descriptive catalogue item on positive numeric invoice before cutoff; exception codes reviewed separately
23551,merchandise,PACK OF 12 PAISLEY PARK TISSUES,128,Descriptive catalogue item on positive numeric invoice before cutoff; exception codes reviewed separately
23552,merchandise,BICYCLE PUNCTURE REPAIR KIT,50,Descriptive catalogue item on positive numeric invoice before cutoff; exception codes reviewed separately
23553,merchandise,LANDMARK FRAME CAMDEN TOWN,61,Descriptive catalogue item on positive numeric invoice before cutoff; exception codes reviewed separately
23554,merchandise,LANDMARK FRAME OXFORD STREET,55,Descriptive catalogue item on positive numeric invoice before cutoff; exception codes reviewed separately
23555,merchandise,LANDMARK FRAME NOTTING HILL,49,Descriptive catalogue item on positive numeric invoice before cutoff; exception codes reviewed separately
23556,merchandise,LANDMARK FRAME COVENT GARDEN,50,Descriptive catalogue item on positive numeric invoice before cutoff; exception codes reviewed separately
23557,merchandise,LANDMARK FRAME BAKER STREET,29,Descriptive catalogue item on positive numeric invoice before cutoff; exception codes reviewed separately
23558,merchandise,LANDMARK FRAME LONDON BRIDGE,49,Descriptive catalogue item on positive numeric invoice before cutoff; exception codes reviewed separately
23559,merchandise,WOODLAND BUNNIES LOLLY MAKERS,108,Descriptive catalogue item on positive numeric invoice before cutoff; exception codes reviewed separately
23560,merchandise,SET OF 6 RIBBONS COUNTRY STYLE,11,Descriptive catalogue item on positive numeric invoice before cutoff; exception codes reviewed separately
23561,merchandise,SET OF 6 RIBBONS PARTY,4,Descriptive catalogue item on positive numeric invoice before cutoff; exception codes reviewed separately
23562,merchandise,SET OF 6 RIBBONS PERFECTLY PRETTY,13,Descriptive catalogue item on positive numeric invoice before cutoff; exception codes reviewed separately
23564,merchandise,EGG CUP MILKMAID INGRID,64,Descriptive catalogue item on positive numeric invoice before cutoff; exception codes reviewed separately
23565,merchandise,EGG CUP MILKMAID HELGA,53,Descriptive catalogue item on positive numeric invoice before cutoff; exception codes reviewed separately
23566,merchandise,EGG CUP MILKMAID HEIDI,72,Descriptive catalogue item on positive numeric invoice before cutoff; exception codes reviewed separately
23567,merchandise,EGG CUP HENRIETTA HEN PINK,32,Descriptive catalogue item on positive numeric invoice before cutoff; exception codes reviewed separately
23568,merchandise,EGG CUP HENRIETTA HEN CREAM,42,Descriptive catalogue item on positive numeric invoice before cutoff; exception codes reviewed separately
23569,merchandise,TRADTIONAL ALPHABET STAMP SET,164,Descriptive catalogue item on positive numeric invoice before cutoff; exception codes reviewed separately
23570,merchandise,TRADITIONAL PICK UP STICKS GAME,241,Descriptive catalogue item on positive numeric invoice before cutoff; exception codes reviewed separately
23571,merchandise,TRADITIONAL NAUGHTS & CROSSES,232,Descriptive catalogue item on positive numeric invoice before cutoff; exception codes reviewed separately
23574,non_merchandise,PACKING CHARGE,13,"Explicit fee, shipping, adjustment, voucher, or test-code exclusion; see cleaning report"
23575,merchandise,SNACK TRAY PAISLEY PARK,9,Descriptive catalogue item on positive numeric invoice before cutoff; exception codes reviewed separately
23576,merchandise,SNACK TRAY RED VINTAGE DOILY,8,Descriptive catalogue item on positive numeric invoice before cutoff; exception codes reviewed separately
23578,merchandise,SNACK TRAY RED GINGHAM,5,Descriptive catalogue item on positive numeric invoice before cutoff; exception codes reviewed separately
23579,merchandise,SNACK TRAY I LOVE LONDON,12,Descriptive catalogue item on positive numeric invoice before cutoff; exception codes reviewed separately
23580,merchandise,SNACK TRAY HAPPY FOREST,11,Descriptive catalogue item on positive numeric invoice before cutoff; exception codes reviewed separately
23581,merchandise,JUMBO BAG PAISLEY PARK,300,Descriptive catalogue item on positive numeric invoice before cutoff; exception codes reviewed separately
23582,merchandise,VINTAGE DOILY JUMBO BAG RED,226,Descriptive catalogue item on positive numeric invoice before cutoff; exception codes reviewed separately
23583,merchandise,LUNCH BAG PAISLEY PARK,282,Descriptive catalogue item on positive numeric invoice before cutoff; exception codes reviewed separately
23595,unresolved,,0,No descriptive positive-purchase evidence before cutoff
23597,merchandise,PAPER BUNTING PAISLEY PARK,23,Descriptive catalogue item on positive numeric invoice before cutoff; exception codes reviewed separately
23598,merchandise,PAPER BUNTING VINTAGE PARTY,35,Descriptive catalogue item on positive numeric invoice before cutoff; exception codes reviewed separately
23601,merchandise,SET 10 CARDS SNOWY SNOWDROPS  17100,4,Descriptive catalogue item on positive numeric invoice before cutoff; exception codes reviewed separately
23602,merchandise,SET 10 CARDS 3 WISE MEN 17107,1,Descriptive catalogue item on positive numeric invoice before cutoff; exception codes reviewed separately
23603,merchandise,SET 10 CARD KRAFT REINDEER 17084,9,Descriptive catalogue item on positive numeric invoice before cutoff; exception codes reviewed separately
23604,merchandise,SET 10 MINI SANTA & SNOWMAN  17087,2,Descriptive catalogue item on positive numeric invoice before cutoff; exception codes reviewed separately
23605,merchandise,SET 10 CARDS 12 DAYS OF XMAS 17059,1,Descriptive catalogue item on positive numeric invoice before cutoff; exception codes reviewed separately
23607,merchandise,SET 10 CARDS HATS & STOCKINGS 17081,7,Descriptive catalogue item on positive numeric invoice before cutoff; exception codes reviewed separately
23608,merchandise,SET 10 CARDS RUDOLPHS NOSE 17097,2,Descriptive catalogue item on positive numeric invoice before cutoff; exception codes reviewed separately
23609,merchandise,SET 10 CARDS SNOWY ROBIN 17099,1,Descriptive catalogue item on positive numeric invoice before cutoff; exception codes reviewed separately
23610,merchandise,SET 10 CARDS CHRISTMAS ROBIN 17095,3,Descriptive catalogue item on positive numeric invoice before cutoff; exception codes reviewed separately
23611,merchandise,SET 10 CARDS RED RIDING HOOD 17214,14,Descriptive catalogue item on positive numeric invoice before cutoff; exception codes reviewed separately
23612,merchandise,SET 10 MINICARDS CUTE SNOWMAN 17071,2,Descriptive catalogue item on positive numeric invoice before cutoff; exception codes reviewed separately
23613,merchandise,SET 10 XMAS CARDS & BADGES 17070,6,Descriptive catalogue item on positive numeric invoice before cutoff; exception codes reviewed separately
23614,merchandise,SET 10 CARDS 12 DAYS WRAP  17058,9,Descriptive catalogue item on positive numeric invoice before cutoff; exception codes reviewed separately
23615,merchandise,SET 10 CARDS PRINTED GRAPHIC 17219,3,Descriptive catalogue item on positive numeric invoice before cutoff; exception codes reviewed separately
23616,merchandise,SET 10 CARDS JINGLE BELLS 17217,4,Descriptive catalogue item on positive numeric invoice before cutoff; exception codes reviewed separately
23617,merchandise,SET 10 CARDS SWIRLY XMAS TREE 17104,1,Descriptive catalogue item on positive numeric invoice before cutoff; exception codes reviewed separately
23619,merchandise,SET 10 CARDS POINSETTIA 17093,2,Descriptive catalogue item on positive numeric invoice before cutoff; exception codes reviewed separately
23620,merchandise,SET 10 CARDS PERFECT POST 17090,7,Descriptive catalogue item on positive numeric invoice before cutoff; exception codes reviewed separately
23621,merchandise,SET 10 CARDS DAVID'S MADONNA 17074,2,Descriptive catalogue item on positive numeric invoice before cutoff; exception codes reviewed separately
23623,merchandise,SET 10 CARD CHRISTMAS WELCOME 17112,6,Descriptive catalogue item on positive numeric invoice before cutoff; exception codes reviewed separately
23624,merchandise,SET 10 CARD PERFECT NATIVITY 17089,4,Descriptive catalogue item on positive numeric invoice before cutoff; exception codes reviewed separately
23625,merchandise,SET 6 CARDS SPARKLY REINDEER 17262,3,Descriptive catalogue item on positive numeric invoice before cutoff; exception codes reviewed separately
23626,merchandise,SET 10 CARDS DINKY TREE 17076,12,Descriptive catalogue item on positive numeric invoice before cutoff; exception codes reviewed separately
23627,merchandise,SET 10 CARDS XMAS GRAPHIC  17218,2,Descriptive catalogue item on positive numeric invoice before cutoff; exception codes reviewed separately
23628,merchandise,SET 10 CARDS TRIANGLE ICONS  17220,1,Descriptive catalogue item on positive numeric invoice before cutoff; exception codes reviewed separately
23629,merchandise,SET 10 CARDS DRESSING UP 17077,10,Descriptive catalogue item on positive numeric invoice before cutoff; exception codes reviewed separately
23630,merchandise,SET 10 CARDS HANGING BAUBLES 17080,2,Descriptive catalogue item on positive numeric invoice before cutoff; exception codes reviewed separately
23632,merchandise,SET 10 CARDS CHEERFUL ROBIN 17065,10,Descriptive catalogue item on positive numeric invoice before cutoff; exception codes reviewed separately
23633,merchandise,SET 10 CARDS WORLD CHILDREN 17067,3,Descriptive catalogue item on positive numeric invoice before cutoff; exception codes reviewed separately
23634,merchandise,SET 10 CARDS XMAS CHOIR 17068,4,Descriptive catalogue item on positive numeric invoice before cutoff; exception codes reviewed separately
23635,merchandise,SET 10 CARDS CHRISTMAS HOLLY  17259,2,Descriptive catalogue item on positive numeric invoice before cutoff; exception codes reviewed separately
23636,merchandise,SET 10 CARDS WISHING TREE 17116,3,Descriptive catalogue item on positive numeric invoice before cutoff; exception codes reviewed separately
23637,merchandise,SET 10 CARDS OUT OF ORDER 17216,8,Descriptive catalogue item on positive numeric invoice before cutoff; exception codes reviewed separately
23638,merchandise,SET 10 CARDS ROBIN WATERPUMP  17096,2,Descriptive catalogue item on positive numeric invoice before cutoff; exception codes reviewed separately
23639,merchandise,SET 10 CARDS MAGICAL TREE 17086,4,Descriptive catalogue item on positive numeric invoice before cutoff; exception codes reviewed separately
23640,merchandise,SET 10 CARDS SCOTTIE DOG 17211,6,Descriptive catalogue item on positive numeric invoice before cutoff; exception codes reviewed separately
23643,merchandise,SET 10 CARDS CHRISTMAS BAUBLE 16954,1,Descriptive catalogue item on positive numeric invoice before cutoff; exception codes reviewed separately
23644,merchandise,SET 10 CARDS CHRISTMAS TREE 16955,4,Descriptive catalogue item on positive numeric invoice before cutoff; exception codes reviewed separately
23645,merchandise,SET 10 CHRISTMAS CARDS HOHOHO 16956,3,Descriptive catalogue item on positive numeric invoice before cutoff; exception codes reviewed separately
23646,merchandise,SET 10 CARDS JINGLE BELLS 16957,5,Descriptive catalogue item on positive numeric invoice before cutoff; exception codes reviewed separately
23649,merchandise,SET 10 CARDS DECK THE HALLS 16960,2,Descriptive catalogue item on positive numeric invoice before cutoff; exception codes reviewed separately
23650,merchandise,SET 10 CARDS FILIGREE BAUBLE 16961,3,Descriptive catalogue item on positive numeric invoice before cutoff; exception codes reviewed separately
23652,merchandise,SET 10 CARD CHRISTMAS STAMPS 16963,1,Descriptive catalogue item on positive numeric invoice before cutoff; exception codes reviewed separately
23654,merchandise,SET 10 CARD SNOWMAN 16965,2,Descriptive catalogue item on positive numeric invoice before cutoff; exception codes reviewed separately
23660,merchandise,HENRIETTA HEN MUG,35,Descriptive catalogue item on positive numeric invoice before cutoff; exception codes reviewed separately
23661,merchandise,MILK MAIDS MUG,29,Descriptive catalogue item on positive numeric invoice before cutoff; exception codes reviewed separately
23664,merchandise,FLOWER SHOP DESIGN MUG,1,Descriptive catalogue item on positive numeric invoice before cutoff; exception codes reviewed separately
23681,merchandise,LUNCH BAG RED VINTAGE DOILY,109,Descriptive catalogue item on positive numeric invoice before cutoff; exception codes reviewed separately
23691,merchandise,WRAP KEEP CALM BIRTHDAY,24,Descriptive catalogue item on positive numeric invoice before cutoff; exception codes reviewed separately
23692,merchandise,WRAP A PRETTY THANK YOU,2,Descriptive catalogue item on positive numeric invoice before cutoff; exception codes reviewed separately
23694,merchandise,PAISLEY PARK CARD,29,Descriptive catalogue item on positive numeric invoice before cutoff; exception codes reviewed separately
23695,merchandise,DOILY THANK YOU CARD,42,Descriptive catalogue item on positive numeric invoice before cutoff; exception codes reviewed separately
23697,merchandise,A PRETTY THANK YOU CARD,26,Descriptive catalogue item on positive numeric invoice before cutoff; exception codes reviewed separately
23702,unresolved,High Resolution Image,3,"Manual, sample, or ambiguous image item; insufficient merchandise evidence"
23843,unresolved,,0,No descriptive positive-purchase evidence before cutoff
30086C,merchandise,ASSORTED FRUIT STRAWS,1,Descriptive catalogue item on positive numeric invoice before cutoff; exception codes reviewed separately
35001B,merchandise,HAND OPEN SHAPE BLACK,6,Descriptive catalogue item on positive numeric invoice before cutoff; exception codes reviewed separately
35001C,unresolved,,0,No descriptive positive-purchase evidence before cutoff
35001G,merchandise,HAND OPEN SHAPE GOLD,105,Descriptive catalogue item on positive numeric invoice before cutoff; exception codes reviewed separately
35001P,merchandise,HAND OPEN SHAPE PINK,2,Descriptive catalogue item on positive numeric invoice before cutoff; exception codes reviewed separately
35001W,merchandise,HAND OPEN SHAPE DECO.WHITE,200,Descriptive catalogue item on positive numeric invoice before cutoff; exception codes reviewed separately
35004B,merchandise,SET OF 3 BLACK FLYING DUCKS,274,Descriptive catalogue item on positive numeric invoice before cutoff; exception codes reviewed separately
35004C,merchandise,SET OF 3 COLOURED  FLYING DUCKS,394,Descriptive catalogue item on positive numeric invoice before cutoff; exception codes reviewed separately
35004G,merchandise,SET OF 3 GOLD FLYING DUCKS,75,Descriptive catalogue item on positive numeric invoice before cutoff; exception codes reviewed separately
35004P,merchandise,SET OF 3 PINK FLYING DUCKS,44,Descriptive catalogue item on positive numeric invoice before cutoff; exception codes reviewed separately
35004S,merchandise,SET OF 3 SILVER FLYING DUCKS,25,Descriptive catalogue item on positive numeric invoice before cutoff; exception codes reviewed separately
35015,merchandise,JACOBS LADDER SMALL,39,Descriptive catalogue item on positive numeric invoice before cutoff; exception codes reviewed separately
35051B,merchandise,PINK BEADED CONE CHRISTMAS,2,Descriptive catalogue item on positive numeric invoice before cutoff; exception codes reviewed separately
35071,merchandise,ASSORTED SANTA CHRISTMAS DECORATION,7,Descriptive catalogue item on positive numeric invoice before cutoff; exception codes reviewed separately
35085E,merchandise,IVORY ROSE LAMPSHADE,9,Descriptive catalogue item on positive numeric invoice before cutoff; exception codes reviewed separately
35095A,merchandise,BLUE VICTORIAN FABRIC OVAL BOX,158,Descriptive catalogue item on positive numeric invoice before cutoff; exception codes reviewed separately
35095B,merchandise,RED VICTORIAN FABRIC OVAL BOX,175,Descriptive catalogue item on positive numeric invoice before cutoff; exception codes reviewed separately
35096A,merchandise,BLUE VICTORIAN FABRIC HEART BOX,51,Descriptive catalogue item on positive numeric invoice before cutoff; exception codes reviewed separately
35096B,merchandise,RED VICTORIAN FABRIC HEART BOX,27,Descriptive catalogue item on positive numeric invoice before cutoff; exception codes reviewed separately
35160,merchandise,BUDDHA INCENSE HOLDER ASSORTED,56,Descriptive catalogue item on positive numeric invoice before cutoff; exception codes reviewed separately
35232,unresolved,,0,No descriptive positive-purchase evidence before cutoff
35233,merchandise,PASTA ENAMEL/BRASS CONTAINER,10,Descriptive catalogue item on positive numeric invoice before cutoff; exception codes reviewed separately
35240,merchandise,ENAMEL BLUE RIM OVAL TRAY SET/2,39,Descriptive catalogue item on positive numeric invoice before cutoff; exception codes reviewed separately
35241,merchandise,ENAMEL BLUE RIM BISCUIT BIN,133,Descriptive catalogue item on positive numeric invoice before cutoff; exception codes reviewed separately
35265,merchandise,COLOURFUL FLOWER FRUIT BOWL,17,Descriptive catalogue item on positive numeric invoice before cutoff; exception codes reviewed separately
35271S,merchandise,GOLD PRINT PAPER BAG,22,Descriptive catalogue item on positive numeric invoice before cutoff; exception codes reviewed separately
35400,merchandise,WOODEN BOX ADVENT CALENDAR,428,Descriptive catalogue item on positive numeric invoice before cutoff; exception codes reviewed separately
35442,unresolved,,0,No descriptive positive-purchase evidence before cutoff
35443,merchandise,RASTA IN BATH W SPLIFF ASHTRAY,10,Descriptive catalogue item on positive numeric invoice before cutoff; exception codes reviewed separately
35471A,merchandise,SET OF 3 BIRD L.BLUE FEATHER,85,Descriptive catalogue item on positive numeric invoice before cutoff; exception codes reviewed separately
35471B,unresolved,,0,No descriptive positive-purchase evidence before cutoff
35471D,merchandise,SET OF 3 BIRD LIGHT PINK FEATHER,357,Descriptive catalogue item on positive numeric invoice before cutoff; exception codes reviewed separately
35473,unresolved,,0,No descriptive positive-purchase evidence before cutoff
35537,merchandise,CANDLE RING W/CLEAR BEADS,3,Descriptive catalogue item on positive numeric invoice before cutoff; exception codes reviewed separately
35591G,unresolved,,0,No descriptive positive-purchase evidence before cutoff
35591T,merchandise,TURQUOISE CHRISTMAS TREE,11,Descriptive catalogue item on positive numeric invoice before cutoff; exception codes reviewed separately
35592T,unresolved,,0,No descriptive positive-purchase evidence before cutoff
35594,merchandise,WOODEN CHRISTMAS TREE 3 HANGING,40,Descriptive catalogue item on positive numeric invoice before cutoff; exception codes reviewed separately
35596,merchandise,WOOD XMAS TREE 9 FIG SHELVES,4,Descriptive catalogue item on positive numeric invoice before cutoff; exception codes reviewed separately
35597A,merchandise,DUSTY PINK CHRISTMAS TREE 30CM,5,Descriptive catalogue item on positive numeric invoice before cutoff; exception codes reviewed separately
35597B,merchandise,BLACKCHRISTMAS TREE 30CM,8,Descriptive catalogue item on positive numeric invoice before cutoff; exception codes reviewed separately
35597D,merchandise,PINK/WHITE CHRISTMAS TREE 30CM,8,Descriptive catalogue item on positive numeric invoice before cutoff; exception codes reviewed separately
35598A,merchandise,DUSTY PINK CHRISTMAS TREE 60CM,3,Descriptive catalogue item on positive numeric invoice before cutoff; exception codes reviewed separately
35598B,merchandise,BLACK CHRISTMAS TREE 60CM,64,Descriptive catalogue item on positive numeric invoice before cutoff; exception codes reviewed separately
35598C,merchandise,WHITE CHRISTMAS TREE 60CM,3,Descriptive catalogue item on positive numeric invoice before cutoff; exception codes reviewed separately
35598D,merchandise,PINK/WHITE CHRISTMAS TREE 60CM,111,Descriptive catalogue item on positive numeric invoice before cutoff; exception codes reviewed separately
35599B,merchandise,BLACK CHRISTMAS TREE 120CM,54,Descriptive catalogue item on positive numeric invoice before cutoff; exception codes reviewed separately
35599D,merchandise,PINK AND WHITE CHRISTMAS TREE 120CM,104,Descriptive catalogue item on positive numeric invoice before cutoff; exception codes reviewed separately
35600A,unresolved,,0,No descriptive positive-purchase evidence before cutoff
35600D,merchandise,PINK AND WHITE CHRISTMAS TREE 180CM,13,Descriptive catalogue item on positive numeric invoice before cutoff; exception codes reviewed separately
35603B,merchandise,S/16 BLACK SHINY/MAT BAUBLES,2,Descriptive catalogue item on positive numeric invoice before cutoff; exception codes reviewed separately
35603C,merchandise,SET/16 WHITE SHINY & MATT BAUBLES,25,Descriptive catalogue item on positive numeric invoice before cutoff; exception codes reviewed separately
35604B,unresolved,,0,No descriptive positive-purchase evidence before cutoff
35605A,unresolved,,0,No descriptive positive-purchase evidence before cutoff
35607A,merchandise,PINK FLUFFY CHRISTMAS DECORATION,32,Descriptive catalogue item on positive numeric invoice before cutoff; exception codes reviewed separately
35607B,merchandise,BLACK FEATHER CHRISTMAS DECORATION,17,Descriptive catalogue item on positive numeric invoice before cutoff; exception codes reviewed separately
35608A,unresolved,,0,No descriptive positive-purchase evidence before cutoff
35608C,unresolved,,0,No descriptive positive-purchase evidence before cutoff
35609A,merchandise,PINK FEATHER CHRISTMAS DECORATION,24,Descriptive catalogue item on positive numeric invoice before cutoff; exception codes reviewed separately
35610A,merchandise,PINK CHRISTMAS FLOCK DROPLET,13,Descriptive catalogue item on positive numeric invoice before cutoff; exception codes reviewed separately
35610B,merchandise,BLACK CHRISTMAS FLOCK DROPLET,14,Descriptive catalogue item on positive numeric invoice before cutoff; exception codes reviewed separately
35610C,merchandise,WHITE CHRISTMAS FLOCK DROPLET,8,Descriptive catalogue item on positive numeric invoice before cutoff; exception codes reviewed separately
35611B,merchandise,BLACK ASSORTED DROPLET DECORATION,4,Descriptive catalogue item on positive numeric invoice before cutoff; exception codes reviewed separately
35630B,unresolved,,0,No descriptive positive-purchase evidence before cutoff
35631A,unresolved,,0,No descriptive positive-purchase evidence before cutoff
35631B,unresolved,,0,No descriptive positive-purchase evidence before cutoff
35632A,unresolved,,0,No descriptive positive-purchase evidence before cutoff
35633B,merchandise,BLUE TINSEL GARLAND,12,Descriptive catalogue item on positive numeric invoice before cutoff; exception codes reviewed separately
35637A,merchandise,IVORY STRING CURTAIN WITH POLE,54,Descriptive catalogue item on positive numeric invoice before cutoff; exception codes reviewed separately
35637C,merchandise,PINK STRING CURTAIN WITH POLE,19,Descriptive catalogue item on positive numeric invoice before cutoff; exception codes reviewed separately
35638A,merchandise,PINK AND BLACK STRING CURTAIN,6,Descriptive catalogue item on positive numeric invoice before cutoff; exception codes reviewed separately
35638B,merchandise,PINK/BLUE STRING CURTAIN,11,Descriptive catalogue item on positive numeric invoice before cutoff; exception codes reviewed separately
35643,unresolved,,0,No descriptive positive-purchase evidence before cutoff
35644,merchandise,PAIR PINK/BLACK COATHANGERS,9,Descriptive catalogue item on positive numeric invoice before cutoff; exception codes reviewed separately
35645,merchandise,VINTAGE BEAD PINK JEWEL BOX,34,Descriptive catalogue item on positive numeric invoice before cutoff; exception codes reviewed separately
35646,merchandise,VINTAGE BEAD PINK EVENING BAG,100,Descriptive catalogue item on positive numeric invoice before cutoff; exception codes reviewed separately
35647,merchandise,VINTAGE BEAD PINK SHADE,75,Descriptive catalogue item on positive numeric invoice before cutoff; exception codes reviewed separately
35648,merchandise,VINTAGE BEAD PINK PURSE,143,Descriptive catalogue item on positive numeric invoice before cutoff; exception codes reviewed separately
35649,merchandise,VINTAGE BEAD COSMETIC BAG,51,Descriptive catalogue item on positive numeric invoice before cutoff; exception codes reviewed separately
35650,merchandise,VINTAGE BEAD PINK JEWEL STAND,3,Descriptive catalogue item on positive numeric invoice before cutoff; exception codes reviewed separately
35651,merchandise,VINTAGE BEAD PINK SCARF,65,Descriptive catalogue item on positive numeric invoice before cutoff; exception codes reviewed separately
35652,merchandise,VINTAGE BEAD CHAISE LONG JEWEL BOX,2,Descriptive catalogue item on positive numeric invoice before cutoff; exception codes reviewed separately
35653,merchandise,VINTAGE BEAD NOTEBOOK,118,Descriptive catalogue item on positive numeric invoice before cutoff; exception codes reviewed separately
35654,merchandise,VINTAGE BEAD FILLED PINK CUSHION,5,Descriptive catalogue item on positive numeric invoice before cutoff; exception codes reviewed separately
35751A,unresolved,,0,No descriptive positive-purchase evidence before cutoff
35751C,merchandise,PURPLE CURRENT CANDLE RING,2,Descriptive catalogue item on positive numeric invoice before cutoff; exception codes reviewed separately
35751D,merchandise,PINK CURRENT CANDLE RING,1,Descriptive catalogue item on positive numeric invoice before cutoff; exception codes reviewed separately
35763,unresolved,,0,No descriptive positive-purchase evidence before cutoff
35793,merchandise,S/3 PUPPIES CHRISTMAS DECORATIONS,16,Descriptive catalogue item on positive numeric invoice before cutoff; exception codes reviewed separately
35794,unresolved,,0,No descriptive positive-purchase evidence before cutoff
35809A,merchandise,ENAMEL PINK TEA CONTAINER,191,Descriptive catalogue item on positive numeric invoice before cutoff; exception codes reviewed separately
35809B,merchandise,ENAMEL BLUE RIM TEA CONTAINER,33,Descriptive catalogue item on positive numeric invoice before cutoff; exception codes reviewed separately
35810A,merchandise,ENAMEL PINK COFFEE CONTAINER,173,Descriptive catalogue item on positive numeric invoice before cutoff; exception codes reviewed separately
35810B,merchandise,ENAMEL BLUE RIM COFFEE CONTAINER,69,Descriptive catalogue item on positive numeric invoice before cutoff; exception codes reviewed separately
35811A,merchandise,ENAMEL PINK SUGAR CONTAINER,84,Descriptive catalogue item on positive numeric invoice before cutoff; exception codes reviewed separately
35813A,unresolved,,0,No descriptive positive-purchase evidence before cutoff
35815B,merchandise,"ACRYLIC JEWEL SNOWFLAKE,BLUE",3,Descriptive catalogue item on positive numeric invoice before cutoff; exception codes reviewed separately
35815P,merchandise,"ACRYLIC JEWEL SNOWFLAKE, PINK",7,Descriptive catalogue item on positive numeric invoice before cutoff; exception codes reviewed separately
35816B,merchandise,"ACRYLIC JEWEL ANGEL,BLUE",3,Descriptive catalogue item on positive numeric invoice before cutoff; exception codes reviewed separately
35816P,merchandise,"ACRYLIC JEWEL ANGEL,PINK",9,Descriptive catalogue item on positive numeric invoice before cutoff; exception codes reviewed separately
35817B,merchandise,"ACRYLIC JEWEL SNOWFLAKE,BLUE",3,Descriptive catalogue item on positive numeric invoice before cutoff; exception codes reviewed separately
35817P,merchandise,"ACRYLIC JEWEL SNOWFLAKE,PINK",10,Descriptive catalogue item on positive numeric invoice before cutoff; exception codes reviewed separately
35818B,merchandise,"ACRYLIC JEWEL ICICLE, BLUE",11,Descriptive catalogue item on positive numeric invoice before cutoff; exception codes reviewed separately
35818C,merchandise,"ACRYLIC JEWEL ICICLE, CLEAR",1,Descriptive catalogue item on positive numeric invoice before cutoff; exception codes reviewed separately
35818P,merchandise,"ACRYLIC JEWEL ICICLE, PINK",26,Descriptive catalogue item on positive numeric invoice before cutoff; exception codes reviewed separately
35819B,merchandise,"ACRYLIC HANGING JEWEL,BLUE",37,Descriptive catalogue item on positive numeric invoice before cutoff; exception codes reviewed separately
35819P,merchandise,"ACRYLIC HANGING JEWEL,PINK",7,Descriptive catalogue item on positive numeric invoice before cutoff; exception codes reviewed separately
35821B,merchandise,"JEWELLED DECORATION,BLUE",3,Descriptive catalogue item on positive numeric invoice before cutoff; exception codes reviewed separately
35821P,merchandise,"JEWELLED DECORATION,PINK",2,Descriptive catalogue item on positive numeric invoice before cutoff; exception codes reviewed separately
35822B,merchandise,"ACRYLIC BEAD CHAIN, BLUE",1,Descriptive catalogue item on positive numeric invoice before cutoff; exception codes reviewed separately
35822P,merchandise,"ACRYLIC BEAD CHAIN, PINK",1,Descriptive catalogue item on positive numeric invoice before cutoff; exception codes reviewed separately
35823P,merchandise,"ACRYLIC BEAD GARLAND,PINK",2,Descriptive catalogue item on positive numeric invoice before cutoff; exception codes reviewed separately
35824B,merchandise,"HANGING FLOWERS+MIRROR,BLUE",6,Descriptive catalogue item on positive numeric invoice before cutoff; exception codes reviewed separately
35824C,merchandise,"HANGING FLOWERS+MIRROR,CLEAR",8,Descriptive catalogue item on positive numeric invoice before cutoff; exception codes reviewed separately
35824P,merchandise,"HANGING FLOWERS+MIRROR,PINK",3,Descriptive catalogue item on positive numeric invoice before cutoff; exception codes reviewed separately
35832,merchandise,WOOLLY HAT SOCK GLOVE ADVENT STRING,192,Descriptive catalogue item on positive numeric invoice before cutoff; exception codes reviewed separately
35833G,merchandise,4 GOLD FLOCK CHRISTMAS BALLS,35,Descriptive catalogue item on positive numeric invoice before cutoff; exception codes reviewed separately
35833P,merchandise,4 PINK FLOCK CHRISTMAS BALLS,69,Descriptive catalogue item on positive numeric invoice before cutoff; exception codes reviewed separately
35837,merchandise,SET OF SIX SILVER+RED FLOCK BAUBLES,1,Descriptive catalogue item on positive numeric invoice before cutoff; exception codes reviewed separately
35838A,merchandise,S/6 MULTICOLOUR ORNAMENETAL CANDLE,21,Descriptive catalogue item on positive numeric invoice before cutoff; exception codes reviewed separately
35838B,merchandise,S/6 SILVER ORNAMENETAL CANDLE,25,Descriptive catalogue item on positive numeric invoice before cutoff; exception codes reviewed separately
35839,unresolved,,0,No descriptive positive-purchase evidence before cutoff
35840,merchandise,FLAT GLASS  BAUBLE WHITE FLOCK,11,Descriptive catalogue item on positive numeric invoice before cutoff; exception codes reviewed separately
35900,unresolved,,0,No descriptive positive-purchase evidence before cutoff
35908C,unresolved,,0,No descriptive positive-purchase evidence before cutoff
35909A,merchandise,RABBIT EASTER DECORATION,5,Descriptive catalogue item on positive numeric invoice before cutoff; exception codes reviewed separately
35909B,merchandise,PINK FLOWERS RABBIT EASTER,7,Descriptive catalogue item on positive numeric invoice before cutoff; exception codes reviewed separately
35910A,merchandise,MULTICOLOUR EASTER RABBIT,13,Descriptive catalogue item on positive numeric invoice before cutoff; exception codes reviewed separately
35910B,merchandise,PINK FLOWERS RABBIT EASTER,8,Descriptive catalogue item on positive numeric invoice before cutoff; exception codes reviewed separately
35911A,merchandise,MULTICOLOUR RABBIT EGG WARMER,98,Descriptive catalogue item on positive numeric invoice before cutoff; exception codes reviewed separately
35911B,merchandise,PINK/FLOWER RABBIT EGG WARMER,24,Descriptive catalogue item on positive numeric invoice before cutoff; exception codes reviewed separately
35912B,merchandise,WHITE/PINK CHICK DECORATION,31,Descriptive catalogue item on positive numeric invoice before cutoff; exception codes reviewed separately
35913B,merchandise,WHITE/PINK CHICK EASTER DECORATION,27,Descriptive catalogue item on positive numeric invoice before cutoff; exception codes reviewed separately
35914,merchandise,PINK CHICK EGG WARMER + EGG CUP,60,Descriptive catalogue item on positive numeric invoice before cutoff; exception codes reviewed separately
35915A,merchandise,CREAM KNITTED HEN,1,Descriptive catalogue item on positive numeric invoice before cutoff; exception codes reviewed separately
35915B,merchandise,BLUE KNITTED HEN,70,Descriptive catalogue item on positive numeric invoice before cutoff; exception codes reviewed separately
35915C,merchandise,PEACH KNITTED HEN,82,Descriptive catalogue item on positive numeric invoice before cutoff; exception codes reviewed separately
35916A,merchandise,YELLOW FELT HANGING HEART W FLOWER,46,Descriptive catalogue item on positive numeric invoice before cutoff; exception codes reviewed separately
35916B,merchandise,BLUE FELT HANGING HEART WITH FLOWER,30,Descriptive catalogue item on positive numeric invoice before cutoff; exception codes reviewed separately
35916C,merchandise,PINK FELT HANGING HEART W FLOWER,44,Descriptive catalogue item on positive numeric invoice before cutoff; exception codes reviewed separately
35918B,merchandise,BLUE FLORIBUNDA EGG WARMER,5,Descriptive catalogue item on positive numeric invoice before cutoff; exception codes reviewed separately
35920,merchandise,FOUR RABBIT EASTER DECORATIONS,24,Descriptive catalogue item on positive numeric invoice before cutoff; exception codes reviewed separately
35921,merchandise,EASTER BUNNY HANGING GARLAND,50,Descriptive catalogue item on positive numeric invoice before cutoff; exception codes reviewed separately
35922,merchandise,EASTER BUNNY WREATH,36,Descriptive catalogue item on positive numeric invoice before cutoff; exception codes reviewed separately
35923,merchandise,CANDY HEART HANGING DECORATION,113,Descriptive catalogue item on positive numeric invoice before cutoff; exception codes reviewed separately
35924,merchandise,HANGING FAIRY CAKE DECORATION,197,Descriptive catalogue item on positive numeric invoice before cutoff; exception codes reviewed separately
35925,unresolved,,0,No descriptive positive-purchase evidence before cutoff
35926,unresolved,,0,No descriptive positive-purchase evidence before cutoff
35930,merchandise,PINK HEART CHRISTMAS DECORATION,1,Descriptive catalogue item on positive numeric invoice before cutoff; exception codes reviewed separately
35931,merchandise,PINK STAR CHRISTMAS DECORATION,15,Descriptive catalogue item on positive numeric invoice before cutoff; exception codes reviewed separately
35932,merchandise,PINK CHRISTMAS TREE DECORATION,10,Descriptive catalogue item on positive numeric invoice before cutoff; exception codes reviewed separately
35933,merchandise,PINK STOCKING CHRISTMAS DECORATION,28,Descriptive catalogue item on positive numeric invoice before cutoff; exception codes reviewed separately
35935,unresolved,,0,No descriptive positive-purchase evidence before cutoff
35936,merchandise,CERISE+GOLD CHRISTMAS TREE DEC,9,Descriptive catalogue item on positive numeric invoice before cutoff; exception codes reviewed separately
35937,merchandise,CERISE+GOLD CHRISTMAS STOCKING DEC,17,Descriptive catalogue item on positive numeric invoice before cutoff; exception codes reviewed separately
35940,unresolved,,0,No descriptive positive-purchase evidence before cutoff
35941,unresolved,,0,No descriptive positive-purchase evidence before cutoff
35945,merchandise,GOLD CHRISTMAS STOCKING DECORATION,1,Descriptive catalogue item on positive numeric invoice before cutoff; exception codes reviewed separately
35948,unresolved,,0,No descriptive positive-purchase evidence before cutoff
35949,unresolved,,0,No descriptive positive-purchase evidence before cutoff
35950,merchandise,FOLKART HEART CHRISTMAS DECORATIONS,1,Descriptive catalogue item on positive numeric invoice before cutoff; exception codes reviewed separately
35951,merchandise,FOLKART BAUBLE CHRISTMAS DECORATION,46,Descriptive catalogue item on positive numeric invoice before cutoff; exception codes reviewed separately
35953,merchandise,FOLKART STAR CHRISTMAS DECORATIONS,153,Descriptive catalogue item on positive numeric invoice before cutoff; exception codes reviewed separately
35954,merchandise,SMALL FOLKART STAR CHRISTMAS DEC,127,Descriptive catalogue item on positive numeric invoice before cutoff; exception codes reviewed separately
35955,merchandise,SMALL FOLKART CHRISTMAS TREE DEC,5,Descriptive catalogue item on positive numeric invoice before cutoff; exception codes reviewed separately
35956,unresolved,,0,No descriptive positive-purchase evidence before cutoff
35957,merchandise,SMALLFOLKART BAUBLE CHRISTMAS DEC,169,Descriptive catalogue item on positive numeric invoice before cutoff; exception codes reviewed separately
35958,merchandise,FOLKART ZINC STAR CHRISTMAS DEC,88,Descriptive catalogue item on positive numeric invoice before cutoff; exception codes reviewed separately
35960,unresolved,,0,No descriptive positive-purchase evidence before cutoff
35961,merchandise,FOLKART ZINC HEART CHRISTMAS DEC,658,Descriptive catalogue item on positive numeric invoice before cutoff; exception codes reviewed separately
35962,merchandise,12 ASS ZINC CHRISTMAS DECORATIONS,80,Descriptive catalogue item on positive numeric invoice before cutoff; exception codes reviewed separately
35963,merchandise,FOLKART ZINC CLIP ON ANGEL WINGS,16,Descriptive catalogue item on positive numeric invoice before cutoff; exception codes reviewed separately
35964,merchandise,FOLKART CLIP ON STARS,122,Descriptive catalogue item on positive numeric invoice before cutoff; exception codes reviewed separately
35965,merchandise,FOLKART HEART NAPKIN RINGS,183,Descriptive catalogue item on positive numeric invoice before cutoff; exception codes reviewed separately
35966,merchandise,FOLKART CHRISTMAS TREE T-LIGHT HOLD,26,Descriptive catalogue item on positive numeric invoice before cutoff; exception codes reviewed separately
35967,merchandise,FOLK ART METAL STAR T-LIGHT HOLDER,109,Descriptive catalogue item on positive numeric invoice before cutoff; exception codes reviewed separately
35968,merchandise,FOLK ART METAL HEART T-LIGHT HOLDER,78,Descriptive catalogue item on positive numeric invoice before cutoff; exception codes reviewed separately
35969,merchandise,FOLKART CROWN TABLE DECORATIONS,78,Descriptive catalogue item on positive numeric invoice before cutoff; exception codes reviewed separately
35970,merchandise,ZINC FOLKART SLEIGH BELLS,681,Descriptive catalogue item on positive numeric invoice before cutoff; exception codes reviewed separately
35971,merchandise,ROSE FOLKART HEART DECORATIONS,231,Descriptive catalogue item on positive numeric invoice before cutoff; exception codes reviewed separately
35972,merchandise,DAISY FOLKART HEART DECORATION,88,Descriptive catalogue item on positive numeric invoice before cutoff; exception codes reviewed separately
35973,merchandise,GERANIUM FOLKART HEART DECORATION,18,Descriptive catalogue item on positive numeric invoice before cutoff; exception codes reviewed separately
35974,merchandise,S/6 CHRISTMAS TREE PLACE SETTING,1,Descriptive catalogue item on positive numeric invoice before cutoff; exception codes reviewed separately
35975A,unresolved,,0,No descriptive positive-purchase evidence before cutoff
35975B,unresolved,,0,No descriptive positive-purchase evidence before cutoff
35976B,merchandise,WHITE SCANDINAVIAN HEART CHRISTMAS,1,Descriptive catalogue item on positive numeric invoice before cutoff; exception codes reviewed separately
35977B,unresolved,,0,No descriptive positive-purchase evidence before cutoff
35978,unresolved,,0,No descriptive positive-purchase evidence before cutoff
35979,merchandise,SIX STRING SCANDINAVIAN HEART DECS,28,Descriptive catalogue item on positive numeric invoice before cutoff; exception codes reviewed separately
35980A,unresolved,,0,No descriptive positive-purchase evidence before cutoff
35980B,merchandise,RED TOP SCANDINAVIAN HEART,2,Descriptive catalogue item on positive numeric invoice before cutoff; exception codes reviewed separately
35980C,merchandise,REDWHITE STRIPE SCANDINAVIAN HEART,32,Descriptive catalogue item on positive numeric invoice before cutoff; exception codes reviewed separately
35981C,merchandise,WHITE SNOW SCANDINAVIAN STOCKING,73,Descriptive catalogue item on positive numeric invoice before cutoff; exception codes reviewed separately
35983,unresolved,,0,No descriptive positive-purchase evidence before cutoff
35990,unresolved,,0,No descriptive positive-purchase evidence before cutoff
35991,merchandise,SET/6 BLACK SNOWFLAKE T-LIGHTS,57,Descriptive catalogue item on positive numeric invoice before cutoff; exception codes reviewed separately
35992,unresolved,,0,No descriptive positive-purchase evidence before cutoff
35993,unresolved,,0,No descriptive positive-purchase evidence before cutoff
35994,unresolved,,0,No descriptive positive-purchase evidence before cutoff
35995,merchandise,SET/6 BLACK GLITTER REINDEER CANDLE,5,Descriptive catalogue item on positive numeric invoice before cutoff; exception codes reviewed separately
35999,merchandise,S/6 SCANDINAVIAN HEART T-LIGHT,1,Descriptive catalogue item on positive numeric invoice before cutoff; exception codes reviewed separately
37112,merchandise,YELLOW BIRDS FELT DES FOODCOVER,6,Descriptive catalogue item on positive numeric invoice before cutoff; exception codes reviewed separately
37326,merchandise,FAIRY DESIGN MUGS,3,Descriptive catalogue item on positive numeric invoice before cutoff; exception codes reviewed separately
37327,merchandise,ASSTD MULTICOLOUR CIRCLES MUG,93,Descriptive catalogue item on positive numeric invoice before cutoff; exception codes reviewed separately
37330,merchandise,SPOTS MUG,21,Descriptive catalogue item on positive numeric invoice before cutoff; exception codes reviewed separately
37333,merchandise,"RETRO ""TEA FOR ONE""",61,Descriptive catalogue item on positive numeric invoice before cutoff; exception codes reviewed separately
37340,merchandise,MULTICOLOUR SPRING FLOWER MUG,206,Descriptive catalogue item on positive numeric invoice before cutoff; exception codes reviewed separately
37342,merchandise,POLKADOT COFFEE CUP & SAUCER PINK,118,Descriptive catalogue item on positive numeric invoice before cutoff; exception codes reviewed separately
37343,merchandise,SPOTS DESIGN MUG W PINK INSIDE,75,Descriptive catalogue item on positive numeric invoice before cutoff; exception codes reviewed separately
37345,merchandise,ASSTD HEARTS DESIGN MUGS,9,Descriptive catalogue item on positive numeric invoice before cutoff; exception codes reviewed separately
37348,merchandise,SET OF 4 PASTEL STACKING MUGS,7,Descriptive catalogue item on positive numeric invoice before cutoff; exception codes reviewed separately
37350,unresolved,,0,No descriptive positive-purchase evidence before cutoff
37351,merchandise,ORANGE FLOWER MUG,11,Descriptive catalogue item on positive numeric invoice before cutoff; exception codes reviewed separately
37352,merchandise,BIRD IN TREE MUG,8,Descriptive catalogue item on positive numeric invoice before cutoff; exception codes reviewed separately
37353,unresolved,,0,No descriptive positive-purchase evidence before cutoff
37365Y,unresolved,,0,No descriptive positive-purchase evidence before cutoff
37370,merchandise,RETRO COFFEE MUGS ASSORTED,561,Descriptive catalogue item on positive numeric invoice before cutoff; exception codes reviewed separately
37379A,merchandise,PINK CHERRY BLOSSOM CUP & SAUCER,16,Descriptive catalogue item on positive numeric invoice before cutoff; exception codes reviewed separately
37379B,merchandise,BLUE CHERRY BLOSSOM CUP & SAUCER,3,Descriptive catalogue item on positive numeric invoice before cutoff; exception codes reviewed separately
37399,merchandise,"ASS RETROSPOOF MUGS,SPORTS",6,Descriptive catalogue item on positive numeric invoice before cutoff; exception codes reviewed separately
37408,merchandise,ASSORTED DESIGN GEISHA GIRL MUGS,1,Descriptive catalogue item on positive numeric invoice before cutoff; exception codes reviewed separately
37409,merchandise,ASSORTED DESIGN FLOWER MUGS,4,Descriptive catalogue item on positive numeric invoice before cutoff; exception codes reviewed separately
37410,merchandise,BLACK AND WHITE PAISLEY FLOWER MUG,33,Descriptive catalogue item on positive numeric invoice before cutoff; exception codes reviewed separately
37413,merchandise,ICON MUG REVOLUTIONARY,77,Descriptive catalogue item on positive numeric invoice before cutoff; exception codes reviewed separately
37422,merchandise,WHITE WITH BLACK CATS BOWL,73,Descriptive catalogue item on positive numeric invoice before cutoff; exception codes reviewed separately
37423,merchandise,WHITE WITH BLACK CATS PLATE,70,Descriptive catalogue item on positive numeric invoice before cutoff; exception codes reviewed separately
37424,merchandise,WHITE WITH BLACK CATS MUG,110,Descriptive catalogue item on positive numeric invoice before cutoff; exception codes reviewed separately
37432,merchandise,MUG PINK AND PURPLE ARABIC DESIGN,1,Descriptive catalogue item on positive numeric invoice before cutoff; exception codes reviewed separately
37438,merchandise,FUNKY FLOWER COFFEE POT,2,Descriptive catalogue item on positive numeric invoice before cutoff; exception codes reviewed separately
37441,merchandise,ASSORTED WHITE EMBOSSED CHINA MUGS,55,Descriptive catalogue item on positive numeric invoice before cutoff; exception codes reviewed separately
37444A,merchandise,YELLOW BREAKFAST CUP AND SAUCER,49,Descriptive catalogue item on positive numeric invoice before cutoff; exception codes reviewed separately
37444B,merchandise,BLUE BREAKFAST CUP AND SAUCER,29,Descriptive catalogue item on positive numeric invoice before cutoff; exception codes reviewed separately
37444C,merchandise,PINK BREAKFAST CUP AND SAUCER,59,Descriptive catalogue item on positive numeric invoice before cutoff; exception codes reviewed separately
37445A,unresolved,,0,No descriptive positive-purchase evidence before cutoff
37445C,unresolved,,0,No descriptive positive-purchase evidence before cutoff
37445D,unresolved,,0,No descriptive positive-purchase evidence before cutoff
37446,merchandise,MINI CAKE STAND WITH HANGING CAKES,431,Descriptive catalogue item on positive numeric invoice before cutoff; exception codes reviewed separately
37447,merchandise,CERAMIC CAKE DESIGN SPOTTED PLATE,371,Descriptive catalogue item on positive numeric invoice before cutoff; exception codes reviewed separately
37448,merchandise,CERAMIC CAKE DESIGN SPOTTED MUG,560,Descriptive catalogue item on positive numeric invoice before cutoff; exception codes reviewed separately
37449,merchandise,CERAMIC CAKE STAND + HANGING CAKES,492,Descriptive catalogue item on positive numeric invoice before cutoff; exception codes reviewed separately
37450,merchandise,CERAMIC CAKE BOWL + HANGING CAKES,409,Descriptive catalogue item on positive numeric invoice before cutoff; exception codes reviewed separately
37451,merchandise,CERAMIC CAKE TEAPOT WITH CHERRY,1,Descriptive catalogue item on positive numeric invoice before cutoff; exception codes reviewed separately
37452A,unresolved,,0,No descriptive positive-purchase evidence before cutoff
37452B,unresolved,,0,No descriptive positive-purchase evidence before cutoff
37461,merchandise,FUNKY MONKEY MUG,97,Descriptive catalogue item on positive numeric invoice before cutoff; exception codes reviewed separately
37462B,merchandise,"PET MUG, BUDGIE",32,Descriptive catalogue item on positive numeric invoice before cutoff; exception codes reviewed separately
37462E,merchandise,"PET MUG, GOLDFISH",29,Descriptive catalogue item on positive numeric invoice before cutoff; exception codes reviewed separately
37464,merchandise,ROBOT MUG IN DISPLAY BOX,84,Descriptive catalogue item on positive numeric invoice before cutoff; exception codes reviewed separately
37467,merchandise,PIG MUG IN TWO COLOUR DESIGNS,66,Descriptive catalogue item on positive numeric invoice before cutoff; exception codes reviewed separately
37468,merchandise,HARDMAN MUG 3 ASSORTED,15,Descriptive catalogue item on positive numeric invoice before cutoff; exception codes reviewed separately
37471,merchandise,MULTICOLOUR DOTS PLATE,6,Descriptive catalogue item on positive numeric invoice before cutoff; exception codes reviewed separately
37474,merchandise,SET/4 2 TONE EGG SHAPE MIXING BOWLS,47,Descriptive catalogue item on positive numeric invoice before cutoff; exception codes reviewed separately
37475,merchandise,SET/4 COLOURFUL MIXING BOWLS,72,Descriptive catalogue item on positive numeric invoice before cutoff; exception codes reviewed separately
37476,merchandise,CONDIMENT TRAY 4 BOWLS AND 4 SPOONS,81,Descriptive catalogue item on positive numeric invoice before cutoff; exception codes reviewed separately
37477B,merchandise,"FLOWER FAIRY MUG+COASTER,LAVENDER",14,Descriptive catalogue item on positive numeric invoice before cutoff; exception codes reviewed separately
37477C,merchandise,"FLOWER FAIRY MUG+COASTER,ROSE",1,Descriptive catalogue item on positive numeric invoice before cutoff; exception codes reviewed separately
37477D,unresolved,,0,No descriptive positive-purchase evidence before cutoff
37479B,merchandise,CUBIC MUG FLOCK BLUE ON BROWN,34,Descriptive catalogue item on positive numeric invoice before cutoff; exception codes reviewed separately
37479P,merchandise,CUBIC MUG FLOCK PINK ON BROWN,38,Descriptive catalogue item on positive numeric invoice before cutoff; exception codes reviewed separately
37481,merchandise,CUBIC MUG TEATIME CAKES,1,Descriptive catalogue item on positive numeric invoice before cutoff; exception codes reviewed separately
37482B,merchandise,CUBIC MUG BLUE POLKA DOT,10,Descriptive catalogue item on positive numeric invoice before cutoff; exception codes reviewed separately
37482P,merchandise,CUBIC MUG PINK POLKADOT,60,Descriptive catalogue item on positive numeric invoice before cutoff; exception codes reviewed separately
37483,merchandise,ENGLISH ROSE MUG IN GIFT BOX,13,Descriptive catalogue item on positive numeric invoice before cutoff; exception codes reviewed separately
37484,merchandise,ENGLISH ROSE TEA FOR ONE GIFT BOX,1,Descriptive catalogue item on positive numeric invoice before cutoff; exception codes reviewed separately
37485,merchandise,ENGLISH ROSE TEA SET IN GIFT BOX,16,Descriptive catalogue item on positive numeric invoice before cutoff; exception codes reviewed separately
37487B,merchandise,YELLOW/ORANGE FLOWER DESIGN PLATE,2,Descriptive catalogue item on positive numeric invoice before cutoff; exception codes reviewed separately
37488A,merchandise,YELLOW PINK FLOWER DESIGN BIG BOWL,5,Descriptive catalogue item on positive numeric invoice before cutoff; exception codes reviewed separately
37489A,merchandise,YELLOW/PINK FLOWER DESIGN BIG MUG,26,Descriptive catalogue item on positive numeric invoice before cutoff; exception codes reviewed separately
37489B,merchandise,BLUE/YELLOW FLOWER DESIGN BIG MUG,18,Descriptive catalogue item on positive numeric invoice before cutoff; exception codes reviewed separately
37489C,merchandise,GREEN/BLUE FLOWER DESIGN BIG MUG,14,Descriptive catalogue item on positive numeric invoice before cutoff; exception codes reviewed separately
37489D,merchandise,PINK/GREEN FLOWER DESIGN BIG MUG,21,Descriptive catalogue item on positive numeric invoice before cutoff; exception codes reviewed separately
37490C,unresolved,,0,No descriptive positive-purchase evidence before cutoff
37490D,unresolved,,0,No descriptive positive-purchase evidence before cutoff
37491A,merchandise,YELLOW/PINK CERAMIC CANDLE HOLDER,14,Descriptive catalogue item on positive numeric invoice before cutoff; exception codes reviewed separately
37491B,merchandise,BLUE/YELLOW CERAMIC CANDLE HOLDER,8,Descriptive catalogue item on positive numeric invoice before cutoff; exception codes reviewed separately
37491C,merchandise,GREEN/BLUE CERAMIC CANDLE HOLDER,11,Descriptive catalogue item on positive numeric invoice before cutoff; exception codes reviewed separately
37491D,merchandise,PURPLE/BLUE CERAMIC CANDLE HOLDER,13,Descriptive catalogue item on positive numeric invoice before cutoff; exception codes reviewed separately
37492A,merchandise,YELLOW RED FLOWER PIGGY BANK,11,Descriptive catalogue item on positive numeric invoice before cutoff; exception codes reviewed separately
37492B,merchandise,BLUE YELLOW FLOWER PIGGY BANK,44,Descriptive catalogue item on positive numeric invoice before cutoff; exception codes reviewed separately
37492C,merchandise,GREEN BLUE FLOWER PIGGY BANK,25,Descriptive catalogue item on positive numeric invoice before cutoff; exception codes reviewed separately
37492D,merchandise,PURPLE GREEN FLOWER PIGGY BANK,26,Descriptive catalogue item on positive numeric invoice before cutoff; exception codes reviewed separately
37493B,unresolved,,0,No descriptive positive-purchase evidence before cutoff
37493C,unresolved,,0,No descriptive positive-purchase evidence before cutoff
37493D,unresolved,,0,No descriptive positive-purchase evidence before cutoff
37494A,merchandise,FAIRY CAKE CERAMIC BUTTER DISH,55,Descriptive catalogue item on positive numeric invoice before cutoff; exception codes reviewed separately
37495,merchandise,FAIRY CAKE BIRTHDAY CANDLE SET,336,Descriptive catalogue item on positive numeric invoice before cutoff; exception codes reviewed separately
37500,merchandise,TEA TIME TEAPOT IN GIFT BOX,260,Descriptive catalogue item on positive numeric invoice before cutoff; exception codes reviewed separately
37501,merchandise,TEA TIME TEA SET IN GIFT BOX,183,Descriptive catalogue item on positive numeric invoice before cutoff; exception codes reviewed separately
37502,merchandise,TEA TIME MUG IN GIFT BOX,176,Descriptive catalogue item on positive numeric invoice before cutoff; exception codes reviewed separately
37503,merchandise,TEA TIME CAKE STAND IN GIFT BOX,526,Descriptive catalogue item on positive numeric invoice before cutoff; exception codes reviewed separately
37504,unresolved,,0,No descriptive positive-purchase evidence before cutoff
37506,merchandise,NEW ENGLAND MILK JUG W GIFT BOX,27,Descriptive catalogue item on positive numeric invoice before cutoff; exception codes reviewed separately
37508,merchandise,NEW ENGLAND CERAMIC CAKE SERVER,48,Descriptive catalogue item on positive numeric invoice before cutoff; exception codes reviewed separately
37509,merchandise,NEW ENGLAND MUG W GIFT BOX,17,Descriptive catalogue item on positive numeric invoice before cutoff; exception codes reviewed separately
40001,merchandise,WHITE BAMBOO RIBS LAMPSHADE,125,Descriptive catalogue item on positive numeric invoice before cutoff; exception codes reviewed separately
40002,merchandise,WHITE BAMBOO RIBS LAMPSHADE,1,Descriptive catalogue item on positive numeric invoice before cutoff; exception codes reviewed separately
40003,merchandise,WHITE BAMBOO RIBS LAMPSHADE,61,Descriptive catalogue item on positive numeric invoice before cutoff; exception codes reviewed separately
40005B,merchandise,BLUE ORGANDY ROUND LAMPSHADE W BEA,15,Descriptive catalogue item on positive numeric invoice before cutoff; exception codes reviewed separately
40016,merchandise,CHINESE DRAGON PAPER LANTERNS,252,Descriptive catalogue item on positive numeric invoice before cutoff; exception codes reviewed separately
40018E,merchandise,TEA TIME PAPER LANTERNS,83,Descriptive catalogue item on positive numeric invoice before cutoff; exception codes reviewed separately
40018F,merchandise,CHERRY DESIGN PAPERLANTERNS,120,Descriptive catalogue item on positive numeric invoice before cutoff; exception codes reviewed separately
40046A,merchandise,RED DAISY PAPER LAMPSHADE,62,Descriptive catalogue item on positive numeric invoice before cutoff; exception codes reviewed separately
40046C,merchandise,PINK BUTTERFLY PAPER LAMPSHADE,3,Descriptive catalogue item on positive numeric invoice before cutoff; exception codes reviewed separately
44089A,merchandise,PINK GAUZE BUTTERFLY LAMPSHADE,13,Descriptive catalogue item on positive numeric invoice before cutoff; exception codes reviewed separately
44089C,merchandise,LILAC GAUZE BUTTERFLY LAMPSHADE,18,Descriptive catalogue item on positive numeric invoice before cutoff; exception codes reviewed separately
44091A,merchandise,BLUE CRUSOE CHECK LAMPSHADE,7,Descriptive catalogue item on positive numeric invoice before cutoff; exception codes reviewed separately
44091C,merchandise,MULTICOLOUR CRUSOE CHECK LAMPSHADE,17,Descriptive catalogue item on positive numeric invoice before cutoff; exception codes reviewed separately
44092B,merchandise,BLUE WHITE PLASTIC RINGS LAMPSHADE,6,Descriptive catalogue item on positive numeric invoice before cutoff; exception codes reviewed separately
44092C,merchandise,PURPLE/COPPER HANGING LAMPSHADE,12,Descriptive catalogue item on positive numeric invoice before cutoff; exception codes reviewed separately
44217M,merchandise,MULTICOLOUR FEATHERS CURTAIN,3,Descriptive catalogue item on positive numeric invoice before cutoff; exception codes reviewed separately
44228,merchandise,CANNABIS LEAF BEAD CURTAIN,3,Descriptive catalogue item on positive numeric invoice before cutoff; exception codes reviewed separately
44230,merchandise,SQUARE MIRROR CURTAIN,53,Descriptive catalogue item on positive numeric invoice before cutoff; exception codes reviewed separately
44234,merchandise,ASSORTED CIRCULAR MOBILE,67,Descriptive catalogue item on positive numeric invoice before cutoff; exception codes reviewed separately
44235,merchandise,ASS COL CIRCLE MOBILE,19,Descriptive catalogue item on positive numeric invoice before cutoff; exception codes reviewed separately
44236,merchandise,PINK/PURPLE CIRCLE CURTAIN,13,Descriptive catalogue item on positive numeric invoice before cutoff; exception codes reviewed separately
44241C,merchandise,BLUE BUTTERFLY ON SPRING,8,Descriptive catalogue item on positive numeric invoice before cutoff; exception codes reviewed separately
44242A,merchandise,LILAC FEATHERS CURTAIN,2,Descriptive catalogue item on positive numeric invoice before cutoff; exception codes reviewed separately
44242B,merchandise,PINK FEATHERS CURTAIN,9,Descriptive catalogue item on positive numeric invoice before cutoff; exception codes reviewed separately
44242C,unresolved,,0,No descriptive positive-purchase evidence before cutoff
44265,merchandise,M/COLOUR POM-POM CURTAIN,4,Descriptive catalogue item on positive numeric invoice before cutoff; exception codes reviewed separately
44266F,unresolved,,0,No descriptive positive-purchase evidence before cutoff
44276,unresolved,,0,No descriptive positive-purchase evidence before cutoff
45007B,unresolved,,0,No descriptive positive-purchase evidence before cutoff
45008C,merchandise,DECORATIVE NET CANOPY CREAM,34,Descriptive catalogue item on positive numeric invoice before cutoff; exception codes reviewed separately
45008L,unresolved,,0,No descriptive positive-purchase evidence before cutoff
45013,merchandise,FOLDING SHOE TIDY,8,Descriptive catalogue item on positive numeric invoice before cutoff; exception codes reviewed separately
45014,merchandise,FOLDING SHIRT TIDY,1,Descriptive catalogue item on positive numeric invoice before cutoff; exception codes reviewed separately
45016,merchandise,DECORATIVE NET CANOPY LEOPARD,26,Descriptive catalogue item on positive numeric invoice before cutoff; exception codes reviewed separately
46000M,merchandise,POLYESTER FILLER PAD 45x45cm,353,Descriptive catalogue item on positive numeric invoice before cutoff; exception codes reviewed separately
46000P,merchandise,POLYESTER FILLER PAD 65CMx65CM,50,Descriptive catalogue item on positive numeric invoice before cutoff; exception codes reviewed separately
46000R,merchandise,POLYESTER FILLER PAD 45x30cm,63,Descriptive catalogue item on positive numeric invoice before cutoff; exception codes reviewed separately
46000S,merchandise,POLYESTER FILLER PAD 40x40cm,375,Descriptive catalogue item on positive numeric invoice before cutoff; exception codes reviewed separately
46000U,merchandise,POLYESTER FILLER PAD 30CMx30CM,50,Descriptive catalogue item on positive numeric invoice before cutoff; exception codes reviewed separately
46037A,merchandise,PINK CANVAS DES CUSHION COVER,2,Descriptive catalogue item on positive numeric invoice before cutoff; exception codes reviewed separately
46115B,merchandise,GREEN POP ART MAO CUSHION COVER,23,Descriptive catalogue item on positive numeric invoice before cutoff; exception codes reviewed separately
46118,merchandise,FUNKY MONKEY CUSHION COVER,69,Descriptive catalogue item on positive numeric invoice before cutoff; exception codes reviewed separately
46126A,merchandise,ELVIS WALLHANGING / CURTAIN,48,Descriptive catalogue item on positive numeric invoice before cutoff; exception codes reviewed separately
46137D,merchandise,GREEN CHENILLE SHAGGY RUG,4,Descriptive catalogue item on positive numeric invoice before cutoff; exception codes reviewed separately
46138B,merchandise,BLUE CHENILLE SHAGGY CUSHION COVER,25,Descriptive catalogue item on positive numeric invoice before cutoff; exception codes reviewed separately
46138D,merchandise,GREEN CHENILLE SHAGGY C/COVER,1,Descriptive catalogue item on positive numeric invoice before cutoff; exception codes reviewed separately
46307,merchandise,ROSES BLUE BASE CUSHION COVER,34,Descriptive catalogue item on positive numeric invoice before cutoff; exception codes reviewed separately
46775A,merchandise,BUBBLE GUM CHUNKY KNITTED THROW,32,Descriptive catalogue item on positive numeric invoice before cutoff; exception codes reviewed separately
46775B,merchandise,BERRIES CHUNKY KNITTED THROW,4,Descriptive catalogue item on positive numeric invoice before cutoff; exception codes reviewed separately
46775D,merchandise,SUNSET COLOUR CHUNKY KNITTED THROW,94,Descriptive catalogue item on positive numeric invoice before cutoff; exception codes reviewed separately
46775E,merchandise,CANDY POP CHUNKY KNITTED THROW,51,Descriptive catalogue item on positive numeric invoice before cutoff; exception codes reviewed separately
46776A,merchandise,WOVEN BUBBLE GUM CUSHION COVER,119,Descriptive catalogue item on positive numeric invoice before cutoff; exception codes reviewed separately
46776B,merchandise,WOVEN BERRIES CUSHION COVER,149,Descriptive catalogue item on positive numeric invoice before cutoff; exception codes reviewed separately
46776C,merchandise,WOVEN FROST CUSHION COVER,92,Descriptive catalogue item on positive numeric invoice before cutoff; exception codes reviewed separately
46776D,merchandise,WOVEN SUNSET CUSHION COVER,71,Descriptive catalogue item on positive numeric invoice before cutoff; exception codes reviewed separately
46776E,merchandise,WOVEN CANDY CUSHION COVER,79,Descriptive catalogue item on positive numeric invoice before cutoff; exception codes reviewed separately
46776F,merchandise,WOVEN ROSE GARDEN CUSHION COVER,150,Descriptive catalogue item on positive numeric invoice before cutoff; exception codes reviewed separately
47009,unresolved,,0,No descriptive positive-purchase evidence before cutoff
47013A,merchandise,WINE BOTTLE DRESSING LT.BLUE,25,Descriptive catalogue item on positive numeric invoice before cutoff; exception codes reviewed separately
47013C,merchandise,WINE BOTTLE DRESSING DARK BLUE,28,Descriptive catalogue item on positive numeric invoice before cutoff; exception codes reviewed separately
47016,merchandise,LIGHT DECORATION BATTERY OPERATED,5,Descriptive catalogue item on positive numeric invoice before cutoff; exception codes reviewed separately
47021G,merchandise,SET/6 BEAD COASTERS GAUZE BAG GOLD,73,Descriptive catalogue item on positive numeric invoice before cutoff; exception codes reviewed separately
47284V,unresolved,,0,No descriptive positive-purchase evidence before cutoff
47285B,unresolved,,0,No descriptive positive-purchase evidence before cutoff
47310M,merchandise,"SMALL POP BOX,FUNKY MONKEY",86,Descriptive catalogue item on positive numeric invoice before cutoff; exception codes reviewed separately
47340A,unresolved,,0,No descriptive positive-purchase evidence before cutoff
47340B,unresolved,,0,No descriptive positive-purchase evidence before cutoff
47341A,merchandise,FUSCHIA TABLE RUN FLOWER,7,Descriptive catalogue item on positive numeric invoice before cutoff; exception codes reviewed separately
47341B,merchandise,BLUE TABLE RUN FLOWER,14,Descriptive catalogue item on positive numeric invoice before cutoff; exception codes reviewed separately
47343A,merchandise,FUSCHIA FLOWER PURSE WITH BEADS,28,Descriptive catalogue item on positive numeric invoice before cutoff; exception codes reviewed separately
47344B,merchandise,BLUE FLOWER DES PURSE,10,Descriptive catalogue item on positive numeric invoice before cutoff; exception codes reviewed separately
47347A,unresolved,,0,No descriptive positive-purchase evidence before cutoff
47347B,merchandise,BLUE FLOWER T-LIGHT HOLDER,11,Descriptive catalogue item on positive numeric invoice before cutoff; exception codes reviewed separately
47348A,merchandise,FUSCHIA VOILE POINTY SHOE DEC,17,Descriptive catalogue item on positive numeric invoice before cutoff; exception codes reviewed separately
47351B,merchandise,BLUE  VOILE LAMPSHADE,14,Descriptive catalogue item on positive numeric invoice before cutoff; exception codes reviewed separately
47361,unresolved,,0,No descriptive positive-purchase evidence before cutoff
47367B,merchandise,PAIR PADDED HANGERS PINK CHECK,99,Descriptive catalogue item on positive numeric invoice before cutoff; exception codes reviewed separately
47369A,merchandise,PINK GREEN EMBROIDERY COSMETIC BAG,27,Descriptive catalogue item on positive numeric invoice before cutoff; exception codes reviewed separately
47369B,merchandise,BLUE GREEN EMBROIDERY COSMETIC BAG,32,Descriptive catalogue item on positive numeric invoice before cutoff; exception codes reviewed separately
47420,merchandise,ASSORTED COLOUR SUCTION CUP HOOK,38,Descriptive catalogue item on positive numeric invoice before cutoff; exception codes reviewed separately
47421,merchandise,ASSORTED COLOUR LIZARD SUCTION HOOK,85,Descriptive catalogue item on positive numeric invoice before cutoff; exception codes reviewed separately
47422,merchandise,ASSORTED MONKEY SUCTION CUP HOOK,84,Descriptive catalogue item on positive numeric invoice before cutoff; exception codes reviewed separately
47469,merchandise,ASSORTED SHAPES PHOTO CLIP SILVER,39,Descriptive catalogue item on positive numeric invoice before cutoff; exception codes reviewed separately
47471,merchandise,RAINBOW PEGS PHOTO CLIP STRING,67,Descriptive catalogue item on positive numeric invoice before cutoff; exception codes reviewed separately
47480,merchandise,HANGING PHOTO CLIP ROPE LADDER,147,Descriptive catalogue item on positive numeric invoice before cutoff; exception codes reviewed separately
47481,merchandise,50CM METAL STRING WITH  7 CLIPS,46,Descriptive catalogue item on positive numeric invoice before cutoff; exception codes reviewed separately
47502,merchandise,POLKADOT CUTLERY 24 PCS IN TRAY,79,Descriptive catalogue item on positive numeric invoice before cutoff; exception codes reviewed separately
47503A,merchandise,ASS FLORAL PRINT MULTI SCREWDRIVER,203,Descriptive catalogue item on positive numeric invoice before cutoff; exception codes reviewed separately
47503E,merchandise,ASS FLORAL PRINT SCISSORS,25,Descriptive catalogue item on positive numeric invoice before cutoff; exception codes reviewed separately
47503F,merchandise,ASS FLORAL PRINT TORCH,12,Descriptive catalogue item on positive numeric invoice before cutoff; exception codes reviewed separately
47503G,merchandise,ASS FLORAL PRINT TAPE MEASURE,36,Descriptive catalogue item on positive numeric invoice before cutoff; exception codes reviewed separately
47503H,merchandise,ASS FLORAL PRINT SPIRIT LEVEL,66,Descriptive catalogue item on positive numeric invoice before cutoff; exception codes reviewed separately
47503J,merchandise,SET/3 FLORAL GARDEN TOOLS IN BAG,78,Descriptive catalogue item on positive numeric invoice before cutoff; exception codes reviewed separately
47503K,merchandise,ASSORTED FLORAL SECATEURS,45,Descriptive catalogue item on positive numeric invoice before cutoff; exception codes reviewed separately
47504E,merchandise,ENGLISH ROSE SCISSORS,48,Descriptive catalogue item on positive numeric invoice before cutoff; exception codes reviewed separately
47504F,merchandise,ENGLISH ROSE TORCH,15,Descriptive catalogue item on positive numeric invoice before cutoff; exception codes reviewed separately
47504G,merchandise,ENGLISH ROSE TAPE MEASURE,58,Descriptive catalogue item on positive numeric invoice before cutoff; exception codes reviewed separately
47504H,merchandise,ENGLISH ROSE SPIRIT LEVEL,132,Descriptive catalogue item on positive numeric invoice before cutoff; exception codes reviewed separately
47504J,merchandise,ENGLISH ROSE SET/3 GARDEN TOOLS,4,Descriptive catalogue item on positive numeric invoice before cutoff; exception codes reviewed separately
47504K,merchandise,ENGLISH ROSE GARDEN SECATEURS,324,Descriptive catalogue item on positive numeric invoice before cutoff; exception codes reviewed separately
47505,merchandise,MINATURE COLOURED GARDENING SET,181,Descriptive catalogue item on positive numeric invoice before cutoff; exception codes reviewed separately
47518F,merchandise,ICON PLACEMAT POP ART ELVIS,43,Descriptive catalogue item on positive numeric invoice before cutoff; exception codes reviewed separately
47552A,merchandise,DOTS IRONING BOARD COVER,12,Descriptive catalogue item on positive numeric invoice before cutoff; exception codes reviewed separately
47554,merchandise,S/3 COLOURS FLOCK TEA TOWELS,1,Descriptive catalogue item on positive numeric invoice before cutoff; exception codes reviewed separately
47556,merchandise,SET/2 SPOTTY + ROSE TEA TOWELS,1,Descriptive catalogue item on positive numeric invoice before cutoff; exception codes reviewed separately
47556B,merchandise,TEA TIME TEA TOWELS,457,Descriptive catalogue item on positive numeric invoice before cutoff; exception codes reviewed separately
47559,unresolved,,0,No descriptive positive-purchase evidence before cutoff
47559B,merchandise,TEA TIME OVEN GLOVE,767,Descriptive catalogue item on positive numeric invoice before cutoff; exception codes reviewed separately
47562,merchandise,ENGLISH ROSE IRONING BOARD COVER,42,Descriptive catalogue item on positive numeric invoice before cutoff; exception codes reviewed separately
47563A,merchandise,RETRO LONGBOARD IRONING BOARD COVER,146,Descriptive catalogue item on positive numeric invoice before cutoff; exception codes reviewed separately
47563B,merchandise,WAVELINE SURF IRONING BOARD COVER,6,Descriptive catalogue item on positive numeric invoice before cutoff; exception codes reviewed separately
47565,unresolved,,0,No descriptive positive-purchase evidence before cutoff
47566,merchandise,PARTY BUNTING,2712,Descriptive catalogue item on positive numeric invoice before cutoff; exception codes reviewed separately
47566B,merchandise,TEA TIME PARTY BUNTING,899,Descriptive catalogue item on positive numeric invoice before cutoff; exception codes reviewed separately
47567,unresolved,,0,No descriptive positive-purchase evidence before cutoff
47567B,merchandise,TEA TIME KITCHEN APRON,373,Descriptive catalogue item on positive numeric invoice before cutoff; exception codes reviewed separately
47568,merchandise,ENGLISH ROSE DESIGN PEG BAG,416,Descriptive catalogue item on positive numeric invoice before cutoff; exception codes reviewed separately
47569,merchandise,ENGLISH ROSE DESIGN SHOPPING BAG,1,Descriptive catalogue item on positive numeric invoice before cutoff; exception codes reviewed separately
47570,merchandise,ENGLISH ROSE TABLE CLOTH,79,Descriptive catalogue item on positive numeric invoice before cutoff; exception codes reviewed separately
47570B,merchandise,TEA TIME TABLE CLOTH,240,Descriptive catalogue item on positive numeric invoice before cutoff; exception codes reviewed separately
47574A,merchandise,ENGLISH ROSE SCENTED HANGING FLOWER,133,Descriptive catalogue item on positive numeric invoice before cutoff; exception codes reviewed separately
47574B,merchandise,ENGLISH ROSE SCENTED HANGING HEART,29,Descriptive catalogue item on positive numeric invoice before cutoff; exception codes reviewed separately
47578A,merchandise,ENGLISH ROSE SMALL SCENTED FLOWER,78,Descriptive catalogue item on positive numeric invoice before cutoff; exception codes reviewed separately
47579,merchandise,TEA TIME BREAKFAST BASKET,57,Descriptive catalogue item on positive numeric invoice before cutoff; exception codes reviewed separately
47580,merchandise,TEA TIME DES TEA COSY,361,Descriptive catalogue item on positive numeric invoice before cutoff; exception codes reviewed separately
47581A,unresolved,,0,No descriptive positive-purchase evidence before cutoff
47581B,merchandise,FAIRY CAKE WICKER PICNIC BASKET,37,Descriptive catalogue item on positive numeric invoice before cutoff; exception codes reviewed separately
47583A,merchandise,SET OF 3 WICKER BASKET ROSE,6,Descriptive catalogue item on positive numeric invoice before cutoff; exception codes reviewed separately
47583B,merchandise,SET OF 3 WICKER BASKET TEA AND CAKE,6,Descriptive catalogue item on positive numeric invoice before cutoff; exception codes reviewed separately
47585A,merchandise,PINK FAIRY CAKE CUSHION COVER,149,Descriptive catalogue item on positive numeric invoice before cutoff; exception codes reviewed separately
47586A,merchandise,PINK FAIRY CAKE CUSHION COVER,32,Descriptive catalogue item on positive numeric invoice before cutoff; exception codes reviewed separately
47587A,merchandise,PINK FAIRY CAKE COASTER,26,Descriptive catalogue item on positive numeric invoice before cutoff; exception codes reviewed separately
47589,merchandise,CONGRATULATIONS BUNTING,79,Descriptive catalogue item on positive numeric invoice before cutoff; exception codes reviewed separately
47590A,merchandise,BLUE HAPPY BIRTHDAY BUNTING,698,Descriptive catalogue item on positive numeric invoice before cutoff; exception codes reviewed separately
47590B,merchandise,PINK HAPPY BIRTHDAY BUNTING,899,Descriptive catalogue item on positive numeric invoice before cutoff; exception codes reviewed separately
47591A,merchandise,CAROUSEL DES CHILD'S APRON,58,Descriptive catalogue item on positive numeric invoice before cutoff; exception codes reviewed separately
47591B,merchandise,SCOTTIES CHILDRENS APRON,200,Descriptive catalogue item on positive numeric invoice before cutoff; exception codes reviewed separately
47591C,merchandise,BLUE FAIRY CAKE CHILD'S APRON,158,Descriptive catalogue item on positive numeric invoice before cutoff; exception codes reviewed separately
47591D,merchandise,PINK FAIRY CAKE CHILDRENS APRON,847,Descriptive catalogue item on positive numeric invoice before cutoff; exception codes reviewed separately
47592A,merchandise,CAROUSEL DES CHILD'S OVERALL,74,Descriptive catalogue item on positive numeric invoice before cutoff; exception codes reviewed separately
47592B,merchandise,SCOTTIES DESIGN CHILD'S OVERALL,28,Descriptive catalogue item on positive numeric invoice before cutoff; exception codes reviewed separately
47593A,merchandise,CAROUSEL DESIGN BABY BIB,54,Descriptive catalogue item on positive numeric invoice before cutoff; exception codes reviewed separately
47593B,merchandise,SCOTTIE DOGS BABY BIB,308,Descriptive catalogue item on positive numeric invoice before cutoff; exception codes reviewed separately
47594A,merchandise,CAROUSEL DESIGN WASHBAG,108,Descriptive catalogue item on positive numeric invoice before cutoff; exception codes reviewed separately
47594B,merchandise,SCOTTIES DESIGN WASHBAG,124,Descriptive catalogue item on positive numeric invoice before cutoff; exception codes reviewed separately
47595B,unresolved,,0,No descriptive positive-purchase evidence before cutoff
47597,merchandise,NEW ENGLAND TEATOWELS,126,Descriptive catalogue item on positive numeric invoice before cutoff; exception codes reviewed separately
47598,merchandise,NEW ENGLAND EGG WARMER,32,Descriptive catalogue item on positive numeric invoice before cutoff; exception codes reviewed separately
47599A,merchandise,PINK PARTY BAGS,380,Descriptive catalogue item on positive numeric invoice before cutoff; exception codes reviewed separately
47599B,merchandise,BLUE PARTY BAGS,294,Descriptive catalogue item on positive numeric invoice before cutoff; exception codes reviewed separately
48103,merchandise,DOOR MAT KISS MY.......,8,Descriptive catalogue item on positive numeric invoice before cutoff; exception codes reviewed separately
48111,merchandise,DOORMAT 3 SMILEY CATS,456,Descriptive catalogue item on positive numeric invoice before cutoff; exception codes reviewed separately
48116,merchandise,DOORMAT MULTICOLOUR STRIPE,257,Descriptive catalogue item on positive numeric invoice before cutoff; exception codes reviewed separately
48129,merchandise,DOORMAT TOPIARY,340,Descriptive catalogue item on positive numeric invoice before cutoff; exception codes reviewed separately
48138,merchandise,DOORMAT UNION FLAG,1002,Descriptive catalogue item on positive numeric invoice before cutoff; exception codes reviewed separately
48169,unresolved,,0,No descriptive positive-purchase evidence before cutoff
48172,unresolved,,0,No descriptive positive-purchase evidence before cutoff
48173A,merchandise,DOOR MAT BLUE FLOCK,1,Descriptive catalogue item on positive numeric invoice before cutoff; exception codes reviewed separately
48173C,merchandise,DOORMAT BLACK FLOCK,356,Descriptive catalogue item on positive numeric invoice before cutoff; exception codes reviewed separately
48175,merchandise,DOOR MAT CAMOUFLAGE,2,Descriptive catalogue item on positive numeric invoice before cutoff; exception codes reviewed separately
48179,merchandise,DOOR MAT SWEET HOME,11,Descriptive catalogue item on positive numeric invoice before cutoff; exception codes reviewed separately
48184,merchandise,DOORMAT ENGLISH ROSE,528,Descriptive catalogue item on positive numeric invoice before cutoff; exception codes reviewed separately
48185,merchandise,DOORMAT FAIRY CAKE,612,Descriptive catalogue item on positive numeric invoice before cutoff; exception codes reviewed separately
48187,merchandise,DOORMAT NEW ENGLAND,831,Descriptive catalogue item on positive numeric invoice before cutoff; exception codes reviewed separately
48188,merchandise,DOORMAT WELCOME PUPPIES,435,Descriptive catalogue item on positive numeric invoice before cutoff; exception codes reviewed separately
48189,merchandise,DOOR MAT FRIENDSHIP,180,Descriptive catalogue item on positive numeric invoice before cutoff; exception codes reviewed separately
48194,merchandise,DOORMAT HEARTS,1043,Descriptive catalogue item on positive numeric invoice before cutoff; exception codes reviewed separately
48195,merchandise,DOOR MAT GREEN PAISLEY,87,Descriptive catalogue item on positive numeric invoice before cutoff; exception codes reviewed separately
48197,merchandise,DOOR MAT BIRD ON THE WIRE,202,Descriptive catalogue item on positive numeric invoice before cutoff; exception codes reviewed separately
49031B,unresolved,,0,No descriptive positive-purchase evidence before cutoff
51008,merchandise,AFGHAN SLIPPER SOCK PAIR,84,Descriptive catalogue item on positive numeric invoice before cutoff; exception codes reviewed separately
51012C,merchandise,"FEATHER DUSTER, COAL BLACK",28,Descriptive catalogue item on positive numeric invoice before cutoff; exception codes reviewed separately
51012L,merchandise,"FEATHER DUSTER, LIGHT PINK",6,Descriptive catalogue item on positive numeric invoice before cutoff; exception codes reviewed separately
51014A,merchandise,"FEATHER PEN,HOT PINK",369,Descriptive catalogue item on positive numeric invoice before cutoff; exception codes reviewed separately
51014C,merchandise,"FEATHER PEN,COAL BLACK",267,Descriptive catalogue item on positive numeric invoice before cutoff; exception codes reviewed separately
51014L,merchandise,"FEATHER PEN,LIGHT PINK",224,Descriptive catalogue item on positive numeric invoice before cutoff; exception codes reviewed separately
51020A,merchandise,SUMMER FUN DESIGN SHOWER CAP,52,Descriptive catalogue item on positive numeric invoice before cutoff; exception codes reviewed separately
51020B,merchandise,STRIPY DESIGN SHOWER CAP,62,Descriptive catalogue item on positive numeric invoice before cutoff; exception codes reviewed separately
62018,merchandise,SOMBRERO,127,Descriptive catalogue item on positive numeric invoice before cutoff; exception codes reviewed separately
62043B,merchandise,BLUE CHECK BAG W HANDLE 34X20CM,10,Descriptive catalogue item on positive numeric invoice before cutoff; exception codes reviewed separately
62074B,merchandise,ELEPHANT CLIP W SUCTION CUP,13,Descriptive catalogue item on positive numeric invoice before cutoff; exception codes reviewed separately
62086A,merchandise,PINK RETRO BIG FLOWER BAG,24,Descriptive catalogue item on positive numeric invoice before cutoff; exception codes reviewed separately
62094B,merchandise,TURQ ICE CREAM BUM BAG,68,Descriptive catalogue item on positive numeric invoice before cutoff; exception codes reviewed separately
62095B,merchandise,TURQOISE ICE CREAM SUNHAT,21,Descriptive catalogue item on positive numeric invoice before cutoff; exception codes reviewed separately
62096A,merchandise,PINK/YELLOW FLOWERS HANDBAG,93,Descriptive catalogue item on positive numeric invoice before cutoff; exception codes reviewed separately
62096B,merchandise,PURPLE/TURQ FLOWERS HANDBAG,83,Descriptive catalogue item on positive numeric invoice before cutoff; exception codes reviewed separately
62097A,merchandise,PINK STRIPES SHOULDER BAG,3,Descriptive catalogue item on positive numeric invoice before cutoff; exception codes reviewed separately
62097B,merchandise,BLUE STRIPES SHOULDER BAG,4,Descriptive catalogue item on positive numeric invoice before cutoff; exception codes reviewed separately
70006,merchandise,LOVE HEART POCKET WARMER,305,Descriptive catalogue item on positive numeric invoice before cutoff; exception codes reviewed separately
70007,merchandise,HI TEC ALPINE HAND WARMER,226,Descriptive catalogue item on positive numeric invoice before cutoff; exception codes reviewed separately
70037L,unresolved,,0,No descriptive positive-purchase evidence before cutoff
71028A,unresolved,,0,No descriptive positive-purchase evidence before cutoff
71028B,merchandise,SILVER BLUE EGG T-LIGHT HOLDER,13,Descriptive catalogue item on positive numeric invoice before cutoff; exception codes reviewed separately
71038,merchandise,WHITE HANGING BEADS CANDLE HOLDER,150,Descriptive catalogue item on positive numeric invoice before cutoff; exception codes reviewed separately
71050,merchandise,SMALL SINGLE FLAME CANDLE HOLDER,7,Descriptive catalogue item on positive numeric invoice before cutoff; exception codes reviewed separately
71053,merchandise,WHITE METAL LANTERN,762,Descriptive catalogue item on positive numeric invoice before cutoff; exception codes reviewed separately
71101A,merchandise,ANGEL ON KNEES METAL POLE 100CM H,1,Descriptive catalogue item on positive numeric invoice before cutoff; exception codes reviewed separately
71101E,merchandise,STANDING FAIRY POLE SUPPORT,49,Descriptive catalogue item on positive numeric invoice before cutoff; exception codes reviewed separately
71143,merchandise,SILVER BOOK MARK WITH BEADS,100,Descriptive catalogue item on positive numeric invoice before cutoff; exception codes reviewed separately
71215,merchandise,METAL BASE FOR CANDLES,13,Descriptive catalogue item on positive numeric invoice before cutoff; exception codes reviewed separately
71263G,unresolved,,0,No descriptive positive-purchase evidence before cutoff
71265,unresolved,,0,No descriptive positive-purchase evidence before cutoff
71270,merchandise,PHOTO CLIP LINE,85,Descriptive catalogue item on positive numeric invoice before cutoff; exception codes reviewed separately
71279,merchandise,PINK GLASS CANDLEHOLDER,85,Descriptive catalogue item on positive numeric invoice before cutoff; exception codes reviewed separately
71403,merchandise,"PINK/WHITE ""KEEP CLEAN"" BULLET BIN",72,Descriptive catalogue item on positive numeric invoice before cutoff; exception codes reviewed separately
71406B,unresolved,,0,No descriptive positive-purchase evidence before cutoff
71406C,merchandise,BLACK ORANGE SQUEEZER,37,Descriptive catalogue item on positive numeric invoice before cutoff; exception codes reviewed separately
71409B,unresolved,,0,No descriptive positive-purchase evidence before cutoff
71431,unresolved,,0,No descriptive positive-purchase evidence before cutoff
71434B,merchandise,"BLACK RND BULLET""KEEP CLEAN"" BIN",2,Descriptive catalogue item on positive numeric invoice before cutoff; exception codes reviewed separately
71459,merchandise,HANGING JAM JAR T-LIGHT HOLDER,943,Descriptive catalogue item on positive numeric invoice before cutoff; exception codes reviewed separately
71477,merchandise,COLOUR GLASS. STAR T-LIGHT HOLDER,806,Descriptive catalogue item on positive numeric invoice before cutoff; exception codes reviewed separately
71495A,merchandise,CD WALL TIDY BLUE OFFICE,20,Descriptive catalogue item on positive numeric invoice before cutoff; exception codes reviewed separately
71495B,merchandise,CD WALL TIDY RED FLOWERS,19,Descriptive catalogue item on positive numeric invoice before cutoff; exception codes reviewed separately
71496A,merchandise,A4 WALL TIDY BLUE OFFICE,20,Descriptive catalogue item on positive numeric invoice before cutoff; exception codes reviewed separately
71496B,merchandise,A4 WALL TIDY RED FLOWERS,6,Descriptive catalogue item on positive numeric invoice before cutoff; exception codes reviewed separately
71510,merchandise,SQUARE METAL CANDLEHOLDER BASE,17,Descriptive catalogue item on positive numeric invoice before cutoff; exception codes reviewed separately
72008,merchandise,FROSTED BOX 9 WHITE T-LIGHT CANDLES,221,Descriptive catalogue item on positive numeric invoice before cutoff; exception codes reviewed separately
72023F,merchandise,RED ORGANIC CANDLE IN GLASS,51,Descriptive catalogue item on positive numeric invoice before cutoff; exception codes reviewed separately
72024HC,unresolved,,0,No descriptive positive-purchase evidence before cutoff
72024U,merchandise,LILAC VOTIVE CANDLE,11,Descriptive catalogue item on positive numeric invoice before cutoff; exception codes reviewed separately
72038B,unresolved,,0,No descriptive positive-purchase evidence before cutoff
72038P,merchandise,PRICE'S CANDLE PEACH,9,Descriptive catalogue item on positive numeric invoice before cutoff; exception codes reviewed separately
72045A,unresolved,,0,No descriptive positive-purchase evidence before cutoff
72045D,merchandise,ROSES ON BLUE TEACUP CANDLE,6,Descriptive catalogue item on positive numeric invoice before cutoff; exception codes reviewed separately
72051S,merchandise,BAG OF SILVER STONES,59,Descriptive catalogue item on positive numeric invoice before cutoff; exception codes reviewed separately
72083A,merchandise,STRAWBERY SWIRL FLARE CANDLE,7,Descriptive catalogue item on positive numeric invoice before cutoff; exception codes reviewed separately
72084B,merchandise,CHOCOLATE ICE CREAM CANDLE,1,Descriptive catalogue item on positive numeric invoice before cutoff; exception codes reviewed separately
72122,merchandise,COFFEE SCENT PILLAR CANDLE,120,Descriptive catalogue item on positive numeric invoice before cutoff; exception codes reviewed separately
72127,merchandise,COLUMBIAN CANDLE ROUND,73,Descriptive catalogue item on positive numeric invoice before cutoff; exception codes reviewed separately
72128,merchandise,COLUMBIAN CANDLE ROUND,97,Descriptive catalogue item on positive numeric invoice before cutoff; exception codes reviewed separately
72129,merchandise,COLUMBIAN CANDLE ROUND,19,Descriptive catalogue item on positive numeric invoice before cutoff; exception codes reviewed separately
72130,merchandise,COLUMBIAN CANDLE ROUND,64,Descriptive catalogue item on positive numeric invoice before cutoff; exception codes reviewed separately
72131,merchandise,COLUMBIAN CANDLE RECTANGLE,63,Descriptive catalogue item on positive numeric invoice before cutoff; exception codes reviewed separately
72132,merchandise,COLUMBIAN CUBE CANDLE,31,Descriptive catalogue item on positive numeric invoice before cutoff; exception codes reviewed separately
72133,merchandise,COLUMBIAN CANDLE RECTANGLE,33,Descriptive catalogue item on positive numeric invoice before cutoff; exception codes reviewed separately
72134,merchandise,COLUMBIAN  CUBE CANDLE,30,Descriptive catalogue item on positive numeric invoice before cutoff; exception codes reviewed separately
72140D,unresolved,,0,No descriptive positive-purchase evidence before cutoff
72140E,merchandise,BEST DAD CANDLE LETTERS,30,Descriptive catalogue item on positive numeric invoice before cutoff; exception codes reviewed separately
72140F,merchandise,HAPPY ANNIVERSARY CANDLE LETTERS,15,Descriptive catalogue item on positive numeric invoice before cutoff; exception codes reviewed separately
72225C,merchandise,LAVENDER SCENT CAKE CANDLE,38,Descriptive catalogue item on positive numeric invoice before cutoff; exception codes reviewed separately
72225D,merchandise,VANILLA SCENT CAKE CANDLE,11,Descriptive catalogue item on positive numeric invoice before cutoff; exception codes reviewed separately
72226D,unresolved,,0,No descriptive positive-purchase evidence before cutoff
72232,merchandise,FENG SHUI PILLAR CANDLE,125,Descriptive catalogue item on positive numeric invoice before cutoff; exception codes reviewed separately
72234,unresolved,,0,No descriptive positive-purchase evidence before cutoff
72267,merchandise,PREMIUM CHURCH CANDLE,48,Descriptive catalogue item on positive numeric invoice before cutoff; exception codes reviewed separately
72331R,unresolved,,0,No descriptive positive-purchase evidence before cutoff
72348B,unresolved,,0,No descriptive positive-purchase evidence before cutoff
72349B,merchandise,SET/6 PURPLE BUTTERFLY T-LIGHTS,400,Descriptive catalogue item on positive numeric invoice before cutoff; exception codes reviewed separately
72351A,merchandise,SET/6 TURQUOISE BUTTERFLY T-LIGHTS,436,Descriptive catalogue item on positive numeric invoice before cutoff; exception codes reviewed separately
72351B,merchandise,SET/6 PINK  BUTTERFLY T-LIGHTS,512,Descriptive catalogue item on positive numeric invoice before cutoff; exception codes reviewed separately
72369A,merchandise,PINK CLEAR GLASS CANDLE PLATE,15,Descriptive catalogue item on positive numeric invoice before cutoff; exception codes reviewed separately
72483,unresolved,,0,No descriptive positive-purchase evidence before cutoff
72484,merchandise,ROSES IN WHITE HEART CANDLE,66,Descriptive catalogue item on positive numeric invoice before cutoff; exception codes reviewed separately
72487,merchandise,ROSES WHITE ROUND CANDLE,14,Descriptive catalogue item on positive numeric invoice before cutoff; exception codes reviewed separately
72529W,merchandise,WHITE ADVENT CANDLE,48,Descriptive catalogue item on positive numeric invoice before cutoff; exception codes reviewed separately
72586,merchandise,SET OF 6 HALLOWEEN GHOST T-LIGHTS,129,Descriptive catalogue item on positive numeric invoice before cutoff; exception codes reviewed separately
72598,merchandise,SET/12 TAPER CANDLES,162,Descriptive catalogue item on positive numeric invoice before cutoff; exception codes reviewed separately
72606A,merchandise,BROWN ANTIQUE CUBE CANDLE,18,Descriptive catalogue item on positive numeric invoice before cutoff; exception codes reviewed separately
72620A,unresolved,,0,No descriptive positive-purchase evidence before cutoff
72655C,unresolved,,0,No descriptive positive-purchase evidence before cutoff
72671B,unresolved,,0,No descriptive positive-purchase evidence before cutoff
72697A,unresolved,,0,No descriptive positive-purchase evidence before cutoff
72708,merchandise,SCULPTED ROUND IVORY CANDLE,5,Descriptive catalogue item on positive numeric invoice before cutoff; exception codes reviewed separately
72709,merchandise,IVORY SCULPTED RND CANDLE,15,Descriptive catalogue item on positive numeric invoice before cutoff; exception codes reviewed separately
72715,merchandise,SPHERICAL IVORY CANDLE,13,Descriptive catalogue item on positive numeric invoice before cutoff; exception codes reviewed separately
72719,unresolved,,0,No descriptive positive-purchase evidence before cutoff
72724,merchandise,SET/6 CHRISTMAS ICICLE T-LIGHTS,11,Descriptive catalogue item on positive numeric invoice before cutoff; exception codes reviewed separately
72728,merchandise,ROSE SCENT CANDLES IN GLASS,55,Descriptive catalogue item on positive numeric invoice before cutoff; exception codes reviewed separately
72732,unresolved,,0,No descriptive positive-purchase evidence before cutoff
72739B,merchandise,WHITE CHOCOLATE SCENT CANDLE,28,Descriptive catalogue item on positive numeric invoice before cutoff; exception codes reviewed separately
72739C,merchandise,DARK CHOCOLATE SCENTCANDLE,23,Descriptive catalogue item on positive numeric invoice before cutoff; exception codes reviewed separately
72740A,merchandise,LARGE STRAWBERRY CHOCOLATE CANDLE,12,Descriptive catalogue item on positive numeric invoice before cutoff; exception codes reviewed separately
72740B,merchandise,LARGE WHITE CHOCOLATE CANDLE,1,Descriptive catalogue item on positive numeric invoice before cutoff; exception codes reviewed separately
72741,merchandise,GRAND CHOCOLATECANDLE,945,Descriptive catalogue item on positive numeric invoice before cutoff; exception codes reviewed separately
72748,unresolved,,0,No descriptive positive-purchase evidence before cutoff
72750A,merchandise,"F.FAIRY S/3 CANDLE/GLASS,LILY/VALLY",8,Descriptive catalogue item on positive numeric invoice before cutoff; exception codes reviewed separately
72750B,merchandise,FLOWER FAIRY SET 3 CANDLES LAVENDER,30,Descriptive catalogue item on positive numeric invoice before cutoff; exception codes reviewed separately
72750C,merchandise,"F.FAIRY S/3 CANDLE/GLASS, ROSE",15,Descriptive catalogue item on positive numeric invoice before cutoff; exception codes reviewed separately
72750D,merchandise,F.FAIRY S/3 CANDLE/GLASS,11,Descriptive catalogue item on positive numeric invoice before cutoff; exception codes reviewed separately
72751A,merchandise,"F.FAIRY S/3 SML CANDLE,LILY/VALLEY",1,Descriptive catalogue item on positive numeric invoice before cutoff; exception codes reviewed separately
72751B,merchandise,"F.FAIRY S/3 SML CANDLE, LAVENDER",1,Descriptive catalogue item on positive numeric invoice before cutoff; exception codes reviewed separately
72751C,merchandise,"F.FAIRY S/3 SML CANDLE, ROSE",1,Descriptive catalogue item on positive numeric invoice before cutoff; exception codes reviewed separately
72751D,unresolved,,0,No descriptive positive-purchase evidence before cutoff
72752A,merchandise,"F.FAIRY,CANDLE IN GLASS,LILY/VALLEY",1,Descriptive catalogue item on positive numeric invoice before cutoff; exception codes reviewed separately
72752B,merchandise,"F.FAIRY,CANDLE IN GLASS,LAVENDER",2,Descriptive catalogue item on positive numeric invoice before cutoff; exception codes reviewed separately
72752C,unresolved,,0,No descriptive positive-purchase evidence before cutoff
72752D,unresolved,,0,No descriptive positive-purchase evidence before cutoff
72753A,merchandise,S/3 FLWR FAIRY LILLY CANDLES,14,Descriptive catalogue item on positive numeric invoice before cutoff; exception codes reviewed separately
72753B,merchandise,S/3 FLWR FAIRY LAVENDER CANDLES,14,Descriptive catalogue item on positive numeric invoice before cutoff; exception codes reviewed separately
72753C,merchandise,S/3 FLWR FAIRY ROSE CANDLES,6,Descriptive catalogue item on positive numeric invoice before cutoff; exception codes reviewed separately
72753D,merchandise,S/3 FLWR FAIRY SUMMER CANDLES,9,Descriptive catalogue item on positive numeric invoice before cutoff; exception codes reviewed separately
72754A,merchandise,FLOWER FAIRY POTPOURRI CUSHION LILY,5,Descriptive catalogue item on positive numeric invoice before cutoff; exception codes reviewed separately
72754B,merchandise,F FAIRY POTPOURRI CUSHIONS LAVENDER,8,Descriptive catalogue item on positive numeric invoice before cutoff; exception codes reviewed separately
72754C,unresolved,,0,No descriptive positive-purchase evidence before cutoff
72754D,merchandise,F FAIRY POTPOURRI CUSHIONS SUMMER,1,Descriptive catalogue item on positive numeric invoice before cutoff; exception codes reviewed separately
72755A,unresolved,,0,No descriptive positive-purchase evidence before cutoff
72755B,unresolved,,0,No descriptive positive-purchase evidence before cutoff
72755C,merchandise,FLOWER FAIRY OIL BURNER SET ROSE,14,Descriptive catalogue item on positive numeric invoice before cutoff; exception codes reviewed separately
72755D,merchandise,FLOWER FAIRY OIL BURNER SET SUMMER,13,Descriptive catalogue item on positive numeric invoice before cutoff; exception codes reviewed separately
72756,merchandise,FAIRY CAKE CANDLES,130,Descriptive catalogue item on positive numeric invoice before cutoff; exception codes reviewed separately
72759,unresolved,,0,No descriptive positive-purchase evidence before cutoff
72760B,merchandise,VINTAGE CREAM 3 BASKET CAKE STAND,506,Descriptive catalogue item on positive numeric invoice before cutoff; exception codes reviewed separately
72768,unresolved,,0,No descriptive positive-purchase evidence before cutoff
72771B,merchandise,BURG FLOCK GOLD CUP/CANDLE,10,Descriptive catalogue item on positive numeric invoice before cutoff; exception codes reviewed separately
72771C,merchandise,BLACK FLOCK GOLD CANDLE,6,Descriptive catalogue item on positive numeric invoice before cutoff; exception codes reviewed separately
72772,merchandise,SET/4 SCENTED CANDLES IN RAMEKINS,9,Descriptive catalogue item on positive numeric invoice before cutoff; exception codes reviewed separately
72777,unresolved,,0,No descriptive positive-purchase evidence before cutoff
72778,unresolved,,0,No descriptive positive-purchase evidence before cutoff
72779,merchandise,SET/6 BLACK ROSE T-LIGHT CANDLES,16,Descriptive catalogue item on positive numeric invoice before cutoff; exception codes reviewed separately
72780,merchandise,BLACK SILOUETTE CANDLE PLATE,42,Descriptive catalogue item on positive numeric invoice before cutoff; exception codes reviewed separately
72781,merchandise,BLACK SILOUETTE CANDLE PLATE,15,Descriptive catalogue item on positive numeric invoice before cutoff; exception codes reviewed separately
72783,merchandise,BLACK SIL'T SQU CANDLE PLATE,8,Descriptive catalogue item on positive numeric invoice before cutoff; exception codes reviewed separately
72785A,merchandise,S/4 CONTEMPORY PINK ROSEBUD CANDLES,4,Descriptive catalogue item on positive numeric invoice before cutoff; exception codes reviewed separately
72785B,merchandise,S/4 CONTEMPORY RED ROSEBUD CANDLES,3,Descriptive catalogue item on positive numeric invoice before cutoff; exception codes reviewed separately
72789,merchandise,BASKET/8 SCENTED LOVE TOKEN CANDLES,46,Descriptive catalogue item on positive numeric invoice before cutoff; exception codes reviewed separately
72793,merchandise,BLACK BOX MIRROR LANTERN,10,Descriptive catalogue item on positive numeric invoice before cutoff; exception codes reviewed separately
72796A,merchandise,S/3 ENGLISH LAVENDER SQU CANDLE,6,Descriptive catalogue item on positive numeric invoice before cutoff; exception codes reviewed separately
72796B,merchandise,S/3 FRENCH VANILLA SQU CANDLE,13,Descriptive catalogue item on positive numeric invoice before cutoff; exception codes reviewed separately
72796C,merchandise,S/3 ROSE GARDEN SCENT SQU CANDLE,1,Descriptive catalogue item on positive numeric invoice before cutoff; exception codes reviewed separately
72798A,unresolved,,0,No descriptive positive-purchase evidence before cutoff
72798B,unresolved,,0,No descriptive positive-purchase evidence before cutoff
72798C,merchandise,SET/4 GARDEN ROSE DINNER CANDLE,16,Descriptive catalogue item on positive numeric invoice before cutoff; exception codes reviewed separately
72799A,merchandise,BLACK PILLAR CANDLE SILVER FLOCK,18,Descriptive catalogue item on positive numeric invoice before cutoff; exception codes reviewed separately
72799B,merchandise,PURPLE PILLAR CANDLE BLACK FLOCK,16,Descriptive catalogue item on positive numeric invoice before cutoff; exception codes reviewed separately
72799C,merchandise,PINK PILLAR CANDLE SILVER FLOCK,40,Descriptive catalogue item on positive numeric invoice before cutoff; exception codes reviewed separately
72799D,merchandise,BLUE PILLAR CANDLE SILVER FLOCK,19,Descriptive catalogue item on positive numeric invoice before cutoff; exception codes reviewed separately
72799E,merchandise,IVORY PILLAR CANDLE SILVER FLOCK,180,Descriptive catalogue item on positive numeric invoice before cutoff; exception codes reviewed separately
72799F,merchandise,IVORY PILLAR CANDLE GOLD FLOCK,113,Descriptive catalogue item on positive numeric invoice before cutoff; exception codes reviewed separately
72800A,merchandise,S/4 BLACK DINNER CANDLE SILVER FLOC,49,Descriptive catalogue item on positive numeric invoice before cutoff; exception codes reviewed separately
72800B,merchandise,4 PURPLE FLOCK DINNER CANDLES,57,Descriptive catalogue item on positive numeric invoice before cutoff; exception codes reviewed separately
72800C,merchandise,4 PINK DINNER CANDLE SILVER FLOCK,47,Descriptive catalogue item on positive numeric invoice before cutoff; exception codes reviewed separately
72800D,merchandise,4 BLUE DINNER CANDLES SILVER FLOCK,52,Descriptive catalogue item on positive numeric invoice before cutoff; exception codes reviewed separately
72800E,merchandise,4 IVORY DINNER CANDLES SILVER FLOCK,297,Descriptive catalogue item on positive numeric invoice before cutoff; exception codes reviewed separately
72800F,merchandise,4 IVORY DINNER CANDLES GOLD FLOCK,72,Descriptive catalogue item on positive numeric invoice before cutoff; exception codes reviewed separately
72801C,merchandise,4 ROSE PINK DINNER CANDLES,52,Descriptive catalogue item on positive numeric invoice before cutoff; exception codes reviewed separately
72801D,merchandise,4 SKY BLUE DINNER CANDLES,77,Descriptive catalogue item on positive numeric invoice before cutoff; exception codes reviewed separately
72801E,merchandise,S/4 FESTIVE GREEN DINNER CANDLES,25,Descriptive catalogue item on positive numeric invoice before cutoff; exception codes reviewed separately
72801F,merchandise,S/4 FESTIVE RED DINNER CANDLES,25,Descriptive catalogue item on positive numeric invoice before cutoff; exception codes reviewed separately
72801G,merchandise,4 BURGUNDY WINE DINNER CANDLES,42,Descriptive catalogue item on positive numeric invoice before cutoff; exception codes reviewed separately
72801H,unresolved,,0,No descriptive positive-purchase evidence before cutoff
72802A,merchandise,ROSE SCENT CANDLE IN JEWELLED BOX,196,Descriptive catalogue item on positive numeric invoice before cutoff; exception codes reviewed separately
72802B,merchandise,OCEAN SCENT CANDLE IN JEWELLED BOX,222,Descriptive catalogue item on positive numeric invoice before cutoff; exception codes reviewed separately
72802C,merchandise,VANILLA SCENT CANDLE JEWELLED BOX,288,Descriptive catalogue item on positive numeric invoice before cutoff; exception codes reviewed separately
72803A,merchandise,ROSE SCENT CANDLE JEWELLED DRAWER,102,Descriptive catalogue item on positive numeric invoice before cutoff; exception codes reviewed separately
72803B,merchandise,OCEAN SCENT CANDLE JEWELLED DRAWER,42,Descriptive catalogue item on positive numeric invoice before cutoff; exception codes reviewed separately
72805,merchandise,VANILLA CANDLE IN EMBOSSED ZINC POT,3,Descriptive catalogue item on positive numeric invoice before cutoff; exception codes reviewed separately
72806,unresolved,,0,No descriptive positive-purchase evidence before cutoff
72807A,merchandise,SET/3 ROSE CANDLE IN JEWELLED BOX,239,Descriptive catalogue item on positive numeric invoice before cutoff; exception codes reviewed separately
72807B,merchandise,SET/3 OCEAN SCENT CANDLE JEWEL BOX,260,Descriptive catalogue item on positive numeric invoice before cutoff; exception codes reviewed separately
72807C,merchandise,SET/3 VANILLA SCENTED CANDLE IN BOX,405,Descriptive catalogue item on positive numeric invoice before cutoff; exception codes reviewed separately
72809,unresolved,,0,No descriptive positive-purchase evidence before cutoff
72811,merchandise,SMALL ZINC/GLASS CANDLEHOLDER,21,Descriptive catalogue item on positive numeric invoice before cutoff; exception codes reviewed separately
72812,merchandise,LARGE ZINC GLASS CANDLEHOLDER,20,Descriptive catalogue item on positive numeric invoice before cutoff; exception codes reviewed separately
72814,merchandise,SET OF 3 CHRISTMAS BRIAR CANDLES,34,Descriptive catalogue item on positive numeric invoice before cutoff; exception codes reviewed separately
72815,merchandise,3 WICK CHRISTMAS BRIAR CANDLE,72,Descriptive catalogue item on positive numeric invoice before cutoff; exception codes reviewed separately
72816,merchandise,SET/3 CHRISTMAS DECOUPAGE CANDLES,153,Descriptive catalogue item on positive numeric invoice before cutoff; exception codes reviewed separately
72817,merchandise,SET OF 2 CHRISTMAS DECOUPAGE CANDLE,223,Descriptive catalogue item on positive numeric invoice before cutoff; exception codes reviewed separately
72818,merchandise,CHRISTMAS DECOUPAGE CANDLE,144,Descriptive catalogue item on positive numeric invoice before cutoff; exception codes reviewed separately
72819,merchandise,CUPID DESIGN SCENTED CANDLES,92,Descriptive catalogue item on positive numeric invoice before cutoff; exception codes reviewed separately
72821,merchandise,CUPID SCENTED CANDLE IN GLASS,15,Descriptive catalogue item on positive numeric invoice before cutoff; exception codes reviewed separately
75011,merchandise,BLUE DAISY MOBILE,15,Descriptive catalogue item on positive numeric invoice before cutoff; exception codes reviewed separately
75013B,merchandise,"STRING OF 8 BUTTERFLIES,PINK",82,Descriptive catalogue item on positive numeric invoice before cutoff; exception codes reviewed separately
75049L,merchandise,LARGE CIRCULAR MIRROR MOBILE,354,Descriptive catalogue item on positive numeric invoice before cutoff; exception codes reviewed separately
75131,merchandise,METAL TUBE CHIME ON BAMBOO,71,Descriptive catalogue item on positive numeric invoice before cutoff; exception codes reviewed separately
75132,unresolved,,0,No descriptive positive-purchase evidence before cutoff
75149N,merchandise,STRING CRYSTALS NATURAL,25,Descriptive catalogue item on positive numeric invoice before cutoff; exception codes reviewed separately
75172,merchandise,PAINTED SEA SHELL METAL WINDCHIME,11,Descriptive catalogue item on positive numeric invoice before cutoff; exception codes reviewed separately
75178,merchandise,ASSTD COL BUTTERFLY/CRYSTAL W/CHIME,26,Descriptive catalogue item on positive numeric invoice before cutoff; exception codes reviewed separately
77079,merchandise,DOLPHIN WINDMILL,12,Descriptive catalogue item on positive numeric invoice before cutoff; exception codes reviewed separately
77081,merchandise,FLOWER WINDMILL,33,Descriptive catalogue item on positive numeric invoice before cutoff; exception codes reviewed separately
77101A,merchandise,UNION FLAG WINDSOCK,92,Descriptive catalogue item on positive numeric invoice before cutoff; exception codes reviewed separately
78026,merchandise,SEAGRASS S/3 SQU LAUNDRY BOX,2,Descriptive catalogue item on positive numeric invoice before cutoff; exception codes reviewed separately
78027,merchandise,SEAGRASS S/2 CORNER LAUNDRY,5,Descriptive catalogue item on positive numeric invoice before cutoff; exception codes reviewed separately
78033,merchandise,FLAG OF ST GEORGE CHAIR,16,Descriptive catalogue item on positive numeric invoice before cutoff; exception codes reviewed separately
78034B,merchandise,BLUE NETTING STORAGE HANGER,11,Descriptive catalogue item on positive numeric invoice before cutoff; exception codes reviewed separately
78056,merchandise,CAMOUFLAGE BACKPACK ON WHEELS,2,Descriptive catalogue item on positive numeric invoice before cutoff; exception codes reviewed separately
78124,merchandise,MAGAZINE RACK GEBRA ASSORTED,33,Descriptive catalogue item on positive numeric invoice before cutoff; exception codes reviewed separately
79000,merchandise,MOROCCAN TEA GLASS,451,Descriptive catalogue item on positive numeric invoice before cutoff; exception codes reviewed separately
79003B,unresolved,,0,No descriptive positive-purchase evidence before cutoff
79023B,unresolved,,0,No descriptive positive-purchase evidence before cutoff
79026B,merchandise,"S/4 ICON COASTER,ELVIS LIVES",38,Descriptive catalogue item on positive numeric invoice before cutoff; exception codes reviewed separately
79029,merchandise,GLASS HONEYPOT WASP CATCHER,362,Descriptive catalogue item on positive numeric invoice before cutoff; exception codes reviewed separately
79030A,merchandise,"TUMBLER, ENGLISH ROSE",33,Descriptive catalogue item on positive numeric invoice before cutoff; exception codes reviewed separately
79030D,merchandise,TUMBLER BAROQUE,41,Descriptive catalogue item on positive numeric invoice before cutoff; exception codes reviewed separately
79030G,merchandise,"TUMBLER, NEW ENGLAND",71,Descriptive catalogue item on positive numeric invoice before cutoff; exception codes reviewed separately
79051A,merchandise,SMOKEY GREY COLOUR D.O.F. GLASS,47,Descriptive catalogue item on positive numeric invoice before cutoff; exception codes reviewed separately
79053A,unresolved,,0,No descriptive positive-purchase evidence before cutoff
79053B,unresolved,,0,No descriptive positive-purchase evidence before cutoff
79053D,unresolved,,0,No descriptive positive-purchase evidence before cutoff
79057B,unresolved,,0,No descriptive positive-purchase evidence before cutoff
79062D,merchandise,"RETRO TIN ASHTRAY,REVOLUTIONARY",4,Descriptive catalogue item on positive numeric invoice before cutoff; exception codes reviewed separately
79063C,merchandise,"RETRO PILL BOX KEY CHAIN,THE KING",13,Descriptive catalogue item on positive numeric invoice before cutoff; exception codes reviewed separately
79063D,merchandise,"RETRO PILL BOX , REVOLUTIONARY",12,Descriptive catalogue item on positive numeric invoice before cutoff; exception codes reviewed separately
79064C,unresolved,,0,No descriptive positive-purchase evidence before cutoff
79065A,merchandise,TEATIME ROUND CAKE TINS,1,Descriptive catalogue item on positive numeric invoice before cutoff; exception codes reviewed separately
79065B,unresolved,,0,No descriptive positive-purchase evidence before cutoff
79066K,merchandise,RETRO MOD TRAY,259,Descriptive catalogue item on positive numeric invoice before cutoff; exception codes reviewed separately
79067,merchandise,CORONA MEXICAN TRAY,414,Descriptive catalogue item on positive numeric invoice before cutoff; exception codes reviewed separately
79069A,unresolved,,0,No descriptive positive-purchase evidence before cutoff
79070B,merchandise,ENGLISH ROSE SQUARE CAKE TINS,1,Descriptive catalogue item on positive numeric invoice before cutoff; exception codes reviewed separately
79071A,unresolved,,0,No descriptive positive-purchase evidence before cutoff
79071B,merchandise,ENGLISH ROSE METAL WASTE BIN,67,Descriptive catalogue item on positive numeric invoice before cutoff; exception codes reviewed separately
79072,merchandise,TEATIME CAKE TIN WITH HANDLE,108,Descriptive catalogue item on positive numeric invoice before cutoff; exception codes reviewed separately
79082C,unresolved,,0,No descriptive positive-purchase evidence before cutoff
79140,merchandise,ASS WINDPROOF MARIJUANA LIGHTERS,2,Descriptive catalogue item on positive numeric invoice before cutoff; exception codes reviewed separately
79142,unresolved,,0,No descriptive positive-purchase evidence before cutoff
79144B,merchandise,PAINTED LIGHTBULB STAR+ MOON,92,Descriptive catalogue item on positive numeric invoice before cutoff; exception codes reviewed separately
79144C,merchandise,PAINTED LIGHTBULB RAINBOW DESIGN,98,Descriptive catalogue item on positive numeric invoice before cutoff; exception codes reviewed separately
79149B,merchandise,SILICON STAR BULB  BLUE,13,Descriptive catalogue item on positive numeric invoice before cutoff; exception codes reviewed separately
79151B,merchandise,"SILICON CUBE 25W, BLUE",3,Descriptive catalogue item on positive numeric invoice before cutoff; exception codes reviewed separately
79157B,merchandise,UBO-LIGHT TRIOBASE BLUE,2,Descriptive catalogue item on positive numeric invoice before cutoff; exception codes reviewed separately
79157V,merchandise,UBO-LIGHT TRIOBASE PURPLE,3,Descriptive catalogue item on positive numeric invoice before cutoff; exception codes reviewed separately
79160,merchandise,HEART SHAPE WIRELESS DOORBELL,224,Descriptive catalogue item on positive numeric invoice before cutoff; exception codes reviewed separately
79161A,merchandise,ST GEORGE SET OF 10 PARTY LIGHTS,16,Descriptive catalogue item on positive numeric invoice before cutoff; exception codes reviewed separately
79163,merchandise,BLACK CHAMPAGNE GLASS,66,Descriptive catalogue item on positive numeric invoice before cutoff; exception codes reviewed separately
79164,merchandise,BLACK WINE GLASS,96,Descriptive catalogue item on positive numeric invoice before cutoff; exception codes reviewed separately
79165,unresolved,,0,No descriptive positive-purchase evidence before cutoff
79172D,merchandise,PURPLE TINT ACRYLIC FLOWER VASE,4,Descriptive catalogue item on positive numeric invoice before cutoff; exception codes reviewed separately
79190A,merchandise,RETRO PLASTIC 70'S TRAY,115,Descriptive catalogue item on positive numeric invoice before cutoff; exception codes reviewed separately
79190B,merchandise,RETRO PLASTIC POLKA TRAY,135,Descriptive catalogue item on positive numeric invoice before cutoff; exception codes reviewed separately
79190D,merchandise,RETRO PLASTIC DAISY TRAY,113,Descriptive catalogue item on positive numeric invoice before cutoff; exception codes reviewed separately
79191B,merchandise,RETRO PLASTIC POLKA TRAY,69,Descriptive catalogue item on positive numeric invoice before cutoff; exception codes reviewed separately
79191C,merchandise,RETRO PLASTIC ELEPHANT TRAY,159,Descriptive catalogue item on positive numeric invoice before cutoff; exception codes reviewed separately
79191D,merchandise,RETRO PLASTIC DAISY TRAY,53,Descriptive catalogue item on positive numeric invoice before cutoff; exception codes reviewed separately
79192A,merchandise,RETRO PLASTIC 70'S TRAY,35,Descriptive catalogue item on positive numeric invoice before cutoff; exception codes reviewed separately
79301,merchandise,FEATHER HEART LIGHTS,1,Descriptive catalogue item on positive numeric invoice before cutoff; exception codes reviewed separately
79302C,unresolved,,0,No descriptive positive-purchase evidence before cutoff
79302J,unresolved,,0,No descriptive positive-purchase evidence before cutoff
79302M,merchandise,"ART LIGHTS,FUNK MONKEY",114,Descriptive catalogue item on positive numeric invoice before cutoff; exception codes reviewed separately
79303A,merchandise,WHITE ROHMBIC BLOCK TABLE LAMP,1,Descriptive catalogue item on positive numeric invoice before cutoff; exception codes reviewed separately
79303B,merchandise,BLUE STAR BLOCK TABLE LAMP,10,Descriptive catalogue item on positive numeric invoice before cutoff; exception codes reviewed separately
79303D,merchandise,LILAC FLOWER BLOCK TABLE LAMP,19,Descriptive catalogue item on positive numeric invoice before cutoff; exception codes reviewed separately
79308B,merchandise,MOSAIC CANDLE DISH BLUE PURPLE,2,Descriptive catalogue item on positive numeric invoice before cutoff; exception codes reviewed separately
79309A,unresolved,,0,No descriptive positive-purchase evidence before cutoff
79315B,unresolved,,0,No descriptive positive-purchase evidence before cutoff
79315W,merchandise,FLYING SAUCER TABLE LIGHT IN WHITE,13,Descriptive catalogue item on positive numeric invoice before cutoff; exception codes reviewed separately
79320,merchandise,FLAMINGO LIGHTS,150,Descriptive catalogue item on positive numeric invoice before cutoff; exception codes reviewed separately
79321,merchandise,CHILLI LIGHTS,1153,Descriptive catalogue item on positive numeric invoice before cutoff; exception codes reviewed separately
79323B,merchandise,BLACK CHERRY LIGHTS,59,Descriptive catalogue item on positive numeric invoice before cutoff; exception codes reviewed separately
79323G,merchandise,GOLD  CHERRY LIGHTS,61,Descriptive catalogue item on positive numeric invoice before cutoff; exception codes reviewed separately
79323GR,merchandise,GREEN CHERRY LIGHTS,83,Descriptive catalogue item on positive numeric invoice before cutoff; exception codes reviewed separately
79323LP,merchandise,LIGHT PINK CHERRY LIGHTS,170,Descriptive catalogue item on positive numeric invoice before cutoff; exception codes reviewed separately
79323P,merchandise,PINK CHERRY LIGHTS,266,Descriptive catalogue item on positive numeric invoice before cutoff; exception codes reviewed separately
79323S,merchandise,SILVER CHERRY LIGHTS,56,Descriptive catalogue item on positive numeric invoice before cutoff; exception codes reviewed separately
79323W,merchandise,WHITE CHERRY LIGHTS,350,Descriptive catalogue item on positive numeric invoice before cutoff; exception codes reviewed separately
79328,merchandise,BLUE FLOCK GLASS CANDLEHOLDER,17,Descriptive catalogue item on positive numeric invoice before cutoff; exception codes reviewed separately
79329,merchandise,PINK FLOCK GLASS CANDLEHOLDER,7,Descriptive catalogue item on positive numeric invoice before cutoff; exception codes reviewed separately
79331,merchandise,PINK FLOCK GLASS CANDLEHOLDER,9,Descriptive catalogue item on positive numeric invoice before cutoff; exception codes reviewed separately
79333,unresolved,,0,No descriptive positive-purchase evidence before cutoff
79336,merchandise,LIGHT PINK FLOCK GLASS CANDLEHOLDER,21,Descriptive catalogue item on positive numeric invoice before cutoff; exception codes reviewed separately
79337,merchandise,BLUE FLOCK GLASS CANDLEHOLDER,22,Descriptive catalogue item on positive numeric invoice before cutoff; exception codes reviewed separately
79338,merchandise,DARK PINK FLOCK GLASS CANDLEHOLDER,13,Descriptive catalogue item on positive numeric invoice before cutoff; exception codes reviewed separately
79340P,unresolved,,0,No descriptive positive-purchase evidence before cutoff
79340W,unresolved,,0,No descriptive positive-purchase evidence before cutoff
79341,merchandise,WILLOW BRANCH LIGHTS.,80,Descriptive catalogue item on positive numeric invoice before cutoff; exception codes reviewed separately
79342B,merchandise,BROWN FLOWER LIGHTS,35,Descriptive catalogue item on positive numeric invoice before cutoff; exception codes reviewed separately
79403,merchandise,FROSTED WHITE BASE,36,Descriptive catalogue item on positive numeric invoice before cutoff; exception codes reviewed separately
79406,merchandise,FROSTED WHITE BASE,20,Descriptive catalogue item on positive numeric invoice before cutoff; exception codes reviewed separately
79413,merchandise,GLASS WINE GLASS DECORATIONS,9,Descriptive catalogue item on positive numeric invoice before cutoff; exception codes reviewed separately
79532,merchandise,MOSAIC GLASS BALL CANDLEHOLDER,18,Descriptive catalogue item on positive numeric invoice before cutoff; exception codes reviewed separately
79534,merchandise,MULTICOLOUR GLASS PLATE,18,Descriptive catalogue item on positive numeric invoice before cutoff; exception codes reviewed separately
81950B,merchandise,FLOWER BLUE CLOCK W/SUCKER,26,Descriptive catalogue item on positive numeric invoice before cutoff; exception codes reviewed separately
81950V,merchandise,FLOWER PURPLE CLOCK W/SUCKER,8,Descriptive catalogue item on positive numeric invoice before cutoff; exception codes reviewed separately
81952B,merchandise,ROUND BLUE CLOCK W/SUCKER,11,Descriptive catalogue item on positive numeric invoice before cutoff; exception codes reviewed separately
81952V,merchandise,ROUND PURPLE CLOCK WITH SUCKER,27,Descriptive catalogue item on positive numeric invoice before cutoff; exception codes reviewed separately
81953B,merchandise,ROUND BLUE CLOCK WITH SUCKER,5,Descriptive catalogue item on positive numeric invoice before cutoff; exception codes reviewed separately
81953P,merchandise,ROUND ARTICULATED PINK CLOCK W/SUCK,6,Descriptive catalogue item on positive numeric invoice before cutoff; exception codes reviewed separately
81985A,merchandise,"ICON ALARM CLOCK,FUSCHIA  PIN UP",7,Descriptive catalogue item on positive numeric invoice before cutoff; exception codes reviewed separately
82001S,merchandise,VINYL RECORD FRAME SILVER,225,Descriptive catalogue item on positive numeric invoice before cutoff; exception codes reviewed separately
82011A,merchandise,"BATHROOM SCALES, TROPICAL BEACH",34,Descriptive catalogue item on positive numeric invoice before cutoff; exception codes reviewed separately
82011B,merchandise,BATHROOM SCALES RUBBER DUCKS,49,Descriptive catalogue item on positive numeric invoice before cutoff; exception codes reviewed separately
82011C,merchandise,BATHROOM SCALES FOOTPRINTS IN SAND,73,Descriptive catalogue item on positive numeric invoice before cutoff; exception codes reviewed separately
82011E,merchandise,"BATHROOM SCALES, FAG BREAK",2,Descriptive catalogue item on positive numeric invoice before cutoff; exception codes reviewed separately
82039C,unresolved,,0,No descriptive positive-purchase evidence before cutoff
82069,merchandise,BEECH WOOD P/FRAME,11,Descriptive catalogue item on positive numeric invoice before cutoff; exception codes reviewed separately
82072,merchandise,WHITE WOOD SINGLE P/FRAME,3,Descriptive catalogue item on positive numeric invoice before cutoff; exception codes reviewed separately
82076,merchandise,BEECH WOOD PHOTO FRAME,19,Descriptive catalogue item on positive numeric invoice before cutoff; exception codes reviewed separately
82081,merchandise,PINK HEARTS PHOTO ALBUM,23,Descriptive catalogue item on positive numeric invoice before cutoff; exception codes reviewed separately
82093,merchandise,HEART SHAPE BUTTON FRAME,28,Descriptive catalogue item on positive numeric invoice before cutoff; exception codes reviewed separately
82095,merchandise,HEART BUTTONS JEWELLERY BOX,49,Descriptive catalogue item on positive numeric invoice before cutoff; exception codes reviewed separately
82096,unresolved,,0,No descriptive positive-purchase evidence before cutoff
82482,merchandise,WOODEN PICTURE FRAME WHITE FINISH,2056,Descriptive catalogue item on positive numeric invoice before cutoff; exception codes reviewed separately
82483,merchandise,WOOD 2 DRAWER CABINET WHITE FINISH,1164,Descriptive catalogue item on positive numeric invoice before cutoff; exception codes reviewed separately
82484,merchandise,WOOD BLACK BOARD ANT WHITE FINISH,1177,Descriptive catalogue item on positive numeric invoice before cutoff; exception codes reviewed separately
82486,merchandise,WOOD S/3 CABINET ANT WHITE FINISH,1141,Descriptive catalogue item on positive numeric invoice before cutoff; exception codes reviewed separately
82494L,merchandise,WOODEN FRAME ANTIQUE WHITE,2113,Descriptive catalogue item on positive numeric invoice before cutoff; exception codes reviewed separately
82545A,merchandise,COGNAC AUX OEUFS METAL 1 HOOK,11,Descriptive catalogue item on positive numeric invoice before cutoff; exception codes reviewed separately
82551,merchandise,LAUNDRY 15C METAL SIGN,761,Descriptive catalogue item on positive numeric invoice before cutoff; exception codes reviewed separately
82552,merchandise,WASHROOM METAL SIGN,810,Descriptive catalogue item on positive numeric invoice before cutoff; exception codes reviewed separately
82553,merchandise,POP'S GREASY SPOON METAL SIGN,42,Descriptive catalogue item on positive numeric invoice before cutoff; exception codes reviewed separately
82567,merchandise,"AIRLINE LOUNGE,METAL SIGN",483,Descriptive catalogue item on positive numeric invoice before cutoff; exception codes reviewed separately
82576,unresolved,,0,No descriptive positive-purchase evidence before cutoff
82577,unresolved,,0,No descriptive positive-purchase evidence before cutoff
82578,merchandise,KITCHEN METAL SIGN,719,Descriptive catalogue item on positive numeric invoice before cutoff; exception codes reviewed separately
82580,merchandise,BATHROOM METAL SIGN,1370,Descriptive catalogue item on positive numeric invoice before cutoff; exception codes reviewed separately
82581,merchandise,TOILET METAL SIGN,931,Descriptive catalogue item on positive numeric invoice before cutoff; exception codes reviewed separately
82582,merchandise,AREA PATROLLED METAL SIGN,805,Descriptive catalogue item on positive numeric invoice before cutoff; exception codes reviewed separately
82583,merchandise,HOT BATHS METAL SIGN,1220,Descriptive catalogue item on positive numeric invoice before cutoff; exception codes reviewed separately
82585,merchandise,SWEET VALENCIA CANDLE+CUP,50,Descriptive catalogue item on positive numeric invoice before cutoff; exception codes reviewed separately
82587,merchandise,TEXRIO TOMATOES CANDLE+CUP,45,Descriptive catalogue item on positive numeric invoice before cutoff; exception codes reviewed separately
82595,unresolved,,0,No descriptive positive-purchase evidence before cutoff
82597,merchandise,BOMBS AWAY METAL SIGN,221,Descriptive catalogue item on positive numeric invoice before cutoff; exception codes reviewed separately
82599,merchandise,FANNY'S REST STOPMETAL SIGN,538,Descriptive catalogue item on positive numeric invoice before cutoff; exception codes reviewed separately
82600,merchandise,NO SINGING METAL SIGN,1192,Descriptive catalogue item on positive numeric invoice before cutoff; exception codes reviewed separately
82605,merchandise,OLD DOC RUSSEL METAL SIGN,104,Descriptive catalogue item on positive numeric invoice before cutoff; exception codes reviewed separately
82607A,merchandise,GLASS BONBON JAR PARFUME AUX FLEURE,161,Descriptive catalogue item on positive numeric invoice before cutoff; exception codes reviewed separately
82607C,merchandise,GLASS BONBON JAR. SUPERFINES,43,Descriptive catalogue item on positive numeric invoice before cutoff; exception codes reviewed separately
82607E,merchandise,GLASS BONBON JAR. D'AMANDES,26,Descriptive catalogue item on positive numeric invoice before cutoff; exception codes reviewed separately
82609,unresolved,,0,No descriptive positive-purchase evidence before cutoff
82613A,merchandise,"METAL SIGN,CUPCAKE SINGLE HOOK",122,Descriptive catalogue item on positive numeric invoice before cutoff; exception codes reviewed separately
82613B,merchandise,"METAL SIGN,CUPCAKE SINGLE HOOK",241,Descriptive catalogue item on positive numeric invoice before cutoff; exception codes reviewed separately
82613C,merchandise,"METAL SIGN,CUPCAKE SINGLE HOOK",204,Descriptive catalogue item on positive numeric invoice before cutoff; exception codes reviewed separately
82613D,merchandise,METAL SIGN CUPCAKE SINGLE HOOK,279,Descriptive catalogue item on positive numeric invoice before cutoff; exception codes reviewed separately
82615,merchandise,PINK MARSHMALLOW SCARF KNITTING KIT,92,Descriptive catalogue item on positive numeric invoice before cutoff; exception codes reviewed separately
82616A,merchandise,BUBBLE GUM SCARF KNITTING KIT,52,Descriptive catalogue item on positive numeric invoice before cutoff; exception codes reviewed separately
82616B,merchandise,FRAPPUCINO SCARF KNITTING KIT,131,Descriptive catalogue item on positive numeric invoice before cutoff; exception codes reviewed separately
82616C,merchandise,MIDNIGHT GLAMOUR SCARF KNITTING KIT,139,Descriptive catalogue item on positive numeric invoice before cutoff; exception codes reviewed separately
84006,merchandise,MAGIC TREE -PAPER FLOWERS,218,Descriptive catalogue item on positive numeric invoice before cutoff; exception codes reviewed separately
84007,merchandise,MAGIC GARDEN MOUNT FUJI,41,Descriptive catalogue item on positive numeric invoice before cutoff; exception codes reviewed separately
84010,unresolved,,0,No descriptive positive-purchase evidence before cutoff
84012,merchandise,MAGIC SHEEP WOOL GROWING FROM PAPER,170,Descriptive catalogue item on positive numeric invoice before cutoff; exception codes reviewed separately
84016,merchandise,FLAG OF ST GEORGE CAR FLAG,62,Descriptive catalogue item on positive numeric invoice before cutoff; exception codes reviewed separately
84029C,merchandise,BROWN FURRY HOT WATER BOTTLE,49,Descriptive catalogue item on positive numeric invoice before cutoff; exception codes reviewed separately
84029D,merchandise,LEOPARD PRINT HOT WATER BOTTLE,15,Descriptive catalogue item on positive numeric invoice before cutoff; exception codes reviewed separately
84029E,merchandise,RED WOOLLY HOTTIE WHITE HEART.,1226,Descriptive catalogue item on positive numeric invoice before cutoff; exception codes reviewed separately
84029G,merchandise,KNITTED UNION FLAG HOT WATER BOTTLE,1083,Descriptive catalogue item on positive numeric invoice before cutoff; exception codes reviewed separately
84030B,merchandise,KNITTED POM POM HOT WATER BOTTLE,4,Descriptive catalogue item on positive numeric invoice before cutoff; exception codes reviewed separately
84030C,merchandise,KNITTED RAINBOW HOT WATER BOTTLE,19,Descriptive catalogue item on positive numeric invoice before cutoff; exception codes reviewed separately
84030E,merchandise,ENGLISH ROSE HOT WATER BOTTLE,559,Descriptive catalogue item on positive numeric invoice before cutoff; exception codes reviewed separately
84031A,merchandise,CHARLIE+LOLA RED HOT WATER BOTTLE,315,Descriptive catalogue item on positive numeric invoice before cutoff; exception codes reviewed separately
84031B,merchandise,CHARLIE LOLA BLUE HOT WATER BOTTLE,279,Descriptive catalogue item on positive numeric invoice before cutoff; exception codes reviewed separately
84032A,merchandise,CHARLIE+LOLA PINK HOT WATER BOTTLE,670,Descriptive catalogue item on positive numeric invoice before cutoff; exception codes reviewed separately
84032B,merchandise,CHARLIE + LOLA RED HOT WATER BOTTLE,593,Descriptive catalogue item on positive numeric invoice before cutoff; exception codes reviewed separately
84033,merchandise,FLAG OF ST GEORGE,51,Descriptive catalogue item on positive numeric invoice before cutoff; exception codes reviewed separately
84050,merchandise,PINK HEART SHAPE EGG FRYING PAN,751,Descriptive catalogue item on positive numeric invoice before cutoff; exception codes reviewed separately
84051,merchandise,ASS COLOUR GLOWING TIARAS,59,Descriptive catalogue item on positive numeric invoice before cutoff; exception codes reviewed separately
84077,merchandise,WORLD WAR 2 GLIDERS ASSTD DESIGNS,1020,Descriptive catalogue item on positive numeric invoice before cutoff; exception codes reviewed separately
84078A,merchandise,SET/4 WHITE RETRO STORAGE CUBES,326,Descriptive catalogue item on positive numeric invoice before cutoff; exception codes reviewed separately
84081,merchandise,WHITE CERAMIC PARTY SET (5PCS),20,Descriptive catalogue item on positive numeric invoice before cutoff; exception codes reviewed separately
84086B,merchandise,YELLOW/BLUE RETRO RADIO,12,Descriptive catalogue item on positive numeric invoice before cutoff; exception codes reviewed separately
84086C,merchandise,PINK/PURPLE RETRO RADIO,94,Descriptive catalogue item on positive numeric invoice before cutoff; exception codes reviewed separately
84192,merchandise,ASSORTED COLOUR METAL CAT,43,Descriptive catalogue item on positive numeric invoice before cutoff; exception codes reviewed separately
84195,unresolved,,0,No descriptive positive-purchase evidence before cutoff
84199,merchandise,GLOW IN DARK DOLPHINS,73,Descriptive catalogue item on positive numeric invoice before cutoff; exception codes reviewed separately
84200,unresolved,,0,No descriptive positive-purchase evidence before cutoff
84201B,merchandise,HAPPY BIRTHDAY CARD STRIPEY TEDDY,8,Descriptive catalogue item on positive numeric invoice before cutoff; exception codes reviewed separately
84201C,merchandise,HAPPY BIRTHDAY CARD TEDDY/CAKE,3,Descriptive catalogue item on positive numeric invoice before cutoff; exception codes reviewed separately
84205C,merchandise,HAPPY BIRTHDAY GINGER CAT CARD,1,Descriptive catalogue item on positive numeric invoice before cutoff; exception codes reviewed separately
84206A,merchandise,3 BLACK CATS W HEARTS BLANK CARD,10,Descriptive catalogue item on positive numeric invoice before cutoff; exception codes reviewed separately
84206B,merchandise,CAT W SUNGLASSES BLANK CARD,1,Descriptive catalogue item on positive numeric invoice before cutoff; exception codes reviewed separately
84206C,merchandise,CHAMPAGNE TRAY BLANK CARD,4,Descriptive catalogue item on positive numeric invoice before cutoff; exception codes reviewed separately
84212,merchandise,"ASSORTED FLOWER COLOUR ""LEIS""",279,Descriptive catalogue item on positive numeric invoice before cutoff; exception codes reviewed separately
84218,merchandise,BOX/12 CHICK & EGG IN BASKET,99,Descriptive catalogue item on positive numeric invoice before cutoff; exception codes reviewed separately
84219,merchandise,BOX/12 MOTHER & CHICK IN BASKET/BOW,31,Descriptive catalogue item on positive numeric invoice before cutoff; exception codes reviewed separately
84224,unresolved,,0,No descriptive positive-purchase evidence before cutoff
84226,merchandise,HEN HOUSE W FAMILY IN BARN & NEST,18,Descriptive catalogue item on positive numeric invoice before cutoff; exception codes reviewed separately
84227,merchandise,HEN HOUSE W CHICK IN NEST,13,Descriptive catalogue item on positive numeric invoice before cutoff; exception codes reviewed separately
84228,merchandise,HEN HOUSE W CHICK STANDING,45,Descriptive catalogue item on positive numeric invoice before cutoff; exception codes reviewed separately
84231,merchandise,EASTER BUNNY WITH BASKET ON BACK,51,Descriptive catalogue item on positive numeric invoice before cutoff; exception codes reviewed separately
84247B,unresolved,,0,No descriptive positive-purchase evidence before cutoff
84247C,merchandise,PACK/12 BLUE REINDEER CARD,23,Descriptive catalogue item on positive numeric invoice before cutoff; exception codes reviewed separately
84247D,unresolved,,0,No descriptive positive-purchase evidence before cutoff
84247E,merchandise,PACK/12 XMAS FUN CARD,67,Descriptive catalogue item on positive numeric invoice before cutoff; exception codes reviewed separately
84247G,merchandise,"DECOUPAGE,GREETING CARD,",113,Descriptive catalogue item on positive numeric invoice before cutoff; exception codes reviewed separately
84247H,merchandise,PACK/12 DECOUPAGE CARD,20,Descriptive catalogue item on positive numeric invoice before cutoff; exception codes reviewed separately
84247J,merchandise,PACK/12 RUSSIAN DOLL CARDS,9,Descriptive catalogue item on positive numeric invoice before cutoff; exception codes reviewed separately
84247K,merchandise,"FOLK ART GREETING CARD,pack/12",30,Descriptive catalogue item on positive numeric invoice before cutoff; exception codes reviewed separately
84247L,merchandise,FAWN AND MUSHROOM GREETING CARD,113,Descriptive catalogue item on positive numeric invoice before cutoff; exception codes reviewed separately
84247N,merchandise,PACK/12 BLUE FOLKART CARDS,55,Descriptive catalogue item on positive numeric invoice before cutoff; exception codes reviewed separately
84248B,unresolved,,0,No descriptive positive-purchase evidence before cutoff
84248E,unresolved,,0,No descriptive positive-purchase evidence before cutoff
84248F,unresolved,,0,No descriptive positive-purchase evidence before cutoff
84249A,merchandise,"GREETING CARD,SQUARE, DOUGHNUTS",33,Descriptive catalogue item on positive numeric invoice before cutoff; exception codes reviewed separately
84249D,merchandise,FAIRY CAKE GREETINGS CARD,65,Descriptive catalogue item on positive numeric invoice before cutoff; exception codes reviewed separately
84250H,unresolved,,0,No descriptive positive-purchase evidence before cutoff
84250M,merchandise,"GREETING CARD, BLACKPOOL ROCK",13,Descriptive catalogue item on positive numeric invoice before cutoff; exception codes reviewed separately
84251B,merchandise,"GREETING CARD, STICKY GORDON",63,Descriptive catalogue item on positive numeric invoice before cutoff; exception codes reviewed separately
84251C,merchandise,"GREETING CARD, TWO SISTERS.",54,Descriptive catalogue item on positive numeric invoice before cutoff; exception codes reviewed separately
84251F,merchandise,"GREETING CARD, RITA",50,Descriptive catalogue item on positive numeric invoice before cutoff; exception codes reviewed separately
84251G,merchandise,"GREETING CARD, OVERCROWDED POOL.",90,Descriptive catalogue item on positive numeric invoice before cutoff; exception codes reviewed separately
84251J,merchandise,"GREETING CARD, THE BLACK CAT",17,Descriptive catalogue item on positive numeric invoice before cutoff; exception codes reviewed separately
84255A,merchandise,PINK GLASS COCKTAIL LAMP,2,Descriptive catalogue item on positive numeric invoice before cutoff; exception codes reviewed separately
84255B,merchandise,ORANGE COCKTAIL GLASS LAMP,19,Descriptive catalogue item on positive numeric invoice before cutoff; exception codes reviewed separately
84270,merchandise,ASSTD DESIGN BUBBLE GUM RING,482,Descriptive catalogue item on positive numeric invoice before cutoff; exception codes reviewed separately
84279B,merchandise,CHERRY BLOSSOM DECORATIVE FLASK,218,Descriptive catalogue item on positive numeric invoice before cutoff; exception codes reviewed separately
84279P,merchandise,CHERRY BLOSSOM  DECORATIVE FLASK,307,Descriptive catalogue item on positive numeric invoice before cutoff; exception codes reviewed separately
84288B,merchandise,SET/2 BLUE  NOODLE BASKETS,25,Descriptive catalogue item on positive numeric invoice before cutoff; exception codes reviewed separately
84292,merchandise,ROSE PINK METAL FOLDING CHAIR,14,Descriptive catalogue item on positive numeric invoice before cutoff; exception codes reviewed separately
84292B,merchandise,BLUE COL METAL FOLDING CHAIR,6,Descriptive catalogue item on positive numeric invoice before cutoff; exception codes reviewed separately
84306,merchandise,S/3 PINK SQUARE PLANTERS ROSES,31,Descriptive catalogue item on positive numeric invoice before cutoff; exception codes reviewed separately
84311,merchandise,CAMOFLAGE CUSHION COVER,1,Descriptive catalogue item on positive numeric invoice before cutoff; exception codes reviewed separately
84313A,merchandise,PINK TV TRAY TABLE,19,Descriptive catalogue item on positive numeric invoice before cutoff; exception codes reviewed separately
84313B,merchandise,BLUE TV TRAY TABLE,85,Descriptive catalogue item on positive numeric invoice before cutoff; exception codes reviewed separately
84313C,merchandise,ORANGE TV TRAY TABLE,73,Descriptive catalogue item on positive numeric invoice before cutoff; exception codes reviewed separately
84327A,merchandise,PINK JUMPER LARRY THE LAMB,125,Descriptive catalogue item on positive numeric invoice before cutoff; exception codes reviewed separately
84340,merchandise,LARGE FIBRE OPTIC CHRISTMAS TREE,11,Descriptive catalogue item on positive numeric invoice before cutoff; exception codes reviewed separately
84341A,unresolved,,0,No descriptive positive-purchase evidence before cutoff
84341B,merchandise,SMALL PINK MAGIC CHRISTMAS TREE,137,Descriptive catalogue item on positive numeric invoice before cutoff; exception codes reviewed separately
84344,unresolved,,0,No descriptive positive-purchase evidence before cutoff
84347,merchandise,ROTATING SILVER ANGELS T-LIGHT HLDR,786,Descriptive catalogue item on positive numeric invoice before cutoff; exception codes reviewed separately
84352,merchandise,SILVER CHRISTMAS TREE BAUBLE STAND,133,Descriptive catalogue item on positive numeric invoice before cutoff; exception codes reviewed separately
84356,merchandise,POMPOM CURTAIN,129,Descriptive catalogue item on positive numeric invoice before cutoff; exception codes reviewed separately
84358,merchandise,FLOOR LAMP SHADE WOOD BASE,30,Descriptive catalogue item on positive numeric invoice before cutoff; exception codes reviewed separately
84360,merchandise,TABLE LAMP WHITE SHADE WOOD BASE,42,Descriptive catalogue item on positive numeric invoice before cutoff; exception codes reviewed separately
84366,merchandise,VENDETTA CANVAS PICTURE,3,Descriptive catalogue item on positive numeric invoice before cutoff; exception codes reviewed separately
84367,merchandise,LA STREGA CANVAS PICTURE,8,Descriptive catalogue item on positive numeric invoice before cutoff; exception codes reviewed separately
84371,merchandise,BIG PINK POODLE,6,Descriptive catalogue item on positive numeric invoice before cutoff; exception codes reviewed separately
84375,merchandise,SET OF 20 KIDS COOKIE CUTTERS,824,Descriptive catalogue item on positive numeric invoice before cutoff; exception codes reviewed separately
84378,merchandise,SET OF 3 HEART COOKIE CUTTERS,1272,Descriptive catalogue item on positive numeric invoice before cutoff; exception codes reviewed separately
84380,merchandise,SET OF 3 BUTTERFLY COOKIE CUTTERS,1124,Descriptive catalogue item on positive numeric invoice before cutoff; exception codes reviewed separately
84387A,merchandise,BIRD ON BRANCH CANVAS SCREEN,1,Descriptive catalogue item on positive numeric invoice before cutoff; exception codes reviewed separately
84388,merchandise,WISE MAN STAR SHAPE EGG PAN,25,Descriptive catalogue item on positive numeric invoice before cutoff; exception codes reviewed separately
84389,unresolved,,0,No descriptive positive-purchase evidence before cutoff
84394,unresolved,,0,No descriptive positive-purchase evidence before cutoff
84395,unresolved,,0,No descriptive positive-purchase evidence before cutoff
84396,merchandise,6 HOOK JEWELLERY STAND BLACK DRESS,50,Descriptive catalogue item on positive numeric invoice before cutoff; exception codes reviewed separately
84402B,merchandise,PURPLE DRESS JEWELLERY STAND,5,Descriptive catalogue item on positive numeric invoice before cutoff; exception codes reviewed separately
84402C,unresolved,,0,No descriptive positive-purchase evidence before cutoff
84402D,merchandise,PINK DRESS JEWELLERY STAND,13,Descriptive catalogue item on positive numeric invoice before cutoff; exception codes reviewed separately
84405A,merchandise,S/3 PINK COL METAL BASKET W HANDLE,50,Descriptive catalogue item on positive numeric invoice before cutoff; exception codes reviewed separately
84406B,merchandise,CREAM CUPID HEARTS COAT HANGER,885,Descriptive catalogue item on positive numeric invoice before cutoff; exception codes reviewed separately
84414B,merchandise,FUSCHIA/GREEN STRIPE WOOLLY BLANKET,9,Descriptive catalogue item on positive numeric invoice before cutoff; exception codes reviewed separately
84415A,merchandise,PINK FLOCK SUEDE CUSHION COVER,6,Descriptive catalogue item on positive numeric invoice before cutoff; exception codes reviewed separately
84415B,merchandise,BLUE FLOCK CUSHION COVER,8,Descriptive catalogue item on positive numeric invoice before cutoff; exception codes reviewed separately
84422,merchandise,PINK/BLUE DISC/MIRROR STRING,39,Descriptive catalogue item on positive numeric invoice before cutoff; exception codes reviewed separately
84424A,merchandise,FOUR PICTURE WHITE GLASS FRAME,10,Descriptive catalogue item on positive numeric invoice before cutoff; exception codes reviewed separately
84425A,merchandise,WHITE GLASS TV TRIPLE FRAME,9,Descriptive catalogue item on positive numeric invoice before cutoff; exception codes reviewed separately
84427B,merchandise,BLACK GLASS TV DOUBLE P/FRAME 15X10,5,Descriptive catalogue item on positive numeric invoice before cutoff; exception codes reviewed separately
84429A,merchandise,MEDIUM PINK BUDDHA HEAD,43,Descriptive catalogue item on positive numeric invoice before cutoff; exception codes reviewed separately
84437A,merchandise,S/6 PINK EASTER DECS IN BOX,20,Descriptive catalogue item on positive numeric invoice before cutoff; exception codes reviewed separately
84439B,unresolved,,0,No descriptive positive-purchase evidence before cutoff
84440B,unresolved,,0,No descriptive positive-purchase evidence before cutoff
84444C,unresolved,,0,No descriptive positive-purchase evidence before cutoff
84447,merchandise,6 RABBIT CHAIN EASTER,20,Descriptive catalogue item on positive numeric invoice before cutoff; exception codes reviewed separately
84448,unresolved,,0,No descriptive positive-purchase evidence before cutoff
84449,unresolved,,0,No descriptive positive-purchase evidence before cutoff
84450A,merchandise,PINK RABBIT SITTING EASTER,5,Descriptive catalogue item on positive numeric invoice before cutoff; exception codes reviewed separately
84450B,merchandise,PINK/YELLOW RABBIT SAT EASTER,29,Descriptive catalogue item on positive numeric invoice before cutoff; exception codes reviewed separately
84452,merchandise,METAL RABBIT LADDER EASTER,45,Descriptive catalogue item on positive numeric invoice before cutoff; exception codes reviewed separately
84454,merchandise,WOBBLING METAL CHICKEN EASTER,18,Descriptive catalogue item on positive numeric invoice before cutoff; exception codes reviewed separately
84455,merchandise,SET OF 3 RABBIT CARROTS EASTER,21,Descriptive catalogue item on positive numeric invoice before cutoff; exception codes reviewed separately
84456,merchandise,SET OF 3 RABBIT EGG EASTER,16,Descriptive catalogue item on positive numeric invoice before cutoff; exception codes reviewed separately
84457,merchandise,SET/3 RABBITS FLOWER SKIPPPING ROPE,67,Descriptive catalogue item on positive numeric invoice before cutoff; exception codes reviewed separately
84458,merchandise,S/3 RABBIT FLOWER/EGG/CARROT ROPE,20,Descriptive catalogue item on positive numeric invoice before cutoff; exception codes reviewed separately
84459A,merchandise,PINK METAL CHICKEN HEART,211,Descriptive catalogue item on positive numeric invoice before cutoff; exception codes reviewed separately
84459B,merchandise,YELLOW METAL CHICKEN HEART,221,Descriptive catalogue item on positive numeric invoice before cutoff; exception codes reviewed separately
84460A,unresolved,,0,No descriptive positive-purchase evidence before cutoff
84461,merchandise,12 PINK HEN+CHICKS IN BASKET,40,Descriptive catalogue item on positive numeric invoice before cutoff; exception codes reviewed separately
84462,merchandise,3 PINK HEN+CHICKS IN BASKET,14,Descriptive catalogue item on positive numeric invoice before cutoff; exception codes reviewed separately
84464,merchandise,S/60 PINK FLUFFY CHICKS IN BOX,12,Descriptive catalogue item on positive numeric invoice before cutoff; exception codes reviewed separately
84465,merchandise,15 PINK FLUFFY CHICKS IN BOX,24,Descriptive catalogue item on positive numeric invoice before cutoff; exception codes reviewed separately
84466,merchandise,TOP SECRET PEN SET,76,Descriptive catalogue item on positive numeric invoice before cutoff; exception codes reviewed separately
84467,merchandise,ENGLISH ROSE DESIGN QUILTED THROW,83,Descriptive catalogue item on positive numeric invoice before cutoff; exception codes reviewed separately
84469,merchandise,ROSE DES PADDED FLOOR CUSHION,44,Descriptive catalogue item on positive numeric invoice before cutoff; exception codes reviewed separately
84472,merchandise,PINK AND LILAC QUILTED THROW,30,Descriptive catalogue item on positive numeric invoice before cutoff; exception codes reviewed separately
84476A,unresolved,,0,No descriptive positive-purchase evidence before cutoff
84482,merchandise,BUTTONS DESIGN JEWELLERY BOX,34,Descriptive catalogue item on positive numeric invoice before cutoff; exception codes reviewed separately
84493,merchandise,BLUE/PINK NEST STRIPE BOX,5,Descriptive catalogue item on positive numeric invoice before cutoff; exception codes reviewed separately
84494B,unresolved,,0,No descriptive positive-purchase evidence before cutoff
84497,merchandise,BUTTONS AND STRIPES NOTEBOOK,41,Descriptive catalogue item on positive numeric invoice before cutoff; exception codes reviewed separately
84499,merchandise,BLACK FLOWER CANDLE PLATE,41,Descriptive catalogue item on positive numeric invoice before cutoff; exception codes reviewed separately
84507B,merchandise,STRIPES DESIGN MONKEY DOLL,116,Descriptive catalogue item on positive numeric invoice before cutoff; exception codes reviewed separately
84507C,merchandise,BLUE CIRCLES DESIGN MONKEY DOLL,73,Descriptive catalogue item on positive numeric invoice before cutoff; exception codes reviewed separately
84508A,merchandise,CAMOUFLAGE DESIGN TEDDY,66,Descriptive catalogue item on positive numeric invoice before cutoff; exception codes reviewed separately
84508B,merchandise,STRIPES DESIGN TEDDY,80,Descriptive catalogue item on positive numeric invoice before cutoff; exception codes reviewed separately
84508C,merchandise,BLUE CIRCLES DESIGN TEDDY,46,Descriptive catalogue item on positive numeric invoice before cutoff; exception codes reviewed separately
84509A,merchandise,SET OF 4 ENGLISH ROSE PLACEMATS,443,Descriptive catalogue item on positive numeric invoice before cutoff; exception codes reviewed separately
84509B,merchandise,SET OF 4 FAIRY CAKE PLACEMATS,175,Descriptive catalogue item on positive numeric invoice before cutoff; exception codes reviewed separately
84509C,merchandise,SET OF 4 POLKADOT PLACEMATS,95,Descriptive catalogue item on positive numeric invoice before cutoff; exception codes reviewed separately
84509E,merchandise,SET OF 4 CAROUSEL PLACEMATS,28,Descriptive catalogue item on positive numeric invoice before cutoff; exception codes reviewed separately
84509F,merchandise,SET OF 4 NEW ENGLAND PLACEMATS,36,Descriptive catalogue item on positive numeric invoice before cutoff; exception codes reviewed separately
84509G,merchandise,SET OF 4 FAIRY CAKE PLACEMATS,131,Descriptive catalogue item on positive numeric invoice before cutoff; exception codes reviewed separately
84510A,merchandise,SET OF 4 ENGLISH ROSE COASTERS,542,Descriptive catalogue item on positive numeric invoice before cutoff; exception codes reviewed separately
84510B,merchandise,SET OF 4 FAIRY CAKES COASTERS,163,Descriptive catalogue item on positive numeric invoice before cutoff; exception codes reviewed separately
84510C,merchandise,SET OF 4 POLKADOT COASTERS,89,Descriptive catalogue item on positive numeric invoice before cutoff; exception codes reviewed separately
84510E,merchandise,SET OF 4 GREEN CAROUSEL COASTERS,32,Descriptive catalogue item on positive numeric invoice before cutoff; exception codes reviewed separately
84510F,merchandise,SET OF 4 NEW ENGLAND COASTERS,40,Descriptive catalogue item on positive numeric invoice before cutoff; exception codes reviewed separately
84511,unresolved,,0,No descriptive positive-purchase evidence before cutoff
84519A,merchandise,TOMATO CHARLIE+LOLA COASTER SET,198,Descriptive catalogue item on positive numeric invoice before cutoff; exception codes reviewed separately
84519B,merchandise,CARROT CHARLIE+LOLA COASTER SET,209,Descriptive catalogue item on positive numeric invoice before cutoff; exception codes reviewed separately
84519D,unresolved,,0,No descriptive positive-purchase evidence before cutoff
84520B,merchandise,PACK 20 ENGLISH ROSE PAPER NAPKINS,764,Descriptive catalogue item on positive numeric invoice before cutoff; exception codes reviewed separately
84520D,merchandise,PACK OF 20 FAIRY CAKE PAPER NAPKINS,96,Descriptive catalogue item on positive numeric invoice before cutoff; exception codes reviewed separately
84522,merchandise,PINK PARTY SUNGLASSES,27,Descriptive catalogue item on positive numeric invoice before cutoff; exception codes reviewed separately
84526,merchandise,GIANT BLACK SUNGLASSES,34,Descriptive catalogue item on positive numeric invoice before cutoff; exception codes reviewed separately
84527,merchandise,FLAMES SUNGLASSES PINK LENSES,25,Descriptive catalogue item on positive numeric invoice before cutoff; exception codes reviewed separately
84529A,merchandise,PINK KNITTED KIDS RUCKSACK,19,Descriptive catalogue item on positive numeric invoice before cutoff; exception codes reviewed separately
84529B,merchandise,BLUE KNITTED KID'S RUCKSACK,5,Descriptive catalogue item on positive numeric invoice before cutoff; exception codes reviewed separately
84529C,merchandise,YELLOW KNITTED KIDS RUCKSACK,37,Descriptive catalogue item on positive numeric invoice before cutoff; exception codes reviewed separately
84531A,merchandise,PINK KNITTED EGG COSY,50,Descriptive catalogue item on positive numeric invoice before cutoff; exception codes reviewed separately
84531B,merchandise,BLUE KNITTED EGG COSY,47,Descriptive catalogue item on positive numeric invoice before cutoff; exception codes reviewed separately
84532B,merchandise,FAIRY CAKES RECTANGLUAR BOXES,31,Descriptive catalogue item on positive numeric invoice before cutoff; exception codes reviewed separately
84533B,merchandise,FAIRY CAKES ROUND NESTING BOXES,24,Descriptive catalogue item on positive numeric invoice before cutoff; exception codes reviewed separately
84534B,merchandise,FAIRY CAKE NOTEBOOK A5 SIZE,202,Descriptive catalogue item on positive numeric invoice before cutoff; exception codes reviewed separately
84535A,merchandise,ENGLISH ROSE NOTEBOOK A6 SIZE,65,Descriptive catalogue item on positive numeric invoice before cutoff; exception codes reviewed separately
84535B,merchandise,FAIRY CAKES NOTEBOOK A6 SIZE,337,Descriptive catalogue item on positive numeric invoice before cutoff; exception codes reviewed separately
84536A,merchandise,ENGLISH ROSE NOTEBOOK A7 SIZE,642,Descriptive catalogue item on positive numeric invoice before cutoff; exception codes reviewed separately
84536B,merchandise,FAIRY CAKES NOTEBOOK A7 SIZE,416,Descriptive catalogue item on positive numeric invoice before cutoff; exception codes reviewed separately
84537B,merchandise,FAIRY CAKES GIFT BAG,11,Descriptive catalogue item on positive numeric invoice before cutoff; exception codes reviewed separately
84539,merchandise,KNITTED RABBIT DOLL,14,Descriptive catalogue item on positive numeric invoice before cutoff; exception codes reviewed separately
84546,merchandise,CROCHET POODLE KEYRING,3,Descriptive catalogue item on positive numeric invoice before cutoff; exception codes reviewed separately
84548,merchandise,CROCHET BEAR RED/BLUE  KEYRING,14,Descriptive catalogue item on positive numeric invoice before cutoff; exception codes reviewed separately
84549,merchandise,CROCHET WHITE RABBIT KEYRING,16,Descriptive catalogue item on positive numeric invoice before cutoff; exception codes reviewed separately
84550,merchandise,CROCHET LILAC/RED BEAR KEYRING,5,Descriptive catalogue item on positive numeric invoice before cutoff; exception codes reviewed separately
84551,merchandise,CROCHET DOG KEYRING,8,Descriptive catalogue item on positive numeric invoice before cutoff; exception codes reviewed separately
84555A,merchandise,YELLOW VW BEETLE CERAMIC MONEY BOX,17,Descriptive catalogue item on positive numeric invoice before cutoff; exception codes reviewed separately
84558A,merchandise,3D DOG PICTURE PLAYING CARDS,246,Descriptive catalogue item on positive numeric invoice before cutoff; exception codes reviewed separately
84558B,unresolved,,0,No descriptive positive-purchase evidence before cutoff
84559A,merchandise,3D SHEET OF DOG STICKERS,276,Descriptive catalogue item on positive numeric invoice before cutoff; exception codes reviewed separately
84559B,merchandise,3D SHEET OF CAT STICKERS,231,Descriptive catalogue item on positive numeric invoice before cutoff; exception codes reviewed separately
84559D,merchandise,3D SHEET OF SEA WORLD STICKERS,33,Descriptive catalogue item on positive numeric invoice before cutoff; exception codes reviewed separately
84562A,merchandise,PINK/WHITE RIBBED MELAMINE JUG,81,Descriptive catalogue item on positive numeric invoice before cutoff; exception codes reviewed separately
84562B,merchandise,BLUE/WHITE RIBBED MELAMINE JUG,7,Descriptive catalogue item on positive numeric invoice before cutoff; exception codes reviewed separately
84563A,merchandise,PINK & WHITE BREAKFAST TRAY,64,Descriptive catalogue item on positive numeric invoice before cutoff; exception codes reviewed separately
84563B,merchandise,BLUE & WHITE BREAKFAST TRAY,63,Descriptive catalogue item on positive numeric invoice before cutoff; exception codes reviewed separately
84564,merchandise,6 SEGMENT COLOURED SNACK BOWL,11,Descriptive catalogue item on positive numeric invoice before cutoff; exception codes reviewed separately
84567,merchandise,FROSTED GLASS WITH SILVER SURROUND,1,Descriptive catalogue item on positive numeric invoice before cutoff; exception codes reviewed separately
84568,merchandise,GIRLS ALPHABET IRON ON PATCHES,307,Descriptive catalogue item on positive numeric invoice before cutoff; exception codes reviewed separately
84569A,merchandise,PACK 3 IRON ON DOG PATCHES,115,Descriptive catalogue item on positive numeric invoice before cutoff; exception codes reviewed separately
84569B,merchandise,PACK 3 FIRE ENGINE/CAR PATCHES,84,Descriptive catalogue item on positive numeric invoice before cutoff; exception codes reviewed separately
84569C,merchandise,PACK 4 FLOWER/BUTTERFLY PATCHES,89,Descriptive catalogue item on positive numeric invoice before cutoff; exception codes reviewed separately
84569D,merchandise,PACK 6 HEART/ICE-CREAM PATCHES,188,Descriptive catalogue item on positive numeric invoice before cutoff; exception codes reviewed separately
84570B,merchandise,WHITE SATIN DRESS JEWEL STAND,2,Descriptive catalogue item on positive numeric invoice before cutoff; exception codes reviewed separately
84571,unresolved,,0,No descriptive positive-purchase evidence before cutoff
84572,merchandise,6 HOOK JEWEL STAND LILAC DRESS,1,Descriptive catalogue item on positive numeric invoice before cutoff; exception codes reviewed separately
84575A,merchandise,PINK DOG CANNISTER,13,Descriptive catalogue item on positive numeric invoice before cutoff; exception codes reviewed separately
84575B,merchandise,BROWN DOG CANNISTER W BONE,3,Descriptive catalogue item on positive numeric invoice before cutoff; exception codes reviewed separately
84576,merchandise,BLUE CAT BISCUIT BARREL PINK HEART,32,Descriptive catalogue item on positive numeric invoice before cutoff; exception codes reviewed separately
84578,merchandise,ELEPHANT TOY WITH BLUE T-SHIRT,115,Descriptive catalogue item on positive numeric invoice before cutoff; exception codes reviewed separately
84580,merchandise,MOUSE TOY WITH PINK T-SHIRT,457,Descriptive catalogue item on positive numeric invoice before cutoff; exception codes reviewed separately
84581,merchandise,DOG TOY WITH PINK CROCHET SKIRT,237,Descriptive catalogue item on positive numeric invoice before cutoff; exception codes reviewed separately
84582,merchandise,PINK CROCHET CAT WITH SCARF,12,Descriptive catalogue item on positive numeric invoice before cutoff; exception codes reviewed separately
84584,merchandise,PINK GINGHAM CAT WITH SCARF,75,Descriptive catalogue item on positive numeric invoice before cutoff; exception codes reviewed separately
84585L,unresolved,,0,No descriptive positive-purchase evidence before cutoff
84586L,merchandise,"PINK ROSES/GINGHAM PATCH RABBIT 8""",9,Descriptive catalogue item on positive numeric invoice before cutoff; exception codes reviewed separately
84592,merchandise,CROCHET ROSE PURSE WITH SUEDE BACK,48,Descriptive catalogue item on positive numeric invoice before cutoff; exception codes reviewed separately
84593,merchandise,CROCHET ROSE DES CLOTHES HANGER,9,Descriptive catalogue item on positive numeric invoice before cutoff; exception codes reviewed separately
84595B,merchandise,LARGE TRIFLE DESIGN L BLUE BOWL,16,Descriptive catalogue item on positive numeric invoice before cutoff; exception codes reviewed separately
84595E,merchandise,LARGE TORTILLA DESIGN RED BOWL,43,Descriptive catalogue item on positive numeric invoice before cutoff; exception codes reviewed separately
84596B,merchandise,SMALL DOLLY MIX DESIGN ORANGE BOWL,737,Descriptive catalogue item on positive numeric invoice before cutoff; exception codes reviewed separately
84596E,merchandise,SMALL LICORICE DES PINK BOWL,233,Descriptive catalogue item on positive numeric invoice before cutoff; exception codes reviewed separately
84596F,merchandise,SMALL MARSHMALLOWS PINK BOWL,614,Descriptive catalogue item on positive numeric invoice before cutoff; exception codes reviewed separately
84596G,merchandise,SMALL CHOCOLATES PINK BOWL,353,Descriptive catalogue item on positive numeric invoice before cutoff; exception codes reviewed separately
84596I,merchandise,WRAP SWEETS LIGHT PINK SMALL BOWL,11,Descriptive catalogue item on positive numeric invoice before cutoff; exception codes reviewed separately
84596J,merchandise,MIXED NUTS LIGHT GREEN BOWL,144,Descriptive catalogue item on positive numeric invoice before cutoff; exception codes reviewed separately
84596K,merchandise,JELLY BABIES YELLOW SMALL BOWL,93,Descriptive catalogue item on positive numeric invoice before cutoff; exception codes reviewed separately
84596L,merchandise,BISCUITS SMALL BOWL LIGHT BLUE,263,Descriptive catalogue item on positive numeric invoice before cutoff; exception codes reviewed separately
84597A,unresolved,,0,No descriptive positive-purchase evidence before cutoff
84597B,merchandise,RETRO BROWN BALL ASHTRAY,27,Descriptive catalogue item on positive numeric invoice before cutoff; exception codes reviewed separately
84597C,merchandise,RETRO PINK BALL ASHTRAY,45,Descriptive catalogue item on positive numeric invoice before cutoff; exception codes reviewed separately
84598,merchandise,BOYS ALPHABET IRON ON PATCHES,218,Descriptive catalogue item on positive numeric invoice before cutoff; exception codes reviewed separately
84599,merchandise,CANDY STRIPE ROSE FLOOR CUSHION,6,Descriptive catalogue item on positive numeric invoice before cutoff; exception codes reviewed separately
84600,merchandise,NEW BAROQUE JEWELLERY BOX,49,Descriptive catalogue item on positive numeric invoice before cutoff; exception codes reviewed separately
84600A,unresolved,,0,No descriptive positive-purchase evidence before cutoff
84601A,merchandise,NEW BAROQUE IVORY CUSHION COVER,15,Descriptive catalogue item on positive numeric invoice before cutoff; exception codes reviewed separately
84608,merchandise,ORNATE EDWARDIAN CANDLE HOLDER,4,Descriptive catalogue item on positive numeric invoice before cutoff; exception codes reviewed separately
84609,merchandise,TALL ROCOCO CANDLE HOLDER,38,Descriptive catalogue item on positive numeric invoice before cutoff; exception codes reviewed separately
84611B,merchandise,BLACK NEW BAROQUE FLOCK BOX,4,Descriptive catalogue item on positive numeric invoice before cutoff; exception codes reviewed separately
84612B,merchandise,SET/4 BLACK  BAROQUE FLOCK COASTER,4,Descriptive catalogue item on positive numeric invoice before cutoff; exception codes reviewed separately
84613A,merchandise,PINK NEW BAROQUE FLOCK CANDLESTICK,10,Descriptive catalogue item on positive numeric invoice before cutoff; exception codes reviewed separately
84613C,merchandise,BLUE NEW BAROQUE FLOCK CANDLESTICK,13,Descriptive catalogue item on positive numeric invoice before cutoff; exception codes reviewed separately
84614A,merchandise,PINK BAROQUE FLOCK CANDLE HOLDER,11,Descriptive catalogue item on positive numeric invoice before cutoff; exception codes reviewed separately
84614C,merchandise,BLUE BAROQUE FLOCK CANDLE HOLDER,1,Descriptive catalogue item on positive numeric invoice before cutoff; exception codes reviewed separately
84615,merchandise,PINK ROUND BUTTERFLY MIRROR,21,Descriptive catalogue item on positive numeric invoice before cutoff; exception codes reviewed separately
84616,merchandise,SILVER ROCCOCO CHANDELIER,25,Descriptive catalogue item on positive numeric invoice before cutoff; exception codes reviewed separately
84617,merchandise,NEW BAROQUE BLACK BOXES,7,Descriptive catalogue item on positive numeric invoice before cutoff; exception codes reviewed separately
84619,merchandise,BLUE GINGHAM ROSE QUILT,29,Descriptive catalogue item on positive numeric invoice before cutoff; exception codes reviewed separately
84620,merchandise,BLUE GINGHAM ROSE CUSHION COVER,51,Descriptive catalogue item on positive numeric invoice before cutoff; exception codes reviewed separately
84621,merchandise,BLUE GINGHAM ROSE FLOOR CUSHION,15,Descriptive catalogue item on positive numeric invoice before cutoff; exception codes reviewed separately
84622,merchandise,PINK GINGHAM ROSE CUSHION COVER,9,Descriptive catalogue item on positive numeric invoice before cutoff; exception codes reviewed separately
84623,merchandise,PINK GINGHAM ROSE FLOOR CUSHION,14,Descriptive catalogue item on positive numeric invoice before cutoff; exception codes reviewed separately
84625A,merchandise,PINK NEW BAROQUECANDLESTICK CANDLE,88,Descriptive catalogue item on positive numeric invoice before cutoff; exception codes reviewed separately
84625B,merchandise,BLCK NEW BAROQUE CANDLESTICK CANDLE,17,Descriptive catalogue item on positive numeric invoice before cutoff; exception codes reviewed separately
84625C,merchandise,BLUE NEW BAROQUE CANDLESTICK CANDLE,78,Descriptive catalogue item on positive numeric invoice before cutoff; exception codes reviewed separately
84625D,merchandise,WHITE NEWBAROQUE CANDLESTICK CANDLE,53,Descriptive catalogue item on positive numeric invoice before cutoff; exception codes reviewed separately
84626,merchandise,CANDY STRIPE ROSE QUILT,1,Descriptive catalogue item on positive numeric invoice before cutoff; exception codes reviewed separately
84627,merchandise,CANDY STRIPE ROSE C/COVER,21,Descriptive catalogue item on positive numeric invoice before cutoff; exception codes reviewed separately
84629,merchandise,WHITE 3 FRAME BIRDS AND TREE,13,Descriptive catalogue item on positive numeric invoice before cutoff; exception codes reviewed separately
84630,merchandise,FLOWERS AND BIRDS WALL PLAQUE,1,Descriptive catalogue item on positive numeric invoice before cutoff; exception codes reviewed separately
84631,merchandise,FRUIT TREE AND BIRDS WALL PLAQUE,51,Descriptive catalogue item on positive numeric invoice before cutoff; exception codes reviewed separately
84632,merchandise,DECORATIVE HANGING SHELVING UNIT,11,Descriptive catalogue item on positive numeric invoice before cutoff; exception codes reviewed separately
84637,merchandise,KITCHEN FLOWER POTS WALL PLAQUE,115,Descriptive catalogue item on positive numeric invoice before cutoff; exception codes reviewed separately
84638,merchandise,SMALL KITCHEN FLOWER POTS PLAQUE,69,Descriptive catalogue item on positive numeric invoice before cutoff; exception codes reviewed separately
84641,unresolved,,0,No descriptive positive-purchase evidence before cutoff
84642,unresolved,,0,No descriptive positive-purchase evidence before cutoff
84648,merchandise,NEW BAROQUE WALL MIRROR,1,Descriptive catalogue item on positive numeric invoice before cutoff; exception codes reviewed separately
84653,merchandise,GREEN ROSE QUILT,12,Descriptive catalogue item on positive numeric invoice before cutoff; exception codes reviewed separately
84656,merchandise,WHITE ROSE C/COVER,13,Descriptive catalogue item on positive numeric invoice before cutoff; exception codes reviewed separately
84657,merchandise,GREEN ROSE CUSHION COVER,21,Descriptive catalogue item on positive numeric invoice before cutoff; exception codes reviewed separately
84658,merchandise,WHITE STITCHED CUSHION COVER,68,Descriptive catalogue item on positive numeric invoice before cutoff; exception codes reviewed separately
84659A,merchandise,WHITE TRAVEL ALARM CLOCK,235,Descriptive catalogue item on positive numeric invoice before cutoff; exception codes reviewed separately
84660A,merchandise,WHITE STITCHED WALL CLOCK,56,Descriptive catalogue item on positive numeric invoice before cutoff; exception codes reviewed separately
84660B,merchandise,BLACK STITCHED WALL CLOCK,69,Descriptive catalogue item on positive numeric invoice before cutoff; exception codes reviewed separately
84660C,merchandise,PINK STITCHED WALL CLOCK,117,Descriptive catalogue item on positive numeric invoice before cutoff; exception codes reviewed separately
84661A,merchandise,WHITE SQUARE TABLE CLOCK,39,Descriptive catalogue item on positive numeric invoice before cutoff; exception codes reviewed separately
84661B,merchandise,BLACK SQUARE TABLE CLOCK,47,Descriptive catalogue item on positive numeric invoice before cutoff; exception codes reviewed separately
84661C,merchandise,PINK SQUARE TABLE CLOCK,23,Descriptive catalogue item on positive numeric invoice before cutoff; exception codes reviewed separately
84663A,merchandise,GRASS HOPPER WOODEN WALL CLOCK,68,Descriptive catalogue item on positive numeric invoice before cutoff; exception codes reviewed separately
84664,merchandise,CHERRY BLOSSOM BATHROOM CABINET,51,Descriptive catalogue item on positive numeric invoice before cutoff; exception codes reviewed separately
84665,merchandise,SQUARE CHERRY BLOSSOM CABINET,48,Descriptive catalogue item on positive numeric invoice before cutoff; exception codes reviewed separately
84666,merchandise,SQUARE CHERRY BLOSSOM CABINET,33,Descriptive catalogue item on positive numeric invoice before cutoff; exception codes reviewed separately
84670,merchandise,JAPANESE CROCHETED ANIMAL,194,Descriptive catalogue item on positive numeric invoice before cutoff; exception codes reviewed separately
84671A,unresolved,,0,No descriptive positive-purchase evidence before cutoff
84671B,merchandise,CROCHET BEAR WITH BLUE STRIPES,35,Descriptive catalogue item on positive numeric invoice before cutoff; exception codes reviewed separately
84672A,unresolved,,0,No descriptive positive-purchase evidence before cutoff
84673A,merchandise,PINK FLY SWAT,103,Descriptive catalogue item on positive numeric invoice before cutoff; exception codes reviewed separately
84673B,merchandise,BLUE FLY SWAT,138,Descriptive catalogue item on positive numeric invoice before cutoff; exception codes reviewed separately
84674,merchandise,FLYING PIG WATERING CAN,108,Descriptive catalogue item on positive numeric invoice before cutoff; exception codes reviewed separately
84675,merchandise,FROG KING WATERING CAN,62,Descriptive catalogue item on positive numeric invoice before cutoff; exception codes reviewed separately
84676,merchandise,BATH DUCK WATERING CAN,110,Descriptive catalogue item on positive numeric invoice before cutoff; exception codes reviewed separately
84678,merchandise,CLASSICAL ROSE SMALL VASE,90,Descriptive catalogue item on positive numeric invoice before cutoff; exception codes reviewed separately
84679,merchandise,CLASSICAL ROSE TABLE LAMP,3,Descriptive catalogue item on positive numeric invoice before cutoff; exception codes reviewed separately
84680,merchandise,CLASSICAL ROSE URN,17,Descriptive catalogue item on positive numeric invoice before cutoff; exception codes reviewed separately
84681,unresolved,,0,No descriptive positive-purchase evidence before cutoff
84682,merchandise,CLASSICAL ROSE DISH,51,Descriptive catalogue item on positive numeric invoice before cutoff; exception codes reviewed separately
84683,merchandise,CLASSICAL ROSE CANDLESTAND,52,Descriptive catalogue item on positive numeric invoice before cutoff; exception codes reviewed separately
84684,merchandise,BEACH HUT PHOTO FRAME,40,Descriptive catalogue item on positive numeric invoice before cutoff; exception codes reviewed separately
84685,merchandise,BEACH HUT KEY CABINET,129,Descriptive catalogue item on positive numeric invoice before cutoff; exception codes reviewed separately
84686,merchandise,BEACH HUT MIRROR,76,Descriptive catalogue item on positive numeric invoice before cutoff; exception codes reviewed separately
84687,merchandise,BEACH HUT SHELF W 3 DRAWERS,74,Descriptive catalogue item on positive numeric invoice before cutoff; exception codes reviewed separately
84688,merchandise,BEACH HUT DESIGN BLACKBOARD,81,Descriptive catalogue item on positive numeric invoice before cutoff; exception codes reviewed separately
84689,merchandise,S/2 BEACH HUT TREASURE CHESTS,40,Descriptive catalogue item on positive numeric invoice before cutoff; exception codes reviewed separately
84690,merchandise,S/2 BEACH HUT STOOLS,15,Descriptive catalogue item on positive numeric invoice before cutoff; exception codes reviewed separately
84691,merchandise,PACK 20 DOLLY PEGS,240,Descriptive catalogue item on positive numeric invoice before cutoff; exception codes reviewed separately
84692,merchandise,BOX OF 24 COCKTAIL PARASOLS,1161,Descriptive catalogue item on positive numeric invoice before cutoff; exception codes reviewed separately
84699,unresolved,,0,No descriptive positive-purchase evidence before cutoff
84705A,merchandise,ENGLISH ROSE PHOTO FRAME,8,Descriptive catalogue item on positive numeric invoice before cutoff; exception codes reviewed separately
84705B,merchandise,FAIRY CAKES PHOTO FRAME,5,Descriptive catalogue item on positive numeric invoice before cutoff; exception codes reviewed separately
84705C,merchandise,PINK FLOCK PHOTO FRAME,8,Descriptive catalogue item on positive numeric invoice before cutoff; exception codes reviewed separately
84705D,merchandise,CHERRY BLOSSOM PHOTO FRAME,15,Descriptive catalogue item on positive numeric invoice before cutoff; exception codes reviewed separately
84705E,unresolved,,0,No descriptive positive-purchase evidence before cutoff
84705F,merchandise,RED PEONY PHOTO FRAME,7,Descriptive catalogue item on positive numeric invoice before cutoff; exception codes reviewed separately
84706A,merchandise,ENGLISH ROSE TABLE CLOCK,7,Descriptive catalogue item on positive numeric invoice before cutoff; exception codes reviewed separately
84706B,merchandise,FAIRY CAKES TABLE CLOCK,9,Descriptive catalogue item on positive numeric invoice before cutoff; exception codes reviewed separately
84706C,merchandise,PINK FLOCK TABLE CLOCK,4,Descriptive catalogue item on positive numeric invoice before cutoff; exception codes reviewed separately
84706D,merchandise,CHERRY BLOSSOM TABLE CLOCK,17,Descriptive catalogue item on positive numeric invoice before cutoff; exception codes reviewed separately
84706E,unresolved,,0,No descriptive positive-purchase evidence before cutoff
84706F,merchandise,RED PEONY TABLE CLOCK,18,Descriptive catalogue item on positive numeric invoice before cutoff; exception codes reviewed separately
84707A,merchandise,SILVER JEWELLED MIRROR TRINKET TRAY,61,Descriptive catalogue item on positive numeric invoice before cutoff; exception codes reviewed separately
84707B,merchandise,PINK JEWELLED MIRROR TRINKET TRAY,50,Descriptive catalogue item on positive numeric invoice before cutoff; exception codes reviewed separately
84708B,merchandise,PINK JEWELLED PHOTO FRAME,52,Descriptive catalogue item on positive numeric invoice before cutoff; exception codes reviewed separately
84709A,merchandise,SILVER OVAL JEWELLED MIRROR,15,Descriptive catalogue item on positive numeric invoice before cutoff; exception codes reviewed separately
84709B,merchandise,PINK OVAL JEWELLED MIRROR,90,Descriptive catalogue item on positive numeric invoice before cutoff; exception codes reviewed separately
84711A,merchandise,SILVER OVAL SHAPE TRINKET BOX,24,Descriptive catalogue item on positive numeric invoice before cutoff; exception codes reviewed separately
84711B,merchandise,PINK OVAL SHAPE TRINKET BOX,29,Descriptive catalogue item on positive numeric invoice before cutoff; exception codes reviewed separately
84712B,merchandise,PINK JEWELLED PHOTO FRAME,61,Descriptive catalogue item on positive numeric invoice before cutoff; exception codes reviewed separately
84715,merchandise,SET OF 6 ICE CREAM SKITTLES,47,Descriptive catalogue item on positive numeric invoice before cutoff; exception codes reviewed separately
84718,unresolved,,0,No descriptive positive-purchase evidence before cutoff
84720,merchandise,DOT MATRIX CANVAS ART PICTURE,3,Descriptive catalogue item on positive numeric invoice before cutoff; exception codes reviewed separately
84721,merchandise,MANHATTAN CANVAS ART PICTURE,2,Descriptive catalogue item on positive numeric invoice before cutoff; exception codes reviewed separately
84723,merchandise,CHERRY BLOSSOM CANVAS ART PICTURE,12,Descriptive catalogue item on positive numeric invoice before cutoff; exception codes reviewed separately
84725,merchandise,FREESTYLE CANVAS ART PICTURE,30,Descriptive catalogue item on positive numeric invoice before cutoff; exception codes reviewed separately
84726,merchandise,LILLIES CANVAS PICTURE,5,Descriptive catalogue item on positive numeric invoice before cutoff; exception codes reviewed separately
84731,merchandise,3 BIRDS CANVAS SCREEN,3,Descriptive catalogue item on positive numeric invoice before cutoff; exception codes reviewed separately
84732B,merchandise,CUTE BIRD CEATURE SCREEN,6,Descriptive catalogue item on positive numeric invoice before cutoff; exception codes reviewed separately
84732D,merchandise,CUTE RABBIT CEATURE SCREEN,6,Descriptive catalogue item on positive numeric invoice before cutoff; exception codes reviewed separately
84741C,merchandise,CITRUS GARLAND FELT FLOWERS,53,Descriptive catalogue item on positive numeric invoice before cutoff; exception codes reviewed separately
84743C,merchandise,ORANGE FELT VASE + FLOWERS,6,Descriptive catalogue item on positive numeric invoice before cutoff; exception codes reviewed separately
84744,merchandise,S/6 SEW ON CROCHET FLOWERS,40,Descriptive catalogue item on positive numeric invoice before cutoff; exception codes reviewed separately
84745A,merchandise,PINK HANGING GINGHAM EASTER HEN,19,Descriptive catalogue item on positive numeric invoice before cutoff; exception codes reviewed separately
84745B,merchandise,BLUE HANGING GINGHAM EASTER HEN,20,Descriptive catalogue item on positive numeric invoice before cutoff; exception codes reviewed separately
84746,merchandise,PINK EASTER HENS+FLOWER,17,Descriptive catalogue item on positive numeric invoice before cutoff; exception codes reviewed separately
84748,merchandise,FOLK FELT HANGING MULTICOL GARLAND,97,Descriptive catalogue item on positive numeric invoice before cutoff; exception codes reviewed separately
84750A,merchandise,PINK SMALL GLASS CAKE STAND,105,Descriptive catalogue item on positive numeric invoice before cutoff; exception codes reviewed separately
84750B,merchandise,BLACK SMALL GLASS CAKE STAND,78,Descriptive catalogue item on positive numeric invoice before cutoff; exception codes reviewed separately
84750C,unresolved,,0,No descriptive positive-purchase evidence before cutoff
84751B,merchandise,BLACK MEDIUM GLASS CAKE STAND,21,Descriptive catalogue item on positive numeric invoice before cutoff; exception codes reviewed separately
84752B,unresolved,,0,No descriptive positive-purchase evidence before cutoff
84753A,merchandise,PINK EAU DE COLOGNE BOTTLE,24,Descriptive catalogue item on positive numeric invoice before cutoff; exception codes reviewed separately
84754,merchandise,S/15 SILVER GLASS BAUBLES IN BAG,241,Descriptive catalogue item on positive numeric invoice before cutoff; exception codes reviewed separately
84755,merchandise,COLOUR GLASS T-LIGHT HOLDER HANGING,1289,Descriptive catalogue item on positive numeric invoice before cutoff; exception codes reviewed separately
84757,merchandise,ENCHANTED GARDEN WROUGHT IRON TABLE,4,Descriptive catalogue item on positive numeric invoice before cutoff; exception codes reviewed separately
84760L,merchandise,LARGE HANGING GLASS+ZINC LANTERN,1,Descriptive catalogue item on positive numeric invoice before cutoff; exception codes reviewed separately
84760S,merchandise,SMALL HANGING GLASS+ZINC LANTERN,39,Descriptive catalogue item on positive numeric invoice before cutoff; exception codes reviewed separately
84761,merchandise,IVORY HANGING BIRD PLANTER,64,Descriptive catalogue item on positive numeric invoice before cutoff; exception codes reviewed separately
84762A,merchandise,WHITE PICNIC BARBECUE BUCKET,29,Descriptive catalogue item on positive numeric invoice before cutoff; exception codes reviewed separately
84762B,merchandise,PINK PICNIC BARBECUE BUCKET,48,Descriptive catalogue item on positive numeric invoice before cutoff; exception codes reviewed separately
84762C,merchandise,GREEN PICNIC BARBECUE BUCKET,43,Descriptive catalogue item on positive numeric invoice before cutoff; exception codes reviewed separately
84763,merchandise,ZINC FINISH 15CM PLANTER POTS,176,Descriptive catalogue item on positive numeric invoice before cutoff; exception codes reviewed separately
84765,merchandise,SILVER ROCOCO CANDELABRA,6,Descriptive catalogue item on positive numeric invoice before cutoff; exception codes reviewed separately
84766,merchandise,SILVER ROCOCO CANDLE STICK,28,Descriptive catalogue item on positive numeric invoice before cutoff; exception codes reviewed separately
84767,merchandise,ZINC POLICE BOX LANTERN,6,Descriptive catalogue item on positive numeric invoice before cutoff; exception codes reviewed separately
84770,merchandise,ROUND GEORGIAN SILVER MIRROR,16,Descriptive catalogue item on positive numeric invoice before cutoff; exception codes reviewed separately
84773,merchandise,RED ROSE AND LACE C/COVER,50,Descriptive catalogue item on positive numeric invoice before cutoff; exception codes reviewed separately
84775,unresolved,,0,No descriptive positive-purchase evidence before cutoff
84782A,merchandise,PINK 3 TIER GLASS PLATE STAND,26,Descriptive catalogue item on positive numeric invoice before cutoff; exception codes reviewed separately
84782B,merchandise,BLACK 3 TIER GLASS PLATE STAND,6,Descriptive catalogue item on positive numeric invoice before cutoff; exception codes reviewed separately
84782C,merchandise,GREEN 3 TIER GLASS PLATE STAND,18,Descriptive catalogue item on positive numeric invoice before cutoff; exception codes reviewed separately
84789,merchandise,ENCHANTED BIRD PLANT CAGE,127,Descriptive catalogue item on positive numeric invoice before cutoff; exception codes reviewed separately
84791,merchandise,GINGHAM HEART DECORATION,108,Descriptive catalogue item on positive numeric invoice before cutoff; exception codes reviewed separately
84792,merchandise,ENCHANTED BIRD COATHANGER 5 HOOK,526,Descriptive catalogue item on positive numeric invoice before cutoff; exception codes reviewed separately
84795A,merchandise,PASTEL STRIPE HAMMOCK,72,Descriptive catalogue item on positive numeric invoice before cutoff; exception codes reviewed separately
84795B,merchandise,SUNSET CHECK HAMMOCK,115,Descriptive catalogue item on positive numeric invoice before cutoff; exception codes reviewed separately
84795C,merchandise,OCEAN STRIPE HAMMOCK,132,Descriptive catalogue item on positive numeric invoice before cutoff; exception codes reviewed separately
84795D,merchandise,SEASIDE STRIPE HAMMOCK,83,Descriptive catalogue item on positive numeric invoice before cutoff; exception codes reviewed separately
84795E,merchandise,RIO PINK STRIPE HAMMOCK,6,Descriptive catalogue item on positive numeric invoice before cutoff; exception codes reviewed separately
84796A,merchandise,PINK HAWAIIAN PICNIC HAMPER FOR 2,130,Descriptive catalogue item on positive numeric invoice before cutoff; exception codes reviewed separately
84796B,merchandise,BLUE SAVANNAH PICNIC HAMPER FOR 2,184,Descriptive catalogue item on positive numeric invoice before cutoff; exception codes reviewed separately
84797A,merchandise,PINK HAWAIIAN PICNIC HAMPER FOR 4,61,Descriptive catalogue item on positive numeric invoice before cutoff; exception codes reviewed separately
84797B,merchandise,BLUE SAVANNAH PICNIC HAMPER FOR 4,52,Descriptive catalogue item on positive numeric invoice before cutoff; exception codes reviewed separately
84798A,merchandise,PINK FOXGLOVE ARTIIFCIAL FLOWER,10,Descriptive catalogue item on positive numeric invoice before cutoff; exception codes reviewed separately
84798B,merchandise,PURPLE FOXGLOVE ARTIIFCIAL FLOWER,10,Descriptive catalogue item on positive numeric invoice before cutoff; exception codes reviewed separately
84798C,merchandise,WHITE FOXGLOVE ARTIIFCIAL FLOWER,3,Descriptive catalogue item on positive numeric invoice before cutoff; exception codes reviewed separately
84799,merchandise,SPRIG LAVENDER ARTIFICIAL FLOWER,32,Descriptive catalogue item on positive numeric invoice before cutoff; exception codes reviewed separately
84800L,merchandise,LARGE WHITE/PINK ROSE ART FLOWER,38,Descriptive catalogue item on positive numeric invoice before cutoff; exception codes reviewed separately
84800M,merchandise,MEDIUM WHITE/PINK ROSE ART FLOWER,27,Descriptive catalogue item on positive numeric invoice before cutoff; exception codes reviewed separately
84800S,merchandise,SMALL WHITE/PINK ROSE ART FLOWER,20,Descriptive catalogue item on positive numeric invoice before cutoff; exception codes reviewed separately
84801A,merchandise,PINK HYDRANGEA ART FLOWER,15,Descriptive catalogue item on positive numeric invoice before cutoff; exception codes reviewed separately
84801B,merchandise,WHITE HYDRANGEA ART FLOWER,18,Descriptive catalogue item on positive numeric invoice before cutoff; exception codes reviewed separately
84802A,merchandise,WHITE ANEMONE ARTIFICIAL FLOWER,25,Descriptive catalogue item on positive numeric invoice before cutoff; exception codes reviewed separately
84802B,merchandise,PURPLE ANEMONE ARTIFICIAL FLOWER,18,Descriptive catalogue item on positive numeric invoice before cutoff; exception codes reviewed separately
84803A,merchandise,PINK ALLIUM  ARTIFICIAL FLOWER,17,Descriptive catalogue item on positive numeric invoice before cutoff; exception codes reviewed separately
84803B,merchandise,WHITE ALLIUM  ARTIFICIAL FLOWER,11,Descriptive catalogue item on positive numeric invoice before cutoff; exception codes reviewed separately
84804A,merchandise,CREAM DELPHINIUM ARTIFICIAL FLOWER,18,Descriptive catalogue item on positive numeric invoice before cutoff; exception codes reviewed separately
84804B,merchandise,BLUE DELPHINIUM ARTIFICIAL FLOWER,19,Descriptive catalogue item on positive numeric invoice before cutoff; exception codes reviewed separately
84805A,merchandise,CREAM CLIMBING HYDRANGA ART FLOWER,6,Descriptive catalogue item on positive numeric invoice before cutoff; exception codes reviewed separately
84805B,merchandise,BLUE CLIMBING HYDRANGA ART FLOWER,7,Descriptive catalogue item on positive numeric invoice before cutoff; exception codes reviewed separately
84806A,merchandise,PINK CANDYSTUFT ARTIFICIAL FLOWER,16,Descriptive catalogue item on positive numeric invoice before cutoff; exception codes reviewed separately
84806B,merchandise,WHITE CANDYSTUFT ARTIFICIAL FLOWER,31,Descriptive catalogue item on positive numeric invoice before cutoff; exception codes reviewed separately
84807,merchandise,RED POPPY ARTIFICIAL FLOWER,7,Descriptive catalogue item on positive numeric invoice before cutoff; exception codes reviewed separately
84809A,merchandise,WHITE CHRYSANTHEMUMS ART FLOWER,23,Descriptive catalogue item on positive numeric invoice before cutoff; exception codes reviewed separately
84809B,merchandise,PINK CHRYSANTHEMUMS ART FLOWER,8,Descriptive catalogue item on positive numeric invoice before cutoff; exception codes reviewed separately
84810C,unresolved,,0,No descriptive positive-purchase evidence before cutoff
84811A,unresolved,,0,No descriptive positive-purchase evidence before cutoff
84813,merchandise,SET OF 4 DIAMOND NAPKIN RINGS,97,Descriptive catalogue item on positive numeric invoice before cutoff; exception codes reviewed separately
84814A,merchandise,HEXAGONAL CRYSTAL PERFUME BOTTLE,1,Descriptive catalogue item on positive numeric invoice before cutoff; exception codes reviewed separately
84814B,merchandise,RHOMBUS CRYSTAL PERFUME BOTTLE,3,Descriptive catalogue item on positive numeric invoice before cutoff; exception codes reviewed separately
84815,merchandise,SET OF 3 DANISH ROSE PLANTERS,57,Descriptive catalogue item on positive numeric invoice before cutoff; exception codes reviewed separately
84816,merchandise,DANISH ROSE BEDSIDE CABINET,20,Descriptive catalogue item on positive numeric invoice before cutoff; exception codes reviewed separately
84817,merchandise,DANISH ROSE DECORATIVE PLATE,70,Descriptive catalogue item on positive numeric invoice before cutoff; exception codes reviewed separately
84818,merchandise,DANISH ROSE PHOTO FRAME,216,Descriptive catalogue item on positive numeric invoice before cutoff; exception codes reviewed separately
84819,merchandise,DANISH ROSE ROUND SEWING BOX,81,Descriptive catalogue item on positive numeric invoice before cutoff; exception codes reviewed separately
84820,merchandise,DANISH ROSE TRINKET TRAYS,49,Descriptive catalogue item on positive numeric invoice before cutoff; exception codes reviewed separately
84821,merchandise,DANISH ROSE DELUXE COASTER,73,Descriptive catalogue item on positive numeric invoice before cutoff; exception codes reviewed separately
84823,merchandise,DANISH ROSE FOLDING CHAIR,29,Descriptive catalogue item on positive numeric invoice before cutoff; exception codes reviewed separately
84824,merchandise,DANISH ROSE UMBRELLA STAND,32,Descriptive catalogue item on positive numeric invoice before cutoff; exception codes reviewed separately
84825,unresolved,,0,No descriptive positive-purchase evidence before cutoff
84826,merchandise,ASSTD DESIGN 3D PAPER STICKERS,63,Descriptive catalogue item on positive numeric invoice before cutoff; exception codes reviewed separately
84827,merchandise,ASS DES PHONE SPONGE CRAFT STICKER,36,Descriptive catalogue item on positive numeric invoice before cutoff; exception codes reviewed separately
84828,merchandise,JUNGLE POPSICLES ICE LOLLY HOLDERS,210,Descriptive catalogue item on positive numeric invoice before cutoff; exception codes reviewed separately
84830,merchandise,LARGE ENGLISH ARBORETUM,7,Descriptive catalogue item on positive numeric invoice before cutoff; exception codes reviewed separately
84832,merchandise,ZINC WILLIE WINKIE  CANDLE STICK,642,Descriptive catalogue item on positive numeric invoice before cutoff; exception codes reviewed separately
84836,merchandise,ZINC METAL HEART DECORATION,1478,Descriptive catalogue item on positive numeric invoice before cutoff; exception codes reviewed separately
84837,merchandise,WHITE SWEETHEARTS CABINET 4 DRAWERS,146,Descriptive catalogue item on positive numeric invoice before cutoff; exception codes reviewed separately
84838,merchandise,ANT WHITE HIGH RISE BIRD BOX,4,Descriptive catalogue item on positive numeric invoice before cutoff; exception codes reviewed separately
84839,merchandise,SWEETHEART KEY CABINET,407,Descriptive catalogue item on positive numeric invoice before cutoff; exception codes reviewed separately
84840,merchandise,SWEETHEART CARRY-ALL BASKET,144,Descriptive catalogue item on positive numeric invoice before cutoff; exception codes reviewed separately
84841,unresolved,,0,No descriptive positive-purchase evidence before cutoff
84842,merchandise,HELLO SAILOR BATHROOM SET,36,Descriptive catalogue item on positive numeric invoice before cutoff; exception codes reviewed separately
84843,merchandise,WHITE SOAP RACK WITH 2 BOTTLES,111,Descriptive catalogue item on positive numeric invoice before cutoff; exception codes reviewed separately
84845A,merchandise,HOLLYHOCK SQUARE HANDY TIN,1,Descriptive catalogue item on positive numeric invoice before cutoff; exception codes reviewed separately
84845B,unresolved,,0,No descriptive positive-purchase evidence before cutoff
84845C,merchandise,CARNATION SQUARE HANDY TIN,14,Descriptive catalogue item on positive numeric invoice before cutoff; exception codes reviewed separately
84845D,merchandise,GERANIUM SQUARE HANDY TIN,11,Descriptive catalogue item on positive numeric invoice before cutoff; exception codes reviewed separately
84846A,merchandise,SCENTED CANDLE IN DIGITALIS TIN,59,Descriptive catalogue item on positive numeric invoice before cutoff; exception codes reviewed separately
84847,merchandise,FLORAL BATHROOM SET,51,Descriptive catalogue item on positive numeric invoice before cutoff; exception codes reviewed separately
84849A,merchandise,HELLO SAILOR BLUE SOAP HOLDER,107,Descriptive catalogue item on positive numeric invoice before cutoff; exception codes reviewed separately
84849B,merchandise,FAIRY SOAP SOAP HOLDER,301,Descriptive catalogue item on positive numeric invoice before cutoff; exception codes reviewed separately
84849C,unresolved,,0,No descriptive positive-purchase evidence before cutoff
84849D,merchandise,HOT BATHS SOAP HOLDER,265,Descriptive catalogue item on positive numeric invoice before cutoff; exception codes reviewed separately
84854,merchandise,GIRLY PINK TOOL SET,113,Descriptive catalogue item on positive numeric invoice before cutoff; exception codes reviewed separately
84855,merchandise,BLOKEY SILVER TOOL SET,16,Descriptive catalogue item on positive numeric invoice before cutoff; exception codes reviewed separately
84856L,merchandise,LARGE TAHITI BEACH BAG,82,Descriptive catalogue item on positive numeric invoice before cutoff; exception codes reviewed separately
84856S,merchandise,SMALL TAHITI BEACH BAG,33,Descriptive catalogue item on positive numeric invoice before cutoff; exception codes reviewed separately
84857A,merchandise,SILVER MONTE CARLO HANDBAG,3,Descriptive catalogue item on positive numeric invoice before cutoff; exception codes reviewed separately
84857B,merchandise,BLUE MONTE CARLO HANDBAG,1,Descriptive catalogue item on positive numeric invoice before cutoff; exception codes reviewed separately
84857C,merchandise,PINK MONTE CARLO HANDBAG,17,Descriptive catalogue item on positive numeric invoice before cutoff; exception codes reviewed separately
84858A,merchandise,NATURAL RIVIERA HANDBAG,8,Descriptive catalogue item on positive numeric invoice before cutoff; exception codes reviewed separately
84858B,merchandise,BLUE RIVIERA HANDBAG,9,Descriptive catalogue item on positive numeric invoice before cutoff; exception codes reviewed separately
84858C,merchandise,PINK RIVIERA HANDBAG,30,Descriptive catalogue item on positive numeric invoice before cutoff; exception codes reviewed separately
84859A,merchandise,SILVER DISCO HANDBAG,59,Descriptive catalogue item on positive numeric invoice before cutoff; exception codes reviewed separately
84859B,merchandise,BLUE DISCO HANDBAG,18,Descriptive catalogue item on positive numeric invoice before cutoff; exception codes reviewed separately
84859C,merchandise,PINK DISCO HANDBAG,39,Descriptive catalogue item on positive numeric invoice before cutoff; exception codes reviewed separately
84864A,merchandise,PINK PAISLEY PHOTO ALBUM,4,Descriptive catalogue item on positive numeric invoice before cutoff; exception codes reviewed separately
84865,merchandise,NEW BAROQUE BLACK PHOTO ALBUM,53,Descriptive catalogue item on positive numeric invoice before cutoff; exception codes reviewed separately
84866,unresolved,,0,No descriptive positive-purchase evidence before cutoff
84867A,merchandise,PINK BABY GIRLS PHOTO ALBUM,5,Descriptive catalogue item on positive numeric invoice before cutoff; exception codes reviewed separately
84867B,merchandise,BLUE BABY BOY'S PHOTO ALBUM,1,Descriptive catalogue item on positive numeric invoice before cutoff; exception codes reviewed separately
84868A,merchandise,PINK BABY GIRL'S MEMORY BOX,2,Descriptive catalogue item on positive numeric invoice before cutoff; exception codes reviewed separately
84868B,merchandise,BLUE BABY BOY'S MEMORY BOX,4,Descriptive catalogue item on positive numeric invoice before cutoff; exception codes reviewed separately
84869,merchandise,CANDY BUTTON PHOTO ALBUM,26,Descriptive catalogue item on positive numeric invoice before cutoff; exception codes reviewed separately
84870B,merchandise,BLUE GEISHA GIRL,43,Descriptive catalogue item on positive numeric invoice before cutoff; exception codes reviewed separately
84870C,merchandise,GREEN GEISHA GIRL,44,Descriptive catalogue item on positive numeric invoice before cutoff; exception codes reviewed separately
84871,unresolved,,0,No descriptive positive-purchase evidence before cutoff
84872A,merchandise,TEATIME FUNKY FLOWER BACKPACK FOR 2,152,Descriptive catalogue item on positive numeric invoice before cutoff; exception codes reviewed separately
84873A,merchandise,FUNKY FLOWER PICNIC BAG FOR 4,76,Descriptive catalogue item on positive numeric invoice before cutoff; exception codes reviewed separately
84873B,unresolved,,0,No descriptive positive-purchase evidence before cutoff
84874A,unresolved,,0,No descriptive positive-purchase evidence before cutoff
84874B,merchandise,BLUE TRAVEL FIRST AID KIT,38,Descriptive catalogue item on positive numeric invoice before cutoff; exception codes reviewed separately
84875A,merchandise,PINK SQUARE COMPACT MIRROR,12,Descriptive catalogue item on positive numeric invoice before cutoff; exception codes reviewed separately
84875B,merchandise,GREEN SQUARE COMPACT MIRROR,40,Descriptive catalogue item on positive numeric invoice before cutoff; exception codes reviewed separately
84875D,merchandise,BLUE SQUARE COMPACT MIRROR,37,Descriptive catalogue item on positive numeric invoice before cutoff; exception codes reviewed separately
84876B,merchandise,GREEN HEART COMPACT MIRROR,43,Descriptive catalogue item on positive numeric invoice before cutoff; exception codes reviewed separately
84876C,merchandise,SILVER HEART COMPACT MIRROR,5,Descriptive catalogue item on positive numeric invoice before cutoff; exception codes reviewed separately
84876D,merchandise,BLUE HEART COMPACT MIRROR,37,Descriptive catalogue item on positive numeric invoice before cutoff; exception codes reviewed separately
84877A,merchandise,PINK ROUND COMPACT MIRROR,17,Descriptive catalogue item on positive numeric invoice before cutoff; exception codes reviewed separately
84877B,merchandise,GREEN ROUND COMPACT MIRROR,43,Descriptive catalogue item on positive numeric invoice before cutoff; exception codes reviewed separately
84877C,unresolved,,0,No descriptive positive-purchase evidence before cutoff
84877D,merchandise,BLUE ROUND COMPACT MIRROR,47,Descriptive catalogue item on positive numeric invoice before cutoff; exception codes reviewed separately
84879,merchandise,ASSORTED COLOUR BIRD ORNAMENT,2891,Descriptive catalogue item on positive numeric invoice before cutoff; exception codes reviewed separately
84880,merchandise,WHITE WIRE EGG HOLDER,386,Descriptive catalogue item on positive numeric invoice before cutoff; exception codes reviewed separately
84881,merchandise,BLUE WIRE SPIRAL CANDLE HOLDER,25,Descriptive catalogue item on positive numeric invoice before cutoff; exception codes reviewed separately
84882,merchandise,GREEN WIRE STANDING CANDLE HOLDER,38,Descriptive catalogue item on positive numeric invoice before cutoff; exception codes reviewed separately
84884A,merchandise,ANT WHITE WIRE HEART SPIRAL,348,Descriptive catalogue item on positive numeric invoice before cutoff; exception codes reviewed separately
84886,merchandise,BLUE METAL WALL SHELF,10,Descriptive catalogue item on positive numeric invoice before cutoff; exception codes reviewed separately
84891B,merchandise,GREEN WIRE GOBLET CANDLEHOLDER,7,Descriptive catalogue item on positive numeric invoice before cutoff; exception codes reviewed separately
84893,merchandise,ANT WHITE IRON BASKET,16,Descriptive catalogue item on positive numeric invoice before cutoff; exception codes reviewed separately
84896C,unresolved,,0,No descriptive positive-purchase evidence before cutoff
84897A,unresolved,,0,No descriptive positive-purchase evidence before cutoff
84898E,unresolved,,0,No descriptive positive-purchase evidence before cutoff
84898F,merchandise,YELLOW FLOWERS FELT HANDBAG KIT,56,Descriptive catalogue item on positive numeric invoice before cutoff; exception codes reviewed separately
84899A,unresolved,,0,No descriptive positive-purchase evidence before cutoff
84899E,merchandise,YELLOW + BROWN BEAR FELT PURSE KIT,15,Descriptive catalogue item on positive numeric invoice before cutoff; exception codes reviewed separately
84899F,merchandise,YELLOW PURPLE DAISY FELT PURSE KIT,53,Descriptive catalogue item on positive numeric invoice before cutoff; exception codes reviewed separately
84901,merchandise,BLACK FACE LAMB WITH PANTS,77,Descriptive catalogue item on positive numeric invoice before cutoff; exception codes reviewed separately
84902,merchandise,PINK KNITTED COW STUFFED TOY,53,Descriptive catalogue item on positive numeric invoice before cutoff; exception codes reviewed separately
84904,unresolved,,0,No descriptive positive-purchase evidence before cutoff
84905,merchandise,PINK BUTTERFLY CUSHION COVER,99,Descriptive catalogue item on positive numeric invoice before cutoff; exception codes reviewed separately
84906,merchandise,PINK B'FLY C/COVER W BOBBLES,17,Descriptive catalogue item on positive numeric invoice before cutoff; exception codes reviewed separately
84907,merchandise,PINK YELLOW PATCH CUSHION COVER,31,Descriptive catalogue item on positive numeric invoice before cutoff; exception codes reviewed separately
84908A,merchandise,PINK 5 PATCH FLOWER CUSHION COVER,37,Descriptive catalogue item on positive numeric invoice before cutoff; exception codes reviewed separately
84908B,merchandise,BLUE 5 PATCH FLOWER CUSHION COVER,35,Descriptive catalogue item on positive numeric invoice before cutoff; exception codes reviewed separately
84909A,merchandise,PINK PAISLEY QUILT,30,Descriptive catalogue item on positive numeric invoice before cutoff; exception codes reviewed separately
84910A,merchandise,PINK PAISLEY CUSHION COVER,54,Descriptive catalogue item on positive numeric invoice before cutoff; exception codes reviewed separately
84912A,merchandise,PINK ROSE WASHBAG,236,Descriptive catalogue item on positive numeric invoice before cutoff; exception codes reviewed separately
84912B,merchandise,GREEN ROSE WASHBAG,268,Descriptive catalogue item on positive numeric invoice before cutoff; exception codes reviewed separately
84913A,merchandise,SOFT PINK ROSE TOWEL,274,Descriptive catalogue item on positive numeric invoice before cutoff; exception codes reviewed separately
84913B,merchandise,MINT GREEN ROSE TOWEL,209,Descriptive catalogue item on positive numeric invoice before cutoff; exception codes reviewed separately
84914A,merchandise,PINK ROSE PICNIC RUG,5,Descriptive catalogue item on positive numeric invoice before cutoff; exception codes reviewed separately
84915,merchandise,HAND TOWEL PINK FLOWER AND DAISY,39,Descriptive catalogue item on positive numeric invoice before cutoff; exception codes reviewed separately
84916,merchandise,HAND TOWEL PALE BLUE W FLOWERS,63,Descriptive catalogue item on positive numeric invoice before cutoff; exception codes reviewed separately
84917,merchandise,WHITE HAND TOWEL WITH BUTTERFLY,56,Descriptive catalogue item on positive numeric invoice before cutoff; exception codes reviewed separately
84918,merchandise,CREAM CUSHION COVER WITH FLOWERS,60,Descriptive catalogue item on positive numeric invoice before cutoff; exception codes reviewed separately
84919,merchandise,BLUE CUSHION COVER WITH FLOWER,39,Descriptive catalogue item on positive numeric invoice before cutoff; exception codes reviewed separately
84920,merchandise,PINK FLOWER FABRIC PONY,90,Descriptive catalogue item on positive numeric invoice before cutoff; exception codes reviewed separately
84921,merchandise,CREAM AND PINK FLOWERS PONY,18,Descriptive catalogue item on positive numeric invoice before cutoff; exception codes reviewed separately
84922,merchandise,PINK BUTTERFLY WASHBAG,16,Descriptive catalogue item on positive numeric invoice before cutoff; exception codes reviewed separately
84923,merchandise,PINK BUTTERFLY HANDBAG W BOBBLES,152,Descriptive catalogue item on positive numeric invoice before cutoff; exception codes reviewed separately
84924A,merchandise,WAKE UP COCKEREL CALENDAR SIGN,64,Descriptive catalogue item on positive numeric invoice before cutoff; exception codes reviewed separately
84924D,merchandise,LA PALMIERA METAL SIGN CALENDAR,15,Descriptive catalogue item on positive numeric invoice before cutoff; exception codes reviewed separately
84924F,merchandise,PSYCHEDELIC METAL SIGN CALENDAR,10,Descriptive catalogue item on positive numeric invoice before cutoff; exception codes reviewed separately
84925A,merchandise,WAKE UP COCKEREL WALL THERMOMETER,17,Descriptive catalogue item on positive numeric invoice before cutoff; exception codes reviewed separately
84925C,merchandise,FAIRY CAKES  WALL THERMOMETER,10,Descriptive catalogue item on positive numeric invoice before cutoff; exception codes reviewed separately
84925D,merchandise,LA PALMIERA WALL THERMOMETER,27,Descriptive catalogue item on positive numeric invoice before cutoff; exception codes reviewed separately
84925E,merchandise,FLOWERS WALL THERMOMETER,3,Descriptive catalogue item on positive numeric invoice before cutoff; exception codes reviewed separately
84925F,merchandise,PSYCHEDELIC WALL THERMOMETER,36,Descriptive catalogue item on positive numeric invoice before cutoff; exception codes reviewed separately
84926A,merchandise,WAKE UP COCKEREL TILE COASTER,53,Descriptive catalogue item on positive numeric invoice before cutoff; exception codes reviewed separately
84926B,merchandise,SCOTTS ROSES TILE COASTER,10,Descriptive catalogue item on positive numeric invoice before cutoff; exception codes reviewed separately
84926C,merchandise,FAIRY CAKES TILE COASTER,32,Descriptive catalogue item on positive numeric invoice before cutoff; exception codes reviewed separately
84926D,merchandise,LA PALMIERA TILE COASTER,47,Descriptive catalogue item on positive numeric invoice before cutoff; exception codes reviewed separately
84926E,merchandise,FLOWERS TILE COASTER,52,Descriptive catalogue item on positive numeric invoice before cutoff; exception codes reviewed separately
84926F,merchandise,PSYCHEDELIC TILE COASTER,41,Descriptive catalogue item on positive numeric invoice before cutoff; exception codes reviewed separately
84927A,merchandise,WAKE UP COCKEREL TILE HOOK,34,Descriptive catalogue item on positive numeric invoice before cutoff; exception codes reviewed separately
84927C,unresolved,,0,No descriptive positive-purchase evidence before cutoff
84927D,merchandise,LA PALMIERA TILE HOOK,30,Descriptive catalogue item on positive numeric invoice before cutoff; exception codes reviewed separately
84927E,merchandise,FLOWERS TILE HOOK,30,Descriptive catalogue item on positive numeric invoice before cutoff; exception codes reviewed separately
84927F,merchandise,PSYCHEDELIC TILE HOOK,62,Descriptive catalogue item on positive numeric invoice before cutoff; exception codes reviewed separately
84928,unresolved,,0,No descriptive positive-purchase evidence before cutoff
84929,merchandise,ASSTD FRUIT+FLOWERS FRIDGE MAGNETS,94,Descriptive catalogue item on positive numeric invoice before cutoff; exception codes reviewed separately
84931A,merchandise,PINK SCOTTIE DOG W FLOWER PATTERN,86,Descriptive catalogue item on positive numeric invoice before cutoff; exception codes reviewed separately
84931B,merchandise,BLUE SCOTTIE DOG W FLOWER PATTERN,86,Descriptive catalogue item on positive numeric invoice before cutoff; exception codes reviewed separately
84932A,merchandise,SMALL GREEN PEONY FOLDING STOOL,24,Descriptive catalogue item on positive numeric invoice before cutoff; exception codes reviewed separately
84932B,merchandise,SMALL PINK PEONY FOLDING STOOL,17,Descriptive catalogue item on positive numeric invoice before cutoff; exception codes reviewed separately
84932C,merchandise,SMALL ORIENTAL BLUE FOLDING STOOL,34,Descriptive catalogue item on positive numeric invoice before cutoff; exception codes reviewed separately
84932D,merchandise,SMALL ORIENTAL RED FOLDING STOOL,21,Descriptive catalogue item on positive numeric invoice before cutoff; exception codes reviewed separately
84933A,merchandise,LARGE GREEN PEONY FOLDING STOOL,6,Descriptive catalogue item on positive numeric invoice before cutoff; exception codes reviewed separately
84933B,merchandise,LARGE PINK PEONY FOLDING STOOL,6,Descriptive catalogue item on positive numeric invoice before cutoff; exception codes reviewed separately
84933C,merchandise,LARGE BLUE ORIENTAL FOLDING STOOL,6,Descriptive catalogue item on positive numeric invoice before cutoff; exception codes reviewed separately
84933D,unresolved,,0,No descriptive positive-purchase evidence before cutoff
84934,merchandise,ASSTD DESIGN POP ART SLIM PEN,13,Descriptive catalogue item on positive numeric invoice before cutoff; exception codes reviewed separately
84937,merchandise,KASHMIR FOLKART TUMBLERS,125,Descriptive catalogue item on positive numeric invoice before cutoff; exception codes reviewed separately
84938,unresolved,,0,No descriptive positive-purchase evidence before cutoff
84940,unresolved,,0,No descriptive positive-purchase evidence before cutoff
84942,merchandise,KASHMIR FOLKART HEART DISHES,3,Descriptive catalogue item on positive numeric invoice before cutoff; exception codes reviewed separately
84944,merchandise,SET OF 6 KASHMIR FOLKART BAUBLES,207,Descriptive catalogue item on positive numeric invoice before cutoff; exception codes reviewed separately
84945,merchandise,MULTI COLOUR SILVER T-LIGHT HOLDER,667,Descriptive catalogue item on positive numeric invoice before cutoff; exception codes reviewed separately
84946,merchandise,ANTIQUE SILVER TEA GLASS ETCHED,1161,Descriptive catalogue item on positive numeric invoice before cutoff; exception codes reviewed separately
84947,merchandise,ANTIQUE SILVER TEA GLASS ENGRAVED,710,Descriptive catalogue item on positive numeric invoice before cutoff; exception codes reviewed separately
84948,merchandise,SILVER HANGING T-LIGHT HOLDER DOME,38,Descriptive catalogue item on positive numeric invoice before cutoff; exception codes reviewed separately
84949,merchandise,SILVER HANGING T-LIGHT HOLDER,714,Descriptive catalogue item on positive numeric invoice before cutoff; exception codes reviewed separately
84950,merchandise,ASSORTED COLOUR T-LIGHT HOLDER,283,Descriptive catalogue item on positive numeric invoice before cutoff; exception codes reviewed separately
84951A,merchandise,SET OF 4 PISTACHIO LOVEBIRD COASTER,110,Descriptive catalogue item on positive numeric invoice before cutoff; exception codes reviewed separately
84951B,merchandise,SET OF 4 BLACK LOVEBIRD COASTERS,90,Descriptive catalogue item on positive numeric invoice before cutoff; exception codes reviewed separately
84952A,merchandise,CLEAR LOVE BIRD T-LIGHT HOLDER,41,Descriptive catalogue item on positive numeric invoice before cutoff; exception codes reviewed separately
84952B,merchandise,BLACK LOVE BIRD T-LIGHT HOLDER,47,Descriptive catalogue item on positive numeric invoice before cutoff; exception codes reviewed separately
84952C,merchandise,MIRROR LOVE BIRD T-LIGHT HOLDER,47,Descriptive catalogue item on positive numeric invoice before cutoff; exception codes reviewed separately
84962,merchandise,SET/3 COLOUR PAINTED KASHMIRI STOOL,2,Descriptive catalogue item on positive numeric invoice before cutoff; exception codes reviewed separately
84963A,merchandise,PINK PAINTED KASHMIRI CHAIR,10,Descriptive catalogue item on positive numeric invoice before cutoff; exception codes reviewed separately
84963B,merchandise,BLUE PAINTED KASHMIRI CHAIR,6,Descriptive catalogue item on positive numeric invoice before cutoff; exception codes reviewed separately
84964A,merchandise,PINK PAINTED KASHMIRI TABLE,2,Descriptive catalogue item on positive numeric invoice before cutoff; exception codes reviewed separately
84964B,merchandise,BLUE PAINTED KASHMIRI TABLE,2,Descriptive catalogue item on positive numeric invoice before cutoff; exception codes reviewed separately
84965A,merchandise,PINK KASHMIRI COFFEE TABLE,3,Descriptive catalogue item on positive numeric invoice before cutoff; exception codes reviewed separately
84965B,merchandise,BLUE KASHMIRI COFFEE TABLE,4,Descriptive catalogue item on positive numeric invoice before cutoff; exception codes reviewed separately
84966A,merchandise,PINK KASHMIRI BOXED MIRROR,4,Descriptive catalogue item on positive numeric invoice before cutoff; exception codes reviewed separately
84966B,merchandise,BLUE KASHMIRI BOXED MIRROR,4,Descriptive catalogue item on positive numeric invoice before cutoff; exception codes reviewed separately
84966C,merchandise,GREEN KASHMIRI BOXED MIRROR,2,Descriptive catalogue item on positive numeric invoice before cutoff; exception codes reviewed separately
84967A,merchandise,PINK KASHMIRI OCCASIONAL TABLE,3,Descriptive catalogue item on positive numeric invoice before cutoff; exception codes reviewed separately
84967B,merchandise,BLUE KASHMIRI OCCASIONAL TABLE,11,Descriptive catalogue item on positive numeric invoice before cutoff; exception codes reviewed separately
84967C,merchandise,GREEN KASHMIRI OCCASIONAL TABLE,4,Descriptive catalogue item on positive numeric invoice before cutoff; exception codes reviewed separately
84968A,merchandise,SET OF 16 VINTAGE ROSE CUTLERY,126,Descriptive catalogue item on positive numeric invoice before cutoff; exception codes reviewed separately
84968B,merchandise,S/16 VINTAGE IVORY CUTLERY,134,Descriptive catalogue item on positive numeric invoice before cutoff; exception codes reviewed separately
84968C,merchandise,SET OF 16 VINTAGE PISTACHIO CUTLERY,138,Descriptive catalogue item on positive numeric invoice before cutoff; exception codes reviewed separately
84968D,merchandise,SET OF 16 VINTAGE RED CUTLERY,70,Descriptive catalogue item on positive numeric invoice before cutoff; exception codes reviewed separately
84968E,merchandise,SET OF 16 VINTAGE BLACK CUTLERY,64,Descriptive catalogue item on positive numeric invoice before cutoff; exception codes reviewed separately
84968F,merchandise,SET OF 16 VINTAGE SKY BLUE CUTLERY,85,Descriptive catalogue item on positive numeric invoice before cutoff; exception codes reviewed separately
84969,merchandise,BOX OF 6 ASSORTED COLOUR TEASPOONS,263,Descriptive catalogue item on positive numeric invoice before cutoff; exception codes reviewed separately
84970L,merchandise,SINGLE HEART ZINC T-LIGHT HOLDER,1169,Descriptive catalogue item on positive numeric invoice before cutoff; exception codes reviewed separately
84970S,merchandise,HANGING HEART ZINC T-LIGHT HOLDER,1546,Descriptive catalogue item on positive numeric invoice before cutoff; exception codes reviewed separately
84971L,merchandise,LARGE HEART FLOWERS HOOK,63,Descriptive catalogue item on positive numeric invoice before cutoff; exception codes reviewed separately
84971S,merchandise,SMALL HEART FLOWERS HOOK,474,Descriptive catalogue item on positive numeric invoice before cutoff; exception codes reviewed separately
84972L,merchandise,GIANT PINK HEART MEMO HOLDER,46,Descriptive catalogue item on positive numeric invoice before cutoff; exception codes reviewed separately
84972M,unresolved,,0,No descriptive positive-purchase evidence before cutoff
84974,merchandise,S/2 ZINC HEART DESIGN PLANTERS,61,Descriptive catalogue item on positive numeric invoice before cutoff; exception codes reviewed separately
84975,merchandise,HEART SHAPED MIRROR,221,Descriptive catalogue item on positive numeric invoice before cutoff; exception codes reviewed separately
84976,merchandise,RECTANGULAR SHAPED MIRROR,53,Descriptive catalogue item on positive numeric invoice before cutoff; exception codes reviewed separately
84977,merchandise,WIRE FLOWER T-LIGHT HOLDER,45,Descriptive catalogue item on positive numeric invoice before cutoff; exception codes reviewed separately
84978,merchandise,HANGING HEART JAR T-LIGHT HOLDER,1443,Descriptive catalogue item on positive numeric invoice before cutoff; exception codes reviewed separately
84984A,merchandise,GREEN PEONY CUSHION COVER,12,Descriptive catalogue item on positive numeric invoice before cutoff; exception codes reviewed separately
84984B,merchandise,RED PEONY CUSHION COVER,10,Descriptive catalogue item on positive numeric invoice before cutoff; exception codes reviewed separately
84984C,merchandise,ORIENTAL BLUE C/COVER,8,Descriptive catalogue item on positive numeric invoice before cutoff; exception codes reviewed separately
84984D,merchandise,ORIENTAL RED C/COVER,11,Descriptive catalogue item on positive numeric invoice before cutoff; exception codes reviewed separately
84985A,merchandise,SET OF 72 GREEN PAPER DOILIES,171,Descriptive catalogue item on positive numeric invoice before cutoff; exception codes reviewed separately
84985B,merchandise,SET OF 72 BLACK PAPER DOILIES,25,Descriptive catalogue item on positive numeric invoice before cutoff; exception codes reviewed separately
84986A,unresolved,,0,No descriptive positive-purchase evidence before cutoff
84986B,merchandise,SET OF 36 SILVER PAPER DOILIES,85,Descriptive catalogue item on positive numeric invoice before cutoff; exception codes reviewed separately
84987,merchandise,SET OF 36 TEATIME PAPER DOILIES,826,Descriptive catalogue item on positive numeric invoice before cutoff; exception codes reviewed separately
84988,merchandise,SET OF 72 PINK HEART PAPER DOILIES,1031,Descriptive catalogue item on positive numeric invoice before cutoff; exception codes reviewed separately
84989A,merchandise,75 GREEN FAIRY CAKE CASES,199,Descriptive catalogue item on positive numeric invoice before cutoff; exception codes reviewed separately
84989B,merchandise,75 BLACK FAIRY CAKE CASES,64,Descriptive catalogue item on positive numeric invoice before cutoff; exception codes reviewed separately
84990,merchandise,60 GOLD AND SILVER FAIRY CAKE CASES,204,Descriptive catalogue item on positive numeric invoice before cutoff; exception codes reviewed separately
84991,merchandise,60 TEATIME FAIRY CAKE CASES,2232,Descriptive catalogue item on positive numeric invoice before cutoff; exception codes reviewed separately
84992,merchandise,72 SWEETHEART FAIRY CAKE CASES,1539,Descriptive catalogue item on positive numeric invoice before cutoff; exception codes reviewed separately
84993A,merchandise,75 GREEN PETIT FOUR CASES,205,Descriptive catalogue item on positive numeric invoice before cutoff; exception codes reviewed separately
84993B,merchandise,75 BLACK PETIT FOUR CASES,102,Descriptive catalogue item on positive numeric invoice before cutoff; exception codes reviewed separately
84997A,merchandise,GREEN 3 PIECE MINI DOTS CUTLERY SET,252,Descriptive catalogue item on positive numeric invoice before cutoff; exception codes reviewed separately
84997B,merchandise,RED 3 PIECE MINI DOTS CUTLERY SET,510,Descriptive catalogue item on positive numeric invoice before cutoff; exception codes reviewed separately
84997C,merchandise,BLUE 3 PIECE MINI DOTS CUTLERY SET,488,Descriptive catalogue item on positive numeric invoice before cutoff; exception codes reviewed separately
84997D,merchandise,PINK 3 PIECE MINI DOTS CUTLERY SET,461,Descriptive catalogue item on positive numeric invoice before cutoff; exception codes reviewed separately
85006,merchandise,SET 4 NURSERY DES ROUND BOXES,37,Descriptive catalogue item on positive numeric invoice before cutoff; exception codes reviewed separately
85007,merchandise,SET OF 3 VINTAGE TEA TIME BOXES,22,Descriptive catalogue item on positive numeric invoice before cutoff; exception codes reviewed separately
85008,merchandise,SET OF 3 CONEY ISLAND OVAL BOXES,103,Descriptive catalogue item on positive numeric invoice before cutoff; exception codes reviewed separately
85014A,merchandise,BLACK/BLUE POLKADOT UMBRELLA,420,Descriptive catalogue item on positive numeric invoice before cutoff; exception codes reviewed separately
85014B,merchandise,RED RETROSPOT UMBRELLA,529,Descriptive catalogue item on positive numeric invoice before cutoff; exception codes reviewed separately
85014C,merchandise,BLUE/BROWN DOTS RUFFLED UMBRELLA,72,Descriptive catalogue item on positive numeric invoice before cutoff; exception codes reviewed separately
85014D,merchandise,PINK/BROWN DOTS RUFFLED UMBRELLA,91,Descriptive catalogue item on positive numeric invoice before cutoff; exception codes reviewed separately
85015,merchandise,SET OF 12  VINTAGE POSTCARD SET,259,Descriptive catalogue item on positive numeric invoice before cutoff; exception codes reviewed separately
85016,merchandise,SET OF 6 VINTAGE NOTELETS KIT,170,Descriptive catalogue item on positive numeric invoice before cutoff; exception codes reviewed separately
85017A,merchandise,ENVELOPE 50 ROMANTIC IMAGES,181,Descriptive catalogue item on positive numeric invoice before cutoff; exception codes reviewed separately
85017B,merchandise,ENVELOPE 50 BLOSSOM IMAGES,327,Descriptive catalogue item on positive numeric invoice before cutoff; exception codes reviewed separately
85017C,merchandise,ENVELOPE 50 CURIOUS IMAGES,125,Descriptive catalogue item on positive numeric invoice before cutoff; exception codes reviewed separately
85017D,unresolved,,0,No descriptive positive-purchase evidence before cutoff
85018A,merchandise,S/6 PAPER BOXES ROMANTIC IMAGES,10,Descriptive catalogue item on positive numeric invoice before cutoff; exception codes reviewed separately
85018B,merchandise,S/6 PAPER BOXES BLOSSOM IMAGES,10,Descriptive catalogue item on positive numeric invoice before cutoff; exception codes reviewed separately
85018C,merchandise,S/6 PAPER BOXES CURIOUS IMAGES,4,Descriptive catalogue item on positive numeric invoice before cutoff; exception codes reviewed separately
85018D,merchandise,YULETIDE IMAGES S/6 PAPER BOXES,86,Descriptive catalogue item on positive numeric invoice before cutoff; exception codes reviewed separately
85019A,merchandise,ROMANTIC IMAGES NOTEBOOK SET,48,Descriptive catalogue item on positive numeric invoice before cutoff; exception codes reviewed separately
85019B,merchandise,BLOSSOM  IMAGES NOTEBOOK SET,46,Descriptive catalogue item on positive numeric invoice before cutoff; exception codes reviewed separately
85019C,merchandise,CURIOUS  IMAGES NOTEBOOK SET,26,Descriptive catalogue item on positive numeric invoice before cutoff; exception codes reviewed separately
85020,merchandise,ROUND PINK HEART MIRROR,60,Descriptive catalogue item on positive numeric invoice before cutoff; exception codes reviewed separately
85023A,merchandise,CRYSTAL LARGE JEWELLED PHOTO FRAME,10,Descriptive catalogue item on positive numeric invoice before cutoff; exception codes reviewed separately
85023B,merchandise,EAU DE NILE JEWELLED PHOTOFRAME,37,Descriptive catalogue item on positive numeric invoice before cutoff; exception codes reviewed separately
85023C,merchandise,PINK LARGE JEWELED PHOTOFRAME,12,Descriptive catalogue item on positive numeric invoice before cutoff; exception codes reviewed separately
85024A,merchandise,CRYSTAL SMALL JEWELLED PHOTOFRAME,1,Descriptive catalogue item on positive numeric invoice before cutoff; exception codes reviewed separately
85024B,merchandise,EAU DE NILE JEWELLED PHOTOFRAME,20,Descriptive catalogue item on positive numeric invoice before cutoff; exception codes reviewed separately
85024C,merchandise,PINK SMALL JEWELLED PHOTOFRAME,46,Descriptive catalogue item on positive numeric invoice before cutoff; exception codes reviewed separately
85025A,unresolved,,0,No descriptive positive-purchase evidence before cutoff
85025B,merchandise,EAU DE NILE HEART SHAPE PHOTO FRAME,99,Descriptive catalogue item on positive numeric invoice before cutoff; exception codes reviewed separately
85025C,merchandise,PINK HEART SHAPE PHOTO FRAME,133,Descriptive catalogue item on positive numeric invoice before cutoff; exception codes reviewed separately
85026B,merchandise,EAU DE NILE JEWELLED T-LIGHT HOLDER,32,Descriptive catalogue item on positive numeric invoice before cutoff; exception codes reviewed separately
85027L,merchandise,FRENCH CHATEAU LARGE PLATTER,41,Descriptive catalogue item on positive numeric invoice before cutoff; exception codes reviewed separately
85028L,merchandise,FRENCH CHATEAU LARGE FRUIT BOWL,27,Descriptive catalogue item on positive numeric invoice before cutoff; exception codes reviewed separately
85028S,merchandise,FRENCH CHATEAU SMALL FRUITBOWL,34,Descriptive catalogue item on positive numeric invoice before cutoff; exception codes reviewed separately
85030,merchandise,FRENCH CHATEAU OVAL PLATTER,31,Descriptive catalogue item on positive numeric invoice before cutoff; exception codes reviewed separately
85031A,merchandise,ROMANTIC IMAGES SCRAP BOOK SET,102,Descriptive catalogue item on positive numeric invoice before cutoff; exception codes reviewed separately
85031B,merchandise,BLOSSOM IMAGES SCRAP BOOK SET,86,Descriptive catalogue item on positive numeric invoice before cutoff; exception codes reviewed separately
85031C,merchandise,CURIOUS IMAGES SCRAP BOOK SET,107,Descriptive catalogue item on positive numeric invoice before cutoff; exception codes reviewed separately
85032A,merchandise,ROMANTIC IMAGES GIFT WRAP SET,158,Descriptive catalogue item on positive numeric invoice before cutoff; exception codes reviewed separately
85032B,merchandise,BLOSSOM IMAGES GIFT WRAP SET,142,Descriptive catalogue item on positive numeric invoice before cutoff; exception codes reviewed separately
85032C,merchandise,CURIOUS IMAGES GIFT WRAP SET,156,Descriptive catalogue item on positive numeric invoice before cutoff; exception codes reviewed separately
85032D,merchandise,YULETIDE IMAGES GIFT WRAP SET,147,Descriptive catalogue item on positive numeric invoice before cutoff; exception codes reviewed separately
85033G,merchandise,SET/6 GOLD REINDEER T-LIGHT CANDLES,33,Descriptive catalogue item on positive numeric invoice before cutoff; exception codes reviewed separately
85033S,merchandise,SET/6 SILVER REINDEER T-LIGHTS,52,Descriptive catalogue item on positive numeric invoice before cutoff; exception codes reviewed separately
85034A,merchandise,3 GARDENIA MORRIS BOXED CANDLES,152,Descriptive catalogue item on positive numeric invoice before cutoff; exception codes reviewed separately
85034B,merchandise,3 WHITE CHOC MORRIS BOXED CANDLES,144,Descriptive catalogue item on positive numeric invoice before cutoff; exception codes reviewed separately
85034C,merchandise,3 ROSE MORRIS BOXED CANDLES,196,Descriptive catalogue item on positive numeric invoice before cutoff; exception codes reviewed separately
85035A,merchandise,GARDENIA 3 WICK MORRIS BOXED CANDLE,198,Descriptive catalogue item on positive numeric invoice before cutoff; exception codes reviewed separately
85035B,merchandise,CHOCOLATE 3 WICK MORRIS BOX CANDLE,146,Descriptive catalogue item on positive numeric invoice before cutoff; exception codes reviewed separately
85035C,merchandise,ROSE 3 WICK MORRIS BOX CANDLE,215,Descriptive catalogue item on positive numeric invoice before cutoff; exception codes reviewed separately
85036A,merchandise,GARDENIA 1 WICK MORRIS BOXED CANDLE,184,Descriptive catalogue item on positive numeric invoice before cutoff; exception codes reviewed separately
85036B,merchandise,CHOCOLATE 1 WICK MORRIS BOX CANDLE,94,Descriptive catalogue item on positive numeric invoice before cutoff; exception codes reviewed separately
85036C,merchandise,ROSE 1 WICK MORRIS BOXED CANDLE,140,Descriptive catalogue item on positive numeric invoice before cutoff; exception codes reviewed separately
85037,unresolved,,0,No descriptive positive-purchase evidence before cutoff
85038,merchandise,6 CHOCOLATE LOVE HEART T-LIGHTS,404,Descriptive catalogue item on positive numeric invoice before cutoff; exception codes reviewed separately
85039A,merchandise,SET/4 RED MINI ROSE CANDLE IN BOWL,297,Descriptive catalogue item on positive numeric invoice before cutoff; exception codes reviewed separately
85039B,merchandise,S/4 IVORY MINI ROSE CANDLE IN BOWL,267,Descriptive catalogue item on positive numeric invoice before cutoff; exception codes reviewed separately
85039C,merchandise,S/4 BLACK MINI ROSE CANDLE IN BOWL,119,Descriptive catalogue item on positive numeric invoice before cutoff; exception codes reviewed separately
85040A,merchandise,S/4 PINK FLOWER CANDLES IN BOWL,449,Descriptive catalogue item on positive numeric invoice before cutoff; exception codes reviewed separately
85040B,merchandise,SET/4 BLUE FLOWER CANDLES IN BOWL,271,Descriptive catalogue item on positive numeric invoice before cutoff; exception codes reviewed separately
85041,merchandise,SET/4 PINK ORCHID CANDLES IN BOWL,100,Descriptive catalogue item on positive numeric invoice before cutoff; exception codes reviewed separately
85042,merchandise,ANTIQUE LILY FAIRY LIGHTS,297,Descriptive catalogue item on positive numeric invoice before cutoff; exception codes reviewed separately
85043,merchandise,RED HEART CANDY POP LIGHTS,1,Descriptive catalogue item on positive numeric invoice before cutoff; exception codes reviewed separately
85044,merchandise,RED REINDEER STRING OF 20 LIGHTS,41,Descriptive catalogue item on positive numeric invoice before cutoff; exception codes reviewed separately
85045,merchandise,GREEN CHRISTMAS TREE STRING 20LIGHT,87,Descriptive catalogue item on positive numeric invoice before cutoff; exception codes reviewed separately
85047,merchandise,WHITE BEADED GARLAND STRING 20LIGHT,243,Descriptive catalogue item on positive numeric invoice before cutoff; exception codes reviewed separately
85048,merchandise,15CM CHRISTMAS GLASS BALL 20 LIGHTS,532,Descriptive catalogue item on positive numeric invoice before cutoff; exception codes reviewed separately
85049A,merchandise,TRADITIONAL CHRISTMAS RIBBONS,748,Descriptive catalogue item on positive numeric invoice before cutoff; exception codes reviewed separately
85049B,merchandise,LUSH GREENS RIBBONS,349,Descriptive catalogue item on positive numeric invoice before cutoff; exception codes reviewed separately
85049C,merchandise,ROMANTIC PINKS RIBBONS,517,Descriptive catalogue item on positive numeric invoice before cutoff; exception codes reviewed separately
85049D,merchandise,BRIGHT BLUES RIBBONS,420,Descriptive catalogue item on positive numeric invoice before cutoff; exception codes reviewed separately
85049E,merchandise,SCANDINAVIAN REDS RIBBONS,936,Descriptive catalogue item on positive numeric invoice before cutoff; exception codes reviewed separately
85049F,merchandise,BABY BOOM RIBBONS,327,Descriptive catalogue item on positive numeric invoice before cutoff; exception codes reviewed separately
85049G,merchandise,CHOCOLATE BOX RIBBONS,588,Descriptive catalogue item on positive numeric invoice before cutoff; exception codes reviewed separately
85049H,merchandise,URBAN BLACK RIBBONS,333,Descriptive catalogue item on positive numeric invoice before cutoff; exception codes reviewed separately
85050,merchandise,FRENCH ENAMEL SOAP DISH WITH LID,1,Descriptive catalogue item on positive numeric invoice before cutoff; exception codes reviewed separately
85051,unresolved,,0,No descriptive positive-purchase evidence before cutoff
85053,merchandise,FRENCH ENAMEL CANDLEHOLDER,373,Descriptive catalogue item on positive numeric invoice before cutoff; exception codes reviewed separately
85054,merchandise,FRENCH ENAMEL POT W LID,214,Descriptive catalogue item on positive numeric invoice before cutoff; exception codes reviewed separately
85055,merchandise,FRENCH ENAMEL UTENSIL HOLDER,116,Descriptive catalogue item on positive numeric invoice before cutoff; exception codes reviewed separately
85056,unresolved,,0,No descriptive positive-purchase evidence before cutoff
85057,unresolved,,0,No descriptive positive-purchase evidence before cutoff
85059,merchandise,FRENCH ENAMEL WATER BASIN,211,Descriptive catalogue item on positive numeric invoice before cutoff; exception codes reviewed separately
85060,merchandise,WOOD FAN WITH FLOWER DESIGN,88,Descriptive catalogue item on positive numeric invoice before cutoff; exception codes reviewed separately
85061W,merchandise,WHITE JEWELLED HEART DECORATION,497,Descriptive catalogue item on positive numeric invoice before cutoff; exception codes reviewed separately
85062,merchandise,PEARL CRYSTAL PUMPKIN T-LIGHT HLDR,362,Descriptive catalogue item on positive numeric invoice before cutoff; exception codes reviewed separately
85063,merchandise,CREAM SWEETHEART MAGAZINE RACK,182,Descriptive catalogue item on positive numeric invoice before cutoff; exception codes reviewed separately
85064,merchandise,CREAM SWEETHEART LETTER RACK,296,Descriptive catalogue item on positive numeric invoice before cutoff; exception codes reviewed separately
85065,merchandise,CREAM SWEETHEART TRAYS,260,Descriptive catalogue item on positive numeric invoice before cutoff; exception codes reviewed separately
85066,merchandise,CREAM SWEETHEART MINI CHEST,946,Descriptive catalogue item on positive numeric invoice before cutoff; exception codes reviewed separately
85067,merchandise,CREAM SWEETHEART WALL CABINET,182,Descriptive catalogue item on positive numeric invoice before cutoff; exception codes reviewed separately
85068,merchandise,CREAM SWEETHEART SHELF + HOOKS,200,Descriptive catalogue item on positive numeric invoice before cutoff; exception codes reviewed separately
85069,merchandise,CREAM SWEETHEART DOUBLE SHELF,1,Descriptive catalogue item on positive numeric invoice before cutoff; exception codes reviewed separately
85070,merchandise,ANT WHITE SWEETHEART TABLE W 3 DRAW,3,Descriptive catalogue item on positive numeric invoice before cutoff; exception codes reviewed separately
85071A,merchandise,BLUE CHARLIE+LOLA PERSONAL DOORSIGN,147,Descriptive catalogue item on positive numeric invoice before cutoff; exception codes reviewed separately
85071B,merchandise,RED CHARLIE+LOLA PERSONAL DOORSIGN,168,Descriptive catalogue item on positive numeric invoice before cutoff; exception codes reviewed separately
85071C,merchandise,"CHARLIE+LOLA""EXTREMELY BUSY"" SIGN",136,Descriptive catalogue item on positive numeric invoice before cutoff; exception codes reviewed separately
85071D,merchandise,CHARLIE+LOLA MY ROOM DOOR SIGN,112,Descriptive catalogue item on positive numeric invoice before cutoff; exception codes reviewed separately
85072,merchandise,OCCASIONS GIFT CARD ASSORTMENT,1,Descriptive catalogue item on positive numeric invoice before cutoff; exception codes reviewed separately
85073,unresolved,,0,No descriptive positive-purchase evidence before cutoff
85074,unresolved,,0,No descriptive positive-purchase evidence before cutoff
85077,merchandise,KISSING REINDEER TABLE RUNNER,1,Descriptive catalogue item on positive numeric invoice before cutoff; exception codes reviewed separately
85078,merchandise,SCANDINAVIAN 3 HEARTS NAPKIN RING,166,Descriptive catalogue item on positive numeric invoice before cutoff; exception codes reviewed separately
85079,merchandise,EMBROIDERED REINDEER DECORATION,10,Descriptive catalogue item on positive numeric invoice before cutoff; exception codes reviewed separately
85080,merchandise,PADDED RED HEART DECORATION,23,Descriptive catalogue item on positive numeric invoice before cutoff; exception codes reviewed separately
85081,merchandise,PADDED HOLLY CHRISTMAS DECORATION,25,Descriptive catalogue item on positive numeric invoice before cutoff; exception codes reviewed separately
85083,merchandise,KISS REINDEER SCANDINAVIAN STOCKING,2,Descriptive catalogue item on positive numeric invoice before cutoff; exception codes reviewed separately
85084,merchandise,HOLLY TOP CHRISTMAS STOCKING,88,Descriptive catalogue item on positive numeric invoice before cutoff; exception codes reviewed separately
85085A,unresolved,,0,No descriptive positive-purchase evidence before cutoff
85086A,merchandise,CANDY SPOT HEART DECORATION,153,Descriptive catalogue item on positive numeric invoice before cutoff; exception codes reviewed separately
85086B,unresolved,,0,No descriptive positive-purchase evidence before cutoff
85087,merchandise,CANDY SPOT CUSHION COVER,147,Descriptive catalogue item on positive numeric invoice before cutoff; exception codes reviewed separately
85088,merchandise,CANDY SPOT HAND BAG,79,Descriptive catalogue item on positive numeric invoice before cutoff; exception codes reviewed separately
85089,merchandise,CANDY SPOT BUNNY,32,Descriptive catalogue item on positive numeric invoice before cutoff; exception codes reviewed separately
85090,merchandise,CANDY SPOT APRON,54,Descriptive catalogue item on positive numeric invoice before cutoff; exception codes reviewed separately
85091,merchandise,CANDY SPOT BREAD BASKETS,20,Descriptive catalogue item on positive numeric invoice before cutoff; exception codes reviewed separately
85092,merchandise,CANDY SPOT TEA COSY,24,Descriptive catalogue item on positive numeric invoice before cutoff; exception codes reviewed separately
85093,merchandise,CANDY SPOT EGG WARMER HARE,155,Descriptive catalogue item on positive numeric invoice before cutoff; exception codes reviewed separately
85094,merchandise,CANDY SPOT EGG WARMER RABBIT,105,Descriptive catalogue item on positive numeric invoice before cutoff; exception codes reviewed separately
85095,merchandise,THREE CANVAS LUGGAGE TAGS,48,Descriptive catalogue item on positive numeric invoice before cutoff; exception codes reviewed separately
85096,merchandise,HILDA CANDY SPOT RABBIT,69,Descriptive catalogue item on positive numeric invoice before cutoff; exception codes reviewed separately
85097B,merchandise,BLUE ROCKING SINGING CANARY,42,Descriptive catalogue item on positive numeric invoice before cutoff; exception codes reviewed separately
85098A,unresolved,,0,No descriptive positive-purchase evidence before cutoff
85098B,merchandise,BLUE FLYING SINGING CANARY,115,Descriptive catalogue item on positive numeric invoice before cutoff; exception codes reviewed separately
85099B,merchandise,JUMBO BAG RED RETROSPOT,3337,Descriptive catalogue item on positive numeric invoice before cutoff; exception codes reviewed separately
85099C,merchandise,JUMBO  BAG BAROQUE BLACK WHITE,1904,Descriptive catalogue item on positive numeric invoice before cutoff; exception codes reviewed separately
85099F,merchandise,JUMBO BAG STRAWBERRY,1894,Descriptive catalogue item on positive numeric invoice before cutoff; exception codes reviewed separately
85103,merchandise,SILVER T-LIGHT SETTING,88,Descriptive catalogue item on positive numeric invoice before cutoff; exception codes reviewed separately
85104,merchandise,SILVER GLASS T-LIGHT SET,58,Descriptive catalogue item on positive numeric invoice before cutoff; exception codes reviewed separately
85105,unresolved,,0,No descriptive positive-purchase evidence before cutoff
85106,merchandise,CUT GLASS HEXAGON T-LIGHT HOLDER,66,Descriptive catalogue item on positive numeric invoice before cutoff; exception codes reviewed separately
85107,merchandise,CUT GLASS T-LIGHT HOLDER OCTAGON,77,Descriptive catalogue item on positive numeric invoice before cutoff; exception codes reviewed separately
85109,merchandise,PINK BOUDOIR T-LIGHT HOLDER,20,Descriptive catalogue item on positive numeric invoice before cutoff; exception codes reviewed separately
85110,merchandise,BLACK SILVER FLOWER T-LIGHT HOLDER,23,Descriptive catalogue item on positive numeric invoice before cutoff; exception codes reviewed separately
85111,merchandise,SILVER GLITTER FLOWER VOTIVE HOLDER,79,Descriptive catalogue item on positive numeric invoice before cutoff; exception codes reviewed separately
85112,merchandise,S/3 TEAR DROP CUT GLASS DECORATION,35,Descriptive catalogue item on positive numeric invoice before cutoff; exception codes reviewed separately
85113,merchandise,POLKA DOT PISTACHIO PAIL,49,Descriptive catalogue item on positive numeric invoice before cutoff; exception codes reviewed separately
85114A,merchandise,BLACK ENCHANTED FOREST PLACEMAT,123,Descriptive catalogue item on positive numeric invoice before cutoff; exception codes reviewed separately
85114B,merchandise,IVORY ENCHANTED FOREST PLACEMAT,248,Descriptive catalogue item on positive numeric invoice before cutoff; exception codes reviewed separately
85114C,merchandise,RED ENCHANTED FOREST PLACEMAT,209,Descriptive catalogue item on positive numeric invoice before cutoff; exception codes reviewed separately
85115B,merchandise,S/4 BLACK DISCO PARTITION PANEL,2,Descriptive catalogue item on positive numeric invoice before cutoff; exception codes reviewed separately
85116,merchandise,BLACK CANDELABRA T-LIGHT HOLDER,197,Descriptive catalogue item on positive numeric invoice before cutoff; exception codes reviewed separately
85117,merchandise,NIGHTINGALE COATHOOK WHITE,62,Descriptive catalogue item on positive numeric invoice before cutoff; exception codes reviewed separately
85118,merchandise,HEART T-LIGHT HOLDER,86,Descriptive catalogue item on positive numeric invoice before cutoff; exception codes reviewed separately
85119,merchandise,WATERING CAN SINGLE HOOK PISTACHIO,41,Descriptive catalogue item on positive numeric invoice before cutoff; exception codes reviewed separately
85120,unresolved,,0,No descriptive positive-purchase evidence before cutoff
85121B,merchandise,RETRO LAUNDRY TUB PINK,48,Descriptive catalogue item on positive numeric invoice before cutoff; exception codes reviewed separately
85121C,merchandise,RETRO LAUNDRY TUB PISTACHIO,53,Descriptive catalogue item on positive numeric invoice before cutoff; exception codes reviewed separately
85123A,merchandise,WHITE HANGING HEART T-LIGHT HOLDER,5716,Descriptive catalogue item on positive numeric invoice before cutoff; exception codes reviewed separately
85123B,merchandise,ZINC HANGING HEART T-LITE HLDR,1,Descriptive catalogue item on positive numeric invoice before cutoff; exception codes reviewed separately
85124A,merchandise,PINK JUICY FRUIT PHOTO FRAME,104,Descriptive catalogue item on positive numeric invoice before cutoff; exception codes reviewed separately
85124B,merchandise,BLUE JUICY FRUIT PHOTO FRAME,107,Descriptive catalogue item on positive numeric invoice before cutoff; exception codes reviewed separately
85124C,merchandise,GREEN JUICY FRUIT PHOTO FRAME,129,Descriptive catalogue item on positive numeric invoice before cutoff; exception codes reviewed separately
85125,merchandise,SMALL ROUND CUT GLASS CANDLESTICK,66,Descriptive catalogue item on positive numeric invoice before cutoff; exception codes reviewed separately
85126,merchandise,LARGE ROUND CUTGLASS CANDLESTICK,36,Descriptive catalogue item on positive numeric invoice before cutoff; exception codes reviewed separately
85127,merchandise,SMALL SQUARE CUT GLASS CANDLESTICK,87,Descriptive catalogue item on positive numeric invoice before cutoff; exception codes reviewed separately
85128,merchandise,PLANTPOT SINGLE HOOK PISTACHIO,4,Descriptive catalogue item on positive numeric invoice before cutoff; exception codes reviewed separately
85129A,merchandise,"WHITE PEARL BEADED HEART, SMALL",81,Descriptive catalogue item on positive numeric invoice before cutoff; exception codes reviewed separately
85129B,merchandise,BEADED CRYSTAL HEART GREEN SMALL,59,Descriptive catalogue item on positive numeric invoice before cutoff; exception codes reviewed separately
85129C,merchandise,BEADED CRYSTAL HEART BLUE SMALL,69,Descriptive catalogue item on positive numeric invoice before cutoff; exception codes reviewed separately
85129D,merchandise,BEADED CRYSTAL HEART PINK SMALL,174,Descriptive catalogue item on positive numeric invoice before cutoff; exception codes reviewed separately
85130A,merchandise,BEADED PEARL HEART WHITE LARGE,93,Descriptive catalogue item on positive numeric invoice before cutoff; exception codes reviewed separately
85130B,merchandise,BEADED CRYSTAL HEART GREEN LARGE,83,Descriptive catalogue item on positive numeric invoice before cutoff; exception codes reviewed separately
85130C,merchandise,BEADED CRYSTAL HEART BLUE  LARGE,68,Descriptive catalogue item on positive numeric invoice before cutoff; exception codes reviewed separately
85130D,merchandise,BEADED CRYSTAL HEART PINK LARGE,109,Descriptive catalogue item on positive numeric invoice before cutoff; exception codes reviewed separately
85131A,merchandise,BEADED PEARL HEART WHITE ON STICK,205,Descriptive catalogue item on positive numeric invoice before cutoff; exception codes reviewed separately
85131B,merchandise,BEADED CRYSTAL HEART GREEN ON STICK,222,Descriptive catalogue item on positive numeric invoice before cutoff; exception codes reviewed separately
85131C,merchandise,BEADED CRYSTAL HEART BLUE ON STICK,75,Descriptive catalogue item on positive numeric invoice before cutoff; exception codes reviewed separately
85131D,merchandise,BEADED CRYSTAL HEART PINK ON STICK,260,Descriptive catalogue item on positive numeric invoice before cutoff; exception codes reviewed separately
85132A,merchandise,CHARLIE + LOLA BISCUITS TINS,272,Descriptive catalogue item on positive numeric invoice before cutoff; exception codes reviewed separately
85132B,merchandise,CHARLIE AND LOLA TABLE TINS,136,Descriptive catalogue item on positive numeric invoice before cutoff; exception codes reviewed separately
85132C,merchandise,CHARLIE AND LOLA FIGURES TINS,314,Descriptive catalogue item on positive numeric invoice before cutoff; exception codes reviewed separately
85135A,merchandise,YELLOW DRAGONFLY HELICOPTER,65,Descriptive catalogue item on positive numeric invoice before cutoff; exception codes reviewed separately
85135B,merchandise,BLUE DRAGONFLY HELICOPTER,134,Descriptive catalogue item on positive numeric invoice before cutoff; exception codes reviewed separately
85135C,merchandise,RED DRAGONFLY HELICOPTER,115,Descriptive catalogue item on positive numeric invoice before cutoff; exception codes reviewed separately
85136A,merchandise,YELLOW SHARK HELICOPTER,114,Descriptive catalogue item on positive numeric invoice before cutoff; exception codes reviewed separately
85136B,merchandise,BLUE SHARK HELICOPTER,47,Descriptive catalogue item on positive numeric invoice before cutoff; exception codes reviewed separately
85136C,merchandise,RED SHARK HELICOPTER,128,Descriptive catalogue item on positive numeric invoice before cutoff; exception codes reviewed separately
85141,merchandise,JARDIN ETCHED GLASS FRUITBOWL,82,Descriptive catalogue item on positive numeric invoice before cutoff; exception codes reviewed separately
85142,merchandise,JARDIN ETCHED GLASS GINGER JAR,38,Descriptive catalogue item on positive numeric invoice before cutoff; exception codes reviewed separately
85144,merchandise,JARDIN ETCHED GLASS CHEESE DISH,43,Descriptive catalogue item on positive numeric invoice before cutoff; exception codes reviewed separately
85145,merchandise,JARDIN ETCHED GLASS LARGE BELL JAR,31,Descriptive catalogue item on positive numeric invoice before cutoff; exception codes reviewed separately
85146,merchandise,JARDIN ETCHED GLASS SMALL BELL JAR,31,Descriptive catalogue item on positive numeric invoice before cutoff; exception codes reviewed separately
85147,merchandise,JARDIN ETCHED GLASS CANDLEHLDR LONG,19,Descriptive catalogue item on positive numeric invoice before cutoff; exception codes reviewed separately
85148,unresolved,,0,No descriptive positive-purchase evidence before cutoff
85150,merchandise,LADIES & GENTLEMEN METAL SIGN,1124,Descriptive catalogue item on positive numeric invoice before cutoff; exception codes reviewed separately
85151,merchandise,WELCOME METAL SIGN,8,Descriptive catalogue item on positive numeric invoice before cutoff; exception codes reviewed separately
85152,merchandise,HAND OVER THE CHOCOLATE   SIGN,1483,Descriptive catalogue item on positive numeric invoice before cutoff; exception codes reviewed separately
85157,merchandise,SET OF 2 CHESTS CHOCOLAT AU LAIT,1,Descriptive catalogue item on positive numeric invoice before cutoff; exception codes reviewed separately
85159A,merchandise,"BLACK TEA,COFFEE,SUGAR JARS",82,Descriptive catalogue item on positive numeric invoice before cutoff; exception codes reviewed separately
85159B,merchandise,"WHITE TEA,COFFEE,SUGAR JARS",89,Descriptive catalogue item on positive numeric invoice before cutoff; exception codes reviewed separately
85160A,merchandise,WHITE BIRD GARDEN DESIGN MUG,35,Descriptive catalogue item on positive numeric invoice before cutoff; exception codes reviewed separately
85160B,merchandise,BLACK BIRD GARDEN DESIGN MUG,38,Descriptive catalogue item on positive numeric invoice before cutoff; exception codes reviewed separately
85161,merchandise,ACRYLIC GEOMETRIC LAMP,33,Descriptive catalogue item on positive numeric invoice before cutoff; exception codes reviewed separately
85162A,merchandise,SILVER RETRODISC LAMPSHADE,20,Descriptive catalogue item on positive numeric invoice before cutoff; exception codes reviewed separately
85162B,merchandise,BLACK RETRODISC LAMPSHADE,13,Descriptive catalogue item on positive numeric invoice before cutoff; exception codes reviewed separately
85162C,merchandise,WHITE RETRODISC LAMPSHADE,46,Descriptive catalogue item on positive numeric invoice before cutoff; exception codes reviewed separately
85163A,merchandise,WHITE BAROQUE WALL CLOCK,58,Descriptive catalogue item on positive numeric invoice before cutoff; exception codes reviewed separately
85163B,merchandise,BLACK BAROQUE WALL CLOCK,65,Descriptive catalogue item on positive numeric invoice before cutoff; exception codes reviewed separately
85164B,merchandise,BLACK BAROQUE CUCKOO CLOCK,66,Descriptive catalogue item on positive numeric invoice before cutoff; exception codes reviewed separately
85165,merchandise,CANDY PINK FRENCH BOUDOIR CLOCK,58,Descriptive catalogue item on positive numeric invoice before cutoff; exception codes reviewed separately
85166A,merchandise,WHITE METAL BAROQUE PHOTO FRAME,12,Descriptive catalogue item on positive numeric invoice before cutoff; exception codes reviewed separately
85166B,merchandise,BLACK METAL BAROQUE PHOTO FRAME,38,Descriptive catalogue item on positive numeric invoice before cutoff; exception codes reviewed separately
85167A,merchandise,WHITE GRAND BAROQUE PHOTO FRAME,14,Descriptive catalogue item on positive numeric invoice before cutoff; exception codes reviewed separately
85167B,merchandise,BLACK GRAND BAROQUE PHOTO FRAME,64,Descriptive catalogue item on positive numeric invoice before cutoff; exception codes reviewed separately
85168A,merchandise,WHITE BAROQUE CARRIAGE CLOCK,15,Descriptive catalogue item on positive numeric invoice before cutoff; exception codes reviewed separately
85168B,merchandise,BLACK BAROQUE CARRIAGE CLOCK,49,Descriptive catalogue item on positive numeric invoice before cutoff; exception codes reviewed separately
85169A,merchandise,IVORY LOVE BIRD CANDLE,159,Descriptive catalogue item on positive numeric invoice before cutoff; exception codes reviewed separately
85169B,merchandise,BLACK LOVE BIRD CANDLE,101,Descriptive catalogue item on positive numeric invoice before cutoff; exception codes reviewed separately
85169C,merchandise,EAU DE NIL LOVE BIRD CANDLE,69,Descriptive catalogue item on positive numeric invoice before cutoff; exception codes reviewed separately
85169D,merchandise,PINK LOVE BIRD CANDLE,89,Descriptive catalogue item on positive numeric invoice before cutoff; exception codes reviewed separately
85170A,merchandise,SET/6 IVORY BIRD T-LIGHT CANDLES,85,Descriptive catalogue item on positive numeric invoice before cutoff; exception codes reviewed separately
85170B,merchandise,SET/6 BLACK BIRD T-LIGHT CANDLES,62,Descriptive catalogue item on positive numeric invoice before cutoff; exception codes reviewed separately
85170C,merchandise,SET/6 EAU DE NIL BIRD T-LIGHTS,107,Descriptive catalogue item on positive numeric invoice before cutoff; exception codes reviewed separately
85170D,merchandise,SET/6 PINK BIRD T-LIGHT CANDLES,150,Descriptive catalogue item on positive numeric invoice before cutoff; exception codes reviewed separately
85171,merchandise,S/2 HYACINTH BULB CANDLES,1,Descriptive catalogue item on positive numeric invoice before cutoff; exception codes reviewed separately
85172,merchandise,HYACINTH BULB T-LIGHT CANDLES,157,Descriptive catalogue item on positive numeric invoice before cutoff; exception codes reviewed separately
85173,merchandise,SET/6 FROG PRINCE T-LIGHT CANDLES,146,Descriptive catalogue item on positive numeric invoice before cutoff; exception codes reviewed separately
85174,merchandise,S/4 CACTI CANDLES,379,Descriptive catalogue item on positive numeric invoice before cutoff; exception codes reviewed separately
85175,merchandise,CACTI T-LIGHT CANDLES,455,Descriptive catalogue item on positive numeric invoice before cutoff; exception codes reviewed separately
85176,merchandise,SEWING SUSAN 21 NEEDLE SET,304,Descriptive catalogue item on positive numeric invoice before cutoff; exception codes reviewed separately
85177,merchandise,BASKET OF FLOWERS SEWING KIT,144,Descriptive catalogue item on positive numeric invoice before cutoff; exception codes reviewed separately
85178,merchandise,VICTORIAN SEWING KIT,327,Descriptive catalogue item on positive numeric invoice before cutoff; exception codes reviewed separately
85179A,merchandise,GREEN BITTY LIGHT CHAIN,65,Descriptive catalogue item on positive numeric invoice before cutoff; exception codes reviewed separately
85179B,merchandise,WHITE BITTY LIGHT CHAIN,46,Descriptive catalogue item on positive numeric invoice before cutoff; exception codes reviewed separately
85179C,merchandise,PINK BITTY LIGHT CHAIN,34,Descriptive catalogue item on positive numeric invoice before cutoff; exception codes reviewed separately
85180A,merchandise,RED HEARTS LIGHT CHAIN,99,Descriptive catalogue item on positive numeric invoice before cutoff; exception codes reviewed separately
85180B,merchandise,PINK HEARTS LIGHT CHAIN,68,Descriptive catalogue item on positive numeric invoice before cutoff; exception codes reviewed separately
85183A,merchandise,CHARLIE & LOLA WASTEPAPER BIN BLUE,141,Descriptive catalogue item on positive numeric invoice before cutoff; exception codes reviewed separately
85183B,merchandise,CHARLIE & LOLA WASTEPAPER BIN FLORA,174,Descriptive catalogue item on positive numeric invoice before cutoff; exception codes reviewed separately
85184A,unresolved,,0,No descriptive positive-purchase evidence before cutoff
85184B,merchandise,SET 4 EASTER DECOUPAGE OVAL BOXES,7,Descriptive catalogue item on positive numeric invoice before cutoff; exception codes reviewed separately
85184C,merchandise,S/4 VALENTINE DECOUPAGE HEART BOX,296,Descriptive catalogue item on positive numeric invoice before cutoff; exception codes reviewed separately
85184D,merchandise,S/4 BLUE ROUND DECOUPAGE BOXES,68,Descriptive catalogue item on positive numeric invoice before cutoff; exception codes reviewed separately
85185B,merchandise,PINK HORSE SOCK PUPPET,189,Descriptive catalogue item on positive numeric invoice before cutoff; exception codes reviewed separately
85185C,merchandise,COW  SOCK PUPPET,29,Descriptive catalogue item on positive numeric invoice before cutoff; exception codes reviewed separately
85185D,merchandise,FROG SOCK PUPPET,70,Descriptive catalogue item on positive numeric invoice before cutoff; exception codes reviewed separately
85185E,merchandise,DUCK SOCK PUPPET,2,Descriptive catalogue item on positive numeric invoice before cutoff; exception codes reviewed separately
85185F,merchandise,LION SOCK PUPPET,20,Descriptive catalogue item on positive numeric invoice before cutoff; exception codes reviewed separately
85186A,merchandise,EASTER BUNNY GARLAND OF FLOWERS,165,Descriptive catalogue item on positive numeric invoice before cutoff; exception codes reviewed separately
85186B,merchandise,BUNNY BUNCH OF FLOWERS,2,Descriptive catalogue item on positive numeric invoice before cutoff; exception codes reviewed separately
85186C,merchandise,BUNNY EGG GARLAND,156,Descriptive catalogue item on positive numeric invoice before cutoff; exception codes reviewed separately
85187,merchandise,S/12 MINI RABBIT EASTER,114,Descriptive catalogue item on positive numeric invoice before cutoff; exception codes reviewed separately
85188A,merchandise,GREEN METAL SWINGING BUNNY,106,Descriptive catalogue item on positive numeric invoice before cutoff; exception codes reviewed separately
85188B,merchandise,PINK METAL SWINGING BUNNY,77,Descriptive catalogue item on positive numeric invoice before cutoff; exception codes reviewed separately
85189,merchandise,HANGING BUTTERFLY  EGG,70,Descriptive catalogue item on positive numeric invoice before cutoff; exception codes reviewed separately
85190,merchandise,PINK FLOWER HANGING HEART,18,Descriptive catalogue item on positive numeric invoice before cutoff; exception codes reviewed separately
85192S,merchandise,HANGING SPRING FLOWER HEART SMALL,2,Descriptive catalogue item on positive numeric invoice before cutoff; exception codes reviewed separately
85193S,unresolved,,0,No descriptive positive-purchase evidence before cutoff
85194L,merchandise,HANGING SPRING FLOWER EGG LARGE,149,Descriptive catalogue item on positive numeric invoice before cutoff; exception codes reviewed separately
85194S,merchandise,HANGING SPRING FLOWER EGG SMALL,130,Descriptive catalogue item on positive numeric invoice before cutoff; exception codes reviewed separately
85195,merchandise,HANGING HEART BASKET,17,Descriptive catalogue item on positive numeric invoice before cutoff; exception codes reviewed separately
85196,merchandise,EASTER BUNNIES ON A STICK,71,Descriptive catalogue item on positive numeric invoice before cutoff; exception codes reviewed separately
85197,merchandise,SET OF 12 MINI BUNNIES IN A BUCKET,79,Descriptive catalogue item on positive numeric invoice before cutoff; exception codes reviewed separately
85198,merchandise,ASSORTED FARMYARD ANIMALS IN BUCKET,54,Descriptive catalogue item on positive numeric invoice before cutoff; exception codes reviewed separately
85199L,merchandise,LARGE HANGING IVORY & RED WOOD BIRD,280,Descriptive catalogue item on positive numeric invoice before cutoff; exception codes reviewed separately
85199S,merchandise,SMALL HANGING IVORY/RED WOOD BIRD,497,Descriptive catalogue item on positive numeric invoice before cutoff; exception codes reviewed separately
85200,merchandise,BUNNY EGG BOX,107,Descriptive catalogue item on positive numeric invoice before cutoff; exception codes reviewed separately
85202,merchandise,HANGING WOOD AND FELT HEART,228,Descriptive catalogue item on positive numeric invoice before cutoff; exception codes reviewed separately
85203,merchandise,HANGING WOOD AND FELT BUTTERFLY,234,Descriptive catalogue item on positive numeric invoice before cutoff; exception codes reviewed separately
85204,merchandise,HANGING WOOD AND FELT FLOWER,159,Descriptive catalogue item on positive numeric invoice before cutoff; exception codes reviewed separately
85205A,merchandise,IVORY FELT EASTER RABBIT GARLAND,23,Descriptive catalogue item on positive numeric invoice before cutoff; exception codes reviewed separately
85205B,merchandise,PINK FELT EASTER RABBIT GARLAND,62,Descriptive catalogue item on positive numeric invoice before cutoff; exception codes reviewed separately
85206A,merchandise,CREAM FELT EASTER EGG BASKET,327,Descriptive catalogue item on positive numeric invoice before cutoff; exception codes reviewed separately
85206B,merchandise,PINK FELT EASTER EGG BASKET,187,Descriptive catalogue item on positive numeric invoice before cutoff; exception codes reviewed separately
85207B,unresolved,,0,No descriptive positive-purchase evidence before cutoff
85208,merchandise,SET/12 FUNKY FELT FLOWER PEG IN BAG,94,Descriptive catalogue item on positive numeric invoice before cutoff; exception codes reviewed separately
85211,merchandise,S/4 GROOVY CAT MAGNETS,79,Descriptive catalogue item on positive numeric invoice before cutoff; exception codes reviewed separately
85212,merchandise,MINI PAINTED GARDEN DECORATION,125,Descriptive catalogue item on positive numeric invoice before cutoff; exception codes reviewed separately
85213,merchandise,MINI  ZINC GARDEN DECORATIONS,82,Descriptive catalogue item on positive numeric invoice before cutoff; exception codes reviewed separately
85214,merchandise,TUB 24 PINK FLOWER PEGS,178,Descriptive catalogue item on positive numeric invoice before cutoff; exception codes reviewed separately
85215,merchandise,ASSORTED CHEESE FRIDGE MAGNETS,71,Descriptive catalogue item on positive numeric invoice before cutoff; exception codes reviewed separately
85216,merchandise,ASSORTED CAKES FRIDGE MAGNETS,190,Descriptive catalogue item on positive numeric invoice before cutoff; exception codes reviewed separately
85217,merchandise,ASSORTED ICE CREAM FRIDGE MAGNETS,166,Descriptive catalogue item on positive numeric invoice before cutoff; exception codes reviewed separately
85218,merchandise,S/5 MINI ICE CREAM FRIDGE MAGNETS,2,Descriptive catalogue item on positive numeric invoice before cutoff; exception codes reviewed separately
85219,unresolved,,0,No descriptive positive-purchase evidence before cutoff
85220,merchandise,SMALL FAIRY CAKE FRIDGE MAGNETS,5,Descriptive catalogue item on positive numeric invoice before cutoff; exception codes reviewed separately
85221,merchandise,ASSORTED COLOUR SILK COIN PURSE,48,Descriptive catalogue item on positive numeric invoice before cutoff; exception codes reviewed separately
85222,merchandise,ASSORTED COLOUR SILK COSMETIC PURSE,53,Descriptive catalogue item on positive numeric invoice before cutoff; exception codes reviewed separately
85223,unresolved,,0,No descriptive positive-purchase evidence before cutoff
85224,merchandise,ASSORTED COLOUR SILK GLASSES CASE,67,Descriptive catalogue item on positive numeric invoice before cutoff; exception codes reviewed separately
85225,merchandise,BLING KEY RING STAND,9,Descriptive catalogue item on positive numeric invoice before cutoff; exception codes reviewed separately
85226A,merchandise,WHITE/BLUE PULL BACK RACING CAR,153,Descriptive catalogue item on positive numeric invoice before cutoff; exception codes reviewed separately
85226B,unresolved,,0,No descriptive positive-purchase evidence before cutoff
85226C,merchandise,BLUE PULL BACK RACING CAR,85,Descriptive catalogue item on positive numeric invoice before cutoff; exception codes reviewed separately
85227,merchandise,SET OF 6 3D KIT CARDS FOR KIDS,414,Descriptive catalogue item on positive numeric invoice before cutoff; exception codes reviewed separately
85230A,merchandise,OPIUM SCENTED VOTIVE CANDLE,47,Descriptive catalogue item on positive numeric invoice before cutoff; exception codes reviewed separately
85230B,merchandise,CINNAMON SCENTED VOTIVE CANDLE,71,Descriptive catalogue item on positive numeric invoice before cutoff; exception codes reviewed separately
85230C,merchandise,ROSE SCENTED VOTIVE CANDLE,1,Descriptive catalogue item on positive numeric invoice before cutoff; exception codes reviewed separately
85230D,merchandise,VANILLA SCENTED VOTIVE CANDLE,1,Descriptive catalogue item on positive numeric invoice before cutoff; exception codes reviewed separately
85230E,merchandise,STRAWBRY SCENTED VOTIVE CANDLE,66,Descriptive catalogue item on positive numeric invoice before cutoff; exception codes reviewed separately
85230F,merchandise,JASMINE VOTIVE CANDLE,63,Descriptive catalogue item on positive numeric invoice before cutoff; exception codes reviewed separately
85230G,merchandise,ORANGE VOTIVE CANDLE,47,Descriptive catalogue item on positive numeric invoice before cutoff; exception codes reviewed separately
85231A,unresolved,,0,No descriptive positive-purchase evidence before cutoff
85231B,merchandise,CINAMMON SET OF 9 T-LIGHTS,402,Descriptive catalogue item on positive numeric invoice before cutoff; exception codes reviewed separately
85231D,unresolved,,0,No descriptive positive-purchase evidence before cutoff
85231E,merchandise,STRAWBERRY SCENTED SET/9 T-LIGHTS,109,Descriptive catalogue item on positive numeric invoice before cutoff; exception codes reviewed separately
85231G,merchandise,ORANGE SCENTED SET/9 T-LIGHTS,275,Descriptive catalogue item on positive numeric invoice before cutoff; exception codes reviewed separately
85231K,unresolved,,0,No descriptive positive-purchase evidence before cutoff
85231L,merchandise,LAVENDER SCENTED SET/9 T-LIGHTS,120,Descriptive catalogue item on positive numeric invoice before cutoff; exception codes reviewed separately
85232A,merchandise,SET/3 POLKA DOT STACKING TINS,98,Descriptive catalogue item on positive numeric invoice before cutoff; exception codes reviewed separately
85232B,merchandise,SET/3 RUSSIAN DOLL STACKING TINS,388,Descriptive catalogue item on positive numeric invoice before cutoff; exception codes reviewed separately
85232C,merchandise,RUSSIAN FOLKART STACKING TINS,1,Descriptive catalogue item on positive numeric invoice before cutoff; exception codes reviewed separately
85232D,merchandise,SET/3 DECOUPAGE STACKING TINS,234,Descriptive catalogue item on positive numeric invoice before cutoff; exception codes reviewed separately
90000A,merchandise,RASPBERRY ANT COPPER FLOWER NECKLAC,21,Descriptive catalogue item on positive numeric invoice before cutoff; exception codes reviewed separately
90000B,merchandise,MIDNIGHT BLUE COPPER FLOWER NECKLAC,22,Descriptive catalogue item on positive numeric invoice before cutoff; exception codes reviewed separately
90000C,merchandise,OPAL WHITE/SILVER FLOWER NECKLACE,2,Descriptive catalogue item on positive numeric invoice before cutoff; exception codes reviewed separately
90000D,merchandise,COPPER/OLIVE GREEN FLOWER NECKLACE,36,Descriptive catalogue item on positive numeric invoice before cutoff; exception codes reviewed separately
90001A,merchandise,ANTIQUE RASPBERRY FLOWER EARRINGS,10,Descriptive catalogue item on positive numeric invoice before cutoff; exception codes reviewed separately
90001B,merchandise,ANTIQUE MID BLUE FLOWER EARRINGS,10,Descriptive catalogue item on positive numeric invoice before cutoff; exception codes reviewed separately
90001C,merchandise,ANTIQUE OPAL WHITE FLOWER EARRINGS,11,Descriptive catalogue item on positive numeric invoice before cutoff; exception codes reviewed separately
90001D,merchandise,ANTIQUE OLIVE GREEN FLOWER EARRINGS,12,Descriptive catalogue item on positive numeric invoice before cutoff; exception codes reviewed separately
90002A,merchandise,FLOWER BURST SILVER RING OPAL,17,Descriptive catalogue item on positive numeric invoice before cutoff; exception codes reviewed separately
90002B,merchandise,FLOWER BURST SILVER RING ROSE,11,Descriptive catalogue item on positive numeric invoice before cutoff; exception codes reviewed separately
90002C,merchandise,FLOWER BURST SILVER RING MIDN'T BLU,19,Descriptive catalogue item on positive numeric invoice before cutoff; exception codes reviewed separately
90002D,merchandise,FLOWER BURST SILVER RING CRYSTAL,37,Descriptive catalogue item on positive numeric invoice before cutoff; exception codes reviewed separately
90002E,merchandise,FLOWER BURST SILVER RING GREEN,11,Descriptive catalogue item on positive numeric invoice before cutoff; exception codes reviewed separately
90003B,merchandise,ROSE COLOUR PAIR HEART HAIR SLIDES,27,Descriptive catalogue item on positive numeric invoice before cutoff; exception codes reviewed separately
90003C,merchandise,MIDNIGHT BLUE PAIR HEART HAIR SLIDE,33,Descriptive catalogue item on positive numeric invoice before cutoff; exception codes reviewed separately
90003D,merchandise,CRYSTAL PAIR HEART HAIR SLIDES,32,Descriptive catalogue item on positive numeric invoice before cutoff; exception codes reviewed separately
90003E,merchandise,GREEN PAIR HEART HAIR SLIDES,22,Descriptive catalogue item on positive numeric invoice before cutoff; exception codes reviewed separately
90004A,merchandise,JADE GREEN PAIR ENAMEL HAIR SLIDES,1,Descriptive catalogue item on positive numeric invoice before cutoff; exception codes reviewed separately
90005A,merchandise,JADE GREEN ENAMEL HAIR COMB,59,Descriptive catalogue item on positive numeric invoice before cutoff; exception codes reviewed separately
90005B,unresolved,,0,No descriptive positive-purchase evidence before cutoff
90010A,merchandise,MIDNIGHT BLUE GLASS/SILVER BRACELET,29,Descriptive catalogue item on positive numeric invoice before cutoff; exception codes reviewed separately
90010B,merchandise,BLACK/WHITE GLASS/SILVER BRACELET,36,Descriptive catalogue item on positive numeric invoice before cutoff; exception codes reviewed separately
90010E,merchandise,AMBER GLASS/SILVER BRACELET,35,Descriptive catalogue item on positive numeric invoice before cutoff; exception codes reviewed separately
90011A,merchandise,MIDNIGHT BLUE CRYSTAL DROP EARRINGS,15,Descriptive catalogue item on positive numeric invoice before cutoff; exception codes reviewed separately
90011B,merchandise,BLACK CRYSTAL DROP EARRINGS,15,Descriptive catalogue item on positive numeric invoice before cutoff; exception codes reviewed separately
90011C,merchandise,GREEN CRYSTAL DROP EARRINGS,7,Descriptive catalogue item on positive numeric invoice before cutoff; exception codes reviewed separately
90011D,merchandise,PURPLE CRYSTAL DROP EARRINGS,5,Descriptive catalogue item on positive numeric invoice before cutoff; exception codes reviewed separately
90011E,merchandise,AMBER CRYSTAL DROP EARRINGS,8,Descriptive catalogue item on positive numeric invoice before cutoff; exception codes reviewed separately
90012A,merchandise,MIDNIGHT BLUE DROP CRYSTAL NECKLACE,7,Descriptive catalogue item on positive numeric invoice before cutoff; exception codes reviewed separately
90012B,merchandise,BLACK DROP CRYSTAL NECKLACE,6,Descriptive catalogue item on positive numeric invoice before cutoff; exception codes reviewed separately
90013A,merchandise,MIDNIGHT BLUE VINTAGE EARRINGS,77,Descriptive catalogue item on positive numeric invoice before cutoff; exception codes reviewed separately
90013B,merchandise,BLACK VINTAGE EARRINGS,82,Descriptive catalogue item on positive numeric invoice before cutoff; exception codes reviewed separately
90013C,merchandise,GREEN VINTAGE EARRINGS,58,Descriptive catalogue item on positive numeric invoice before cutoff; exception codes reviewed separately
90013D,merchandise,PURPLE VINTAGE EARRINGS,17,Descriptive catalogue item on positive numeric invoice before cutoff; exception codes reviewed separately
90013E,merchandise,AMBER VINTAGE EARRINGS,2,Descriptive catalogue item on positive numeric invoice before cutoff; exception codes reviewed separately
90014A,merchandise,SILVER/MOP ORBIT NECKLACE,34,Descriptive catalogue item on positive numeric invoice before cutoff; exception codes reviewed separately
90014B,merchandise,GOLD M PEARL  ORBIT NECKLACE,28,Descriptive catalogue item on positive numeric invoice before cutoff; exception codes reviewed separately
90014C,merchandise,SILVER/BLACK ORBIT NECKLACE,18,Descriptive catalogue item on positive numeric invoice before cutoff; exception codes reviewed separately
90016A,merchandise,SILVER/M.O.P PENDANT ORBIT NECKLACE,16,Descriptive catalogue item on positive numeric invoice before cutoff; exception codes reviewed separately
90016B,merchandise,GOLD/M.O.P PENDANT ORBIT NECKLACE,28,Descriptive catalogue item on positive numeric invoice before cutoff; exception codes reviewed separately
90016C,merchandise,SILVER/BLACK PENDANT ORBIT NECKLACE,13,Descriptive catalogue item on positive numeric invoice before cutoff; exception codes reviewed separately
90018A,merchandise,SILVER M.O.P ORBIT DROP EARRINGS,56,Descriptive catalogue item on positive numeric invoice before cutoff; exception codes reviewed separately
90018B,merchandise,GOLD M.O.P ORBIT DROP EARRINGS,31,Descriptive catalogue item on positive numeric invoice before cutoff; exception codes reviewed separately
90018C,merchandise,SILVER BLACK ORBIT DROP EARRINGS,20,Descriptive catalogue item on positive numeric invoice before cutoff; exception codes reviewed separately
90019A,merchandise,SILVER M.O.P ORBIT BRACELET,51,Descriptive catalogue item on positive numeric invoice before cutoff; exception codes reviewed separately
90019B,merchandise,GOLD M.O.P ORBIT BRACELET,27,Descriptive catalogue item on positive numeric invoice before cutoff; exception codes reviewed separately
90019C,merchandise,SILVER BLACK ORBIT BRACELET,34,Descriptive catalogue item on positive numeric invoice before cutoff; exception codes reviewed separately
90020,merchandise,FILIGREE DIAMANTE CHAIN,4,Descriptive catalogue item on positive numeric invoice before cutoff; exception codes reviewed separately
90021,merchandise,LASER CUT MULTI STRAND NECKLACE,4,Descriptive catalogue item on positive numeric invoice before cutoff; exception codes reviewed separately
90022,merchandise,EDWARDIAN DROP EARRINGS JET BLACK,34,Descriptive catalogue item on positive numeric invoice before cutoff; exception codes reviewed separately
90023,merchandise,FILIGREE DIAMANTE EARRINGS,22,Descriptive catalogue item on positive numeric invoice before cutoff; exception codes reviewed separately
90024A,merchandise,NEW BAROQUE B'FLY NECKLACE BLACK,4,Descriptive catalogue item on positive numeric invoice before cutoff; exception codes reviewed separately
90024B,merchandise,NEW BAROQUE B'FLY NECKLACE RED,22,Descriptive catalogue item on positive numeric invoice before cutoff; exception codes reviewed separately
90024C,merchandise,NEW BAROQUE B'FLY NECKLACE GREEN,11,Descriptive catalogue item on positive numeric invoice before cutoff; exception codes reviewed separately
90024D,merchandise,NEW BAROQUE B'FLY NECKLACE PINK,13,Descriptive catalogue item on positive numeric invoice before cutoff; exception codes reviewed separately
90024E,merchandise,NEW BAROQUE B'FLY NECKLACE MONTANA,11,Descriptive catalogue item on positive numeric invoice before cutoff; exception codes reviewed separately
90024F,merchandise,NEW BAROQUE B'FLY NECKLACE CRYSTAL,6,Descriptive catalogue item on positive numeric invoice before cutoff; exception codes reviewed separately
90025A,merchandise,BAROQUE BUTTERFLY EARRINGS BLACK,2,Descriptive catalogue item on positive numeric invoice before cutoff; exception codes reviewed separately
90025B,merchandise,BAROQUE BUTTERFLY EARRINGS RED,3,Descriptive catalogue item on positive numeric invoice before cutoff; exception codes reviewed separately
90025C,merchandise,BAROQUE BUTTERFLY EARRINGS GREEN,6,Descriptive catalogue item on positive numeric invoice before cutoff; exception codes reviewed separately
90025D,merchandise,BAROQUE BUTTERFLY EARRINGS PINK,5,Descriptive catalogue item on positive numeric invoice before cutoff; exception codes reviewed separately
90025E,merchandise,BAROQUE BUTTERFLY EARRINGS MONTANA,7,Descriptive catalogue item on positive numeric invoice before cutoff; exception codes reviewed separately
90025F,merchandise,BAROQUE BUTTERFLY EARRINGS CRYSTAL,8,Descriptive catalogue item on positive numeric invoice before cutoff; exception codes reviewed separately
90026A,merchandise,GLASS BEAD HOOP NECKLACE BLACK,9,Descriptive catalogue item on positive numeric invoice before cutoff; exception codes reviewed separately
90026B,merchandise,GLASS BEAD HOOP NECKLACE MONTANA,7,Descriptive catalogue item on positive numeric invoice before cutoff; exception codes reviewed separately
90026C,merchandise,GLASS BEAD HOOP NECKLACE GREEN,6,Descriptive catalogue item on positive numeric invoice before cutoff; exception codes reviewed separately
90026D,merchandise,GLASS BEAD HOOP NECKLACE AMETHYST,8,Descriptive catalogue item on positive numeric invoice before cutoff; exception codes reviewed separately
90027A,merchandise,GLASS BEAD HOOP EARRINGS BLACK,7,Descriptive catalogue item on positive numeric invoice before cutoff; exception codes reviewed separately
90027B,merchandise,GLASS BEAD HOOP EARRINGS MONTANA,10,Descriptive catalogue item on positive numeric invoice before cutoff; exception codes reviewed separately
90027C,merchandise,GLASS BEAD HOOP EARRINGS GREEN,12,Descriptive catalogue item on positive numeric invoice before cutoff; exception codes reviewed separately
90027D,merchandise,GLASS BEAD HOOP EARRINGS AMETHYST,14,Descriptive catalogue item on positive numeric invoice before cutoff; exception codes reviewed separately
90028,merchandise,NEW BAROQUE LARGE NECKLACE BLK/WHIT,27,Descriptive catalogue item on positive numeric invoice before cutoff; exception codes reviewed separately
90029,merchandise,NEW BAROQUE SMALL NECKLACE BLACK,12,Descriptive catalogue item on positive numeric invoice before cutoff; exception codes reviewed separately
90030A,merchandise,SPOTTED WHITE NATURAL SEED NECKLACE,10,Descriptive catalogue item on positive numeric invoice before cutoff; exception codes reviewed separately
90030B,merchandise,RED KUKUI COCONUT SEED NECKLACE,34,Descriptive catalogue item on positive numeric invoice before cutoff; exception codes reviewed separately
90030C,merchandise,BROWN KUKUI COCONUT SEED NECKLACE,17,Descriptive catalogue item on positive numeric invoice before cutoff; exception codes reviewed separately
90031,merchandise,BILI NUT AND WOOD NECKLACE,9,Descriptive catalogue item on positive numeric invoice before cutoff; exception codes reviewed separately
90032,merchandise,IVORY SHELL HEART NECKLACE,24,Descriptive catalogue item on positive numeric invoice before cutoff; exception codes reviewed separately
90033,merchandise,IVORY SHELL HEART EARRINGS,19,Descriptive catalogue item on positive numeric invoice before cutoff; exception codes reviewed separately
90034,merchandise,WHITE SILVER NECKLACE SHELL GLASS,6,Descriptive catalogue item on positive numeric invoice before cutoff; exception codes reviewed separately
90035A,merchandise,"PEARL & SHELL 42""NECKL. GREEN",16,Descriptive catalogue item on positive numeric invoice before cutoff; exception codes reviewed separately
90035B,merchandise,"PEARL & SHELL 42""NECKL. PINK",4,Descriptive catalogue item on positive numeric invoice before cutoff; exception codes reviewed separately
90035C,merchandise,"PEARL & SHELL 42""NECKL. IVORY",5,Descriptive catalogue item on positive numeric invoice before cutoff; exception codes reviewed separately
90036A,merchandise,FLOWER GARLAND NECKLACE RED,20,Descriptive catalogue item on positive numeric invoice before cutoff; exception codes reviewed separately
90036B,merchandise,"FLOWER GLASS GARLAND NECKL.36""GREEN",10,Descriptive catalogue item on positive numeric invoice before cutoff; exception codes reviewed separately
90036C,merchandise,"FLOWER GLASS GARLAND NECKL.36""BLUE",14,Descriptive catalogue item on positive numeric invoice before cutoff; exception codes reviewed separately
90036D,merchandise,"FLOWER GLASS GARLAND NECKL.36""BLACK",17,Descriptive catalogue item on positive numeric invoice before cutoff; exception codes reviewed separately
90036E,merchandise,"FLOWER GLASS GARLD NECKL36""AMETHYST",28,Descriptive catalogue item on positive numeric invoice before cutoff; exception codes reviewed separately
90036F,merchandise,"FLOWER GLASS GARLD NECKL36""TURQUOIS",17,Descriptive catalogue item on positive numeric invoice before cutoff; exception codes reviewed separately
90037A,merchandise,TINY CRYSTAL BRACELET RED,12,Descriptive catalogue item on positive numeric invoice before cutoff; exception codes reviewed separately
90037B,merchandise,TINY CRYSTAL BRACELET GREEN,9,Descriptive catalogue item on positive numeric invoice before cutoff; exception codes reviewed separately
90037C,merchandise,TINY CRYSTAL BRACELET BLUE,13,Descriptive catalogue item on positive numeric invoice before cutoff; exception codes reviewed separately
90037D,merchandise,TINY CRYSTALS BRACELET BLACK,8,Descriptive catalogue item on positive numeric invoice before cutoff; exception codes reviewed separately
90038A,merchandise,GLASS AND PAINTED BEADS BRACELET TO,22,Descriptive catalogue item on positive numeric invoice before cutoff; exception codes reviewed separately
90038B,merchandise,GLASS AND PAINTED BEADS BRACELET OL,12,Descriptive catalogue item on positive numeric invoice before cutoff; exception codes reviewed separately
90038C,merchandise,GLASS AND BEADS BRACELET IVORY,9,Descriptive catalogue item on positive numeric invoice before cutoff; exception codes reviewed separately
90039A,merchandise,FIRE POLISHED GLASS BRACELET RED,4,Descriptive catalogue item on positive numeric invoice before cutoff; exception codes reviewed separately
90039B,merchandise,FIRE POLISHED GLASS BRACELET MONTAN,12,Descriptive catalogue item on positive numeric invoice before cutoff; exception codes reviewed separately
90039C,merchandise,FIRE POLISHED GLASS BRACELET BLACK,12,Descriptive catalogue item on positive numeric invoice before cutoff; exception codes reviewed separately
90039D,merchandise,FIRE POLISHED GLASS BRACELET GREEN,24,Descriptive catalogue item on positive numeric invoice before cutoff; exception codes reviewed separately
90040A,merchandise,MURANO STYLE GLASS BRACELET RED,34,Descriptive catalogue item on positive numeric invoice before cutoff; exception codes reviewed separately
90040B,merchandise,MURANO STYLE GLASS BRACELET BLACK,38,Descriptive catalogue item on positive numeric invoice before cutoff; exception codes reviewed separately
90040C,merchandise,MURANO STYLE GLASS BRACELET GOLD,20,Descriptive catalogue item on positive numeric invoice before cutoff; exception codes reviewed separately
90040D,merchandise,MURANO STYLE GLASS BRACELET PINK,25,Descriptive catalogue item on positive numeric invoice before cutoff; exception codes reviewed separately
90041,merchandise,PEARL AND CHERRY QUARTZ BRACLET,5,Descriptive catalogue item on positive numeric invoice before cutoff; exception codes reviewed separately
90042A,merchandise,FRESHWATER PEARL BRACELET GOLD,33,Descriptive catalogue item on positive numeric invoice before cutoff; exception codes reviewed separately
90042B,merchandise,FRESHWATER PEARL BRACELET PINK,6,Descriptive catalogue item on positive numeric invoice before cutoff; exception codes reviewed separately
90042C,merchandise,FRESHWATER PEARL BRACELET IVORY,26,Descriptive catalogue item on positive numeric invoice before cutoff; exception codes reviewed separately
90043,merchandise,COPPER AND BRASS BAG CHARM,6,Descriptive catalogue item on positive numeric invoice before cutoff; exception codes reviewed separately
90046,merchandise,WHITE WITH METAL BAG CHARM,7,Descriptive catalogue item on positive numeric invoice before cutoff; exception codes reviewed separately
90048,merchandise,GREEN WITH METAL BAG CHARM,8,Descriptive catalogue item on positive numeric invoice before cutoff; exception codes reviewed separately
90049,merchandise,IVORY GOLD METAL BAG CHARM,6,Descriptive catalogue item on positive numeric invoice before cutoff; exception codes reviewed separately
90050,merchandise,CRACKED GLAZE NECKLACE IVORY,7,Descriptive catalogue item on positive numeric invoice before cutoff; exception codes reviewed separately
90051,merchandise,CRACKED GLAZE NECKLACE RED,13,Descriptive catalogue item on positive numeric invoice before cutoff; exception codes reviewed separately
90052,merchandise,CRACKED GLAZE NECKLACE BROWN,5,Descriptive catalogue item on positive numeric invoice before cutoff; exception codes reviewed separately
90053,merchandise,CRACKED GLAZE EARRINGS IVORY,11,Descriptive catalogue item on positive numeric invoice before cutoff; exception codes reviewed separately
90054,merchandise,CRACKED GLAZE EARRINGS RED,17,Descriptive catalogue item on positive numeric invoice before cutoff; exception codes reviewed separately
90055,merchandise,CRACKED GLAZE EARRINGS BROWN,9,Descriptive catalogue item on positive numeric invoice before cutoff; exception codes reviewed separately
90056,merchandise,CHUNKY CRACKED GLAZE NECKLACE IVORY,13,Descriptive catalogue item on positive numeric invoice before cutoff; exception codes reviewed separately
90057,merchandise,DIAMANTE RING ASSORTED IN BOX.,35,Descriptive catalogue item on positive numeric invoice before cutoff; exception codes reviewed separately
90058A,merchandise,CRYSTAL STUD EARRINGS CLEAR DISPLAY,13,Descriptive catalogue item on positive numeric invoice before cutoff; exception codes reviewed separately
90058B,merchandise,CRYSTAL STUD EARRINGS ASSORTED COL,29,Descriptive catalogue item on positive numeric invoice before cutoff; exception codes reviewed separately
90059A,merchandise,DIAMANTE HAIR GRIP PACK/2 CRYSTAL,47,Descriptive catalogue item on positive numeric invoice before cutoff; exception codes reviewed separately
90059B,merchandise,DIAMANTE HAIR GRIP PACK/2 BLACK DIA,18,Descriptive catalogue item on positive numeric invoice before cutoff; exception codes reviewed separately
90059C,merchandise,DIAMANTE HAIR GRIP PACK/2 MONTANA,23,Descriptive catalogue item on positive numeric invoice before cutoff; exception codes reviewed separately
90059D,merchandise,DIAMANTE HAIR GRIP PACK/2 PERIDOT,40,Descriptive catalogue item on positive numeric invoice before cutoff; exception codes reviewed separately
90059E,merchandise,DIAMANTE HAIR GRIP PACK/2 RUBY,33,Descriptive catalogue item on positive numeric invoice before cutoff; exception codes reviewed separately
90059F,merchandise,DIAMANTE HAIR GRIP PACK/2 LT ROSE,25,Descriptive catalogue item on positive numeric invoice before cutoff; exception codes reviewed separately
90060B,merchandise,FIRE POLISHED GLASS NECKL GOLD,5,Descriptive catalogue item on positive numeric invoice before cutoff; exception codes reviewed separately
90060C,merchandise,FIRE POLISHED GLASS NECKL SILVER,3,Descriptive catalogue item on positive numeric invoice before cutoff; exception codes reviewed separately
90060D,merchandise,FIRE POLISHED GLASS NECKL BRONZE,9,Descriptive catalogue item on positive numeric invoice before cutoff; exception codes reviewed separately
90060F,merchandise,FIRE POLISHED GLASS NECKL GREEN,20,Descriptive catalogue item on positive numeric invoice before cutoff; exception codes reviewed separately
90062,merchandise,CARNIVAL BRACELET,114,Descriptive catalogue item on positive numeric invoice before cutoff; exception codes reviewed separately
90063A,merchandise,WHITE VINT ART DECO CRYSTAL NECKLAC,13,Descriptive catalogue item on positive numeric invoice before cutoff; exception codes reviewed separately
90063B,merchandise,BLACK VINT ART DEC CRYSTAL NECKLACE,14,Descriptive catalogue item on positive numeric invoice before cutoff; exception codes reviewed separately
90064A,merchandise,WHITE VINTAGE CRYSTAL EARRINGS,12,Descriptive catalogue item on positive numeric invoice before cutoff; exception codes reviewed separately
90064B,merchandise,BLACK VINTAGE  CRYSTAL EARRINGS,12,Descriptive catalogue item on positive numeric invoice before cutoff; exception codes reviewed separately
90065A,merchandise,WHITE VINTAGE CRYSTAL BRACELET,17,Descriptive catalogue item on positive numeric invoice before cutoff; exception codes reviewed separately
90065B,merchandise,BLACK VINT ART DEC CRYSTAL BRACELET,18,Descriptive catalogue item on positive numeric invoice before cutoff; exception codes reviewed separately
90066A,merchandise,PINK VINTAGE VICTORIAN CHOKER,2,Descriptive catalogue item on positive numeric invoice before cutoff; exception codes reviewed separately
90067A,merchandise,PINK VINTAGE VICTORIAN EARRINGS,16,Descriptive catalogue item on positive numeric invoice before cutoff; exception codes reviewed separately
90067B,merchandise,BROWN VINTAGE VICTORIAN EARRINGS,6,Descriptive catalogue item on positive numeric invoice before cutoff; exception codes reviewed separately
90068,merchandise,"RUBY GLASS NECKLACE 42""",2,Descriptive catalogue item on positive numeric invoice before cutoff; exception codes reviewed separately
90069,merchandise,RUBY GLASS CLUSTER NECKLACE,5,Descriptive catalogue item on positive numeric invoice before cutoff; exception codes reviewed separately
90070,merchandise,RUBY GLASS CLUSTER BRACELET,35,Descriptive catalogue item on positive numeric invoice before cutoff; exception codes reviewed separately
90071,merchandise,RUBY GLASS CLUSTER EARRINGS,74,Descriptive catalogue item on positive numeric invoice before cutoff; exception codes reviewed separately
90072,merchandise,RUBY DROP CHANDELIER EARRINGS,29,Descriptive catalogue item on positive numeric invoice before cutoff; exception codes reviewed separately
90073,merchandise,VINTAGE ENAMEL & CRYSTAL EARRINGS,35,Descriptive catalogue item on positive numeric invoice before cutoff; exception codes reviewed separately
90074,merchandise,BLACK DIAMOND CLUSTER NECKLACE,7,Descriptive catalogue item on positive numeric invoice before cutoff; exception codes reviewed separately
90075,merchandise,MONTANA DIAMOND CLUSTER NECKLACE,8,Descriptive catalogue item on positive numeric invoice before cutoff; exception codes reviewed separately
90076,merchandise,MONTANA DIAMOND CLUSTER EARRINGS,7,Descriptive catalogue item on positive numeric invoice before cutoff; exception codes reviewed separately
90077,merchandise,BLACK DIAMOND CLUSTER EARRINGS,6,Descriptive catalogue item on positive numeric invoice before cutoff; exception codes reviewed separately
90078,merchandise,PINK/WHITE GLASS DEMI CHOKER,5,Descriptive catalogue item on positive numeric invoice before cutoff; exception codes reviewed separately
90079,merchandise,VINTAGE ENAMEL & CRYSTAL NECKLACE,13,Descriptive catalogue item on positive numeric invoice before cutoff; exception codes reviewed separately
90080,unresolved,,0,No descriptive positive-purchase evidence before cutoff
90081A,merchandise,LILY BROOCH AMETHYST COLOUR,25,Descriptive catalogue item on positive numeric invoice before cutoff; exception codes reviewed separately
90081B,merchandise,LILY BROOCH WHITE/SILVER COLOUR,3,Descriptive catalogue item on positive numeric invoice before cutoff; exception codes reviewed separately
90081C,merchandise,LILY BROOCH OLIVE COLOUR,36,Descriptive catalogue item on positive numeric invoice before cutoff; exception codes reviewed separately
90082A,merchandise,DIAMANTE BOW BROOCH GREEN COLOUR,30,Descriptive catalogue item on positive numeric invoice before cutoff; exception codes reviewed separately
90082B,merchandise,DIAMANTE BOW BROOCH RED COLOUR,30,Descriptive catalogue item on positive numeric invoice before cutoff; exception codes reviewed separately
90082C,merchandise,DIAMANTE BOW BROOCH WHITE COLOUR,3,Descriptive catalogue item on positive numeric invoice before cutoff; exception codes reviewed separately
90082D,merchandise,DIAMANTE BOW BROOCH BLACK COLOUR,56,Descriptive catalogue item on positive numeric invoice before cutoff; exception codes reviewed separately
90083,merchandise,CRYSTAL CZECH CROSS PHONE CHARM,13,Descriptive catalogue item on positive numeric invoice before cutoff; exception codes reviewed separately
90084,merchandise,PINK CRYSTAL GUITAR PHONE CHARM,9,Descriptive catalogue item on positive numeric invoice before cutoff; exception codes reviewed separately
90085,merchandise,CRYSTAL STILETTO PHONE CHARM,30,Descriptive catalogue item on positive numeric invoice before cutoff; exception codes reviewed separately
90086,merchandise,CRYSTAL FROG PHONE CHARM,46,Descriptive catalogue item on positive numeric invoice before cutoff; exception codes reviewed separately
90087,merchandise,CRYSTAL SEA HORSE PHONE CHARM,53,Descriptive catalogue item on positive numeric invoice before cutoff; exception codes reviewed separately
90088,merchandise,CRYSTAL KEY+LOCK PHONE CHARM,14,Descriptive catalogue item on positive numeric invoice before cutoff; exception codes reviewed separately
90089,merchandise,PINK CRYSTAL SKULL PHONE CHARM,25,Descriptive catalogue item on positive numeric invoice before cutoff; exception codes reviewed separately
90090,merchandise,PINK CRYSTAL HEART PHONE CHARM,25,Descriptive catalogue item on positive numeric invoice before cutoff; exception codes reviewed separately
90091,merchandise,CRYSTAL DRAGONFLY PHONE CHARM,2,Descriptive catalogue item on positive numeric invoice before cutoff; exception codes reviewed separately
90092,merchandise,BLUE CRYSTAL BOOT PHONE CHARM,12,Descriptive catalogue item on positive numeric invoice before cutoff; exception codes reviewed separately
90093,merchandise,CLEAR CRYSTAL STAR PHONE CHARM,24,Descriptive catalogue item on positive numeric invoice before cutoff; exception codes reviewed separately
90094,merchandise,NECKLACE+BRACELET SET FRUIT SALAD,40,Descriptive catalogue item on positive numeric invoice before cutoff; exception codes reviewed separately
90095,merchandise,NECKLACE+BRACELET SET PINK BLOSSOM,3,Descriptive catalogue item on positive numeric invoice before cutoff; exception codes reviewed separately
90096,merchandise,NECKLACE+BRACELET SET BLUE BLOSSOM,54,Descriptive catalogue item on positive numeric invoice before cutoff; exception codes reviewed separately
90097,unresolved,,0,No descriptive positive-purchase evidence before cutoff
90098,merchandise,NECKLACE+BRACELET PINK BUTTERFLY,57,Descriptive catalogue item on positive numeric invoice before cutoff; exception codes reviewed separately
90099,merchandise,NECKLACE+BRACELET SET BLUE HIBISCUS,27,Descriptive catalogue item on positive numeric invoice before cutoff; exception codes reviewed separately
90100,merchandise,NECKLACE+BRACELET SET PINK DAISY,12,Descriptive catalogue item on positive numeric invoice before cutoff; exception codes reviewed separately
90101,merchandise,WHITE FRANGIPANI NECKLACE,29,Descriptive catalogue item on positive numeric invoice before cutoff; exception codes reviewed separately
90102,merchandise,WHITE FRANGIPANI HAIR CLIP,4,Descriptive catalogue item on positive numeric invoice before cutoff; exception codes reviewed separately
90103,merchandise,PURPLE FRANGIPANI NECKLACE,29,Descriptive catalogue item on positive numeric invoice before cutoff; exception codes reviewed separately
90104,merchandise,PURPLE FRANGIPANI HAIRCLIP,53,Descriptive catalogue item on positive numeric invoice before cutoff; exception codes reviewed separately
90107,unresolved,,0,No descriptive positive-purchase evidence before cutoff
90108,merchandise,BLUE BLOSSOM HAIR CLIP,20,Descriptive catalogue item on positive numeric invoice before cutoff; exception codes reviewed separately
90109,unresolved,,0,No descriptive positive-purchase evidence before cutoff
90110,unresolved,,0,No descriptive positive-purchase evidence before cutoff
90111,merchandise,BLUE HIBISCUS  HAIR CLIP,7,Descriptive catalogue item on positive numeric invoice before cutoff; exception codes reviewed separately
90112,merchandise,PINK DOLLY HAIR CLIPS,21,Descriptive catalogue item on positive numeric invoice before cutoff; exception codes reviewed separately
90114,merchandise,SUMMER DAISIES BAG CHARM,110,Descriptive catalogue item on positive numeric invoice before cutoff; exception codes reviewed separately
90115,merchandise,SUMMER BUTTERFLIES BAG CHARM,63,Descriptive catalogue item on positive numeric invoice before cutoff; exception codes reviewed separately
90116,merchandise,FRUIT SALAD BAG CHARM,63,Descriptive catalogue item on positive numeric invoice before cutoff; exception codes reviewed separately
90117,unresolved,,0,No descriptive positive-purchase evidence before cutoff
90118,merchandise,PINK DAISY BAG CHARM,27,Descriptive catalogue item on positive numeric invoice before cutoff; exception codes reviewed separately
90119,merchandise,METALIC LEAVES BAG CHARMS,40,Descriptive catalogue item on positive numeric invoice before cutoff; exception codes reviewed separately
90120A,merchandise,PINK MURANO TWIST BRACELET,42,Descriptive catalogue item on positive numeric invoice before cutoff; exception codes reviewed separately
90120B,merchandise,BLUE MURANO TWIST BRACELET,42,Descriptive catalogue item on positive numeric invoice before cutoff; exception codes reviewed separately
90120C,merchandise,GREEN MURANO TWIST BRACELET,57,Descriptive catalogue item on positive numeric invoice before cutoff; exception codes reviewed separately
90120D,merchandise,WHITE MURANO TWIST BRACELET,40,Descriptive catalogue item on positive numeric invoice before cutoff; exception codes reviewed separately
90121A,unresolved,,0,No descriptive positive-purchase evidence before cutoff
90121B,merchandise,VINTAGE ROSE BEAD BRACELET BLUE,9,Descriptive catalogue item on positive numeric invoice before cutoff; exception codes reviewed separately
90122A,merchandise,PINK CRYSTAL+GLASS BRACELET,32,Descriptive catalogue item on positive numeric invoice before cutoff; exception codes reviewed separately
90122B,merchandise,JADE CRYSTAL+GLASS BRACELET,26,Descriptive catalogue item on positive numeric invoice before cutoff; exception codes reviewed separately
90122C,merchandise,TURQUOISE CRYSTAL+GLASS BRACELET,29,Descriptive catalogue item on positive numeric invoice before cutoff; exception codes reviewed separately
90123A,merchandise,PINK HEART OF GLASS BRACELET,20,Descriptive catalogue item on positive numeric invoice before cutoff; exception codes reviewed separately
90123B,merchandise,TURQUOISE HEART OF GLASS BRACELET,15,Descriptive catalogue item on positive numeric invoice before cutoff; exception codes reviewed separately
90123C,merchandise,GREEN HEART OF GLASS BRACELET,12,Descriptive catalogue item on positive numeric invoice before cutoff; exception codes reviewed separately
90123D,merchandise,WHITE HEART OF GLASS BRACELET,14,Descriptive catalogue item on positive numeric invoice before cutoff; exception codes reviewed separately
90124A,merchandise,PINK MURANO TWIST NECKLACE,20,Descriptive catalogue item on positive numeric invoice before cutoff; exception codes reviewed separately
90124B,merchandise,BLUE MURANO TWIST NECKLACE,31,Descriptive catalogue item on positive numeric invoice before cutoff; exception codes reviewed separately
90124C,merchandise,GREEN MURANO TWIST NECKLACE,16,Descriptive catalogue item on positive numeric invoice before cutoff; exception codes reviewed separately
90125A,merchandise,PINK BERTIE GLASS BEAD BAG CHARM,18,Descriptive catalogue item on positive numeric invoice before cutoff; exception codes reviewed separately
90125B,merchandise,AQUA BERTIE GLASS BEAD BAG CHARM,16,Descriptive catalogue item on positive numeric invoice before cutoff; exception codes reviewed separately
90125C,merchandise,TURQUOISE BERTIE GLASS BEAD CHARM,10,Descriptive catalogue item on positive numeric invoice before cutoff; exception codes reviewed separately
90125D,merchandise,PURPLE BERTIE GLASS BEAD BAG CHARM,36,Descriptive catalogue item on positive numeric invoice before cutoff; exception codes reviewed separately
90125E,merchandise,AMBER BERTIE GLASS BEAD BAG CHARM,17,Descriptive catalogue item on positive numeric invoice before cutoff; exception codes reviewed separately
90126A,merchandise,PINK BERTIE MOBILE PHONE CHARM,6,Descriptive catalogue item on positive numeric invoice before cutoff; exception codes reviewed separately
90126B,merchandise,BLUE BERTIE MOBILE PHONE CHARM,3,Descriptive catalogue item on positive numeric invoice before cutoff; exception codes reviewed separately
90126C,merchandise,AMBER BERTIE MOBILE PHONE CHARM,5,Descriptive catalogue item on positive numeric invoice before cutoff; exception codes reviewed separately
90127A,merchandise,PINK BEADS+HAND PHONE CHARM,2,Descriptive catalogue item on positive numeric invoice before cutoff; exception codes reviewed separately
90127B,merchandise,BLUE BEADS+HAND PHONE CHARM,2,Descriptive catalogue item on positive numeric invoice before cutoff; exception codes reviewed separately
90128A,merchandise,PINK LEAVES AND BEADS PHONE CHARM,12,Descriptive catalogue item on positive numeric invoice before cutoff; exception codes reviewed separately
90128B,merchandise,BLUE LEAVES AND BEADS PHONE CHARM,8,Descriptive catalogue item on positive numeric invoice before cutoff; exception codes reviewed separately
90128C,merchandise,GREEN LEAVES AND BEADS PHONE CHARM,7,Descriptive catalogue item on positive numeric invoice before cutoff; exception codes reviewed separately
90128D,merchandise,PURPLE LEAVES AND BEADS PHONE CHAR,8,Descriptive catalogue item on positive numeric invoice before cutoff; exception codes reviewed separately
90129A,merchandise,PINK GLASS TASSLE BAG CHARM,76,Descriptive catalogue item on positive numeric invoice before cutoff; exception codes reviewed separately
90129B,merchandise,TURQUOISE GLASS TASSLE BAG CHARM,63,Descriptive catalogue item on positive numeric invoice before cutoff; exception codes reviewed separately
90129C,merchandise,GREEN GLASS TASSLE BAG CHARM,51,Descriptive catalogue item on positive numeric invoice before cutoff; exception codes reviewed separately
90129D,merchandise,AMBER GLASS TASSLE BAG CHARM,36,Descriptive catalogue item on positive numeric invoice before cutoff; exception codes reviewed separately
90129E,merchandise,PURPLE GLASS TASSLE BAG CHARM,61,Descriptive catalogue item on positive numeric invoice before cutoff; exception codes reviewed separately
90129F,merchandise,RED GLASS TASSLE BAG CHARM,44,Descriptive catalogue item on positive numeric invoice before cutoff; exception codes reviewed separately
90130A,merchandise,WHITE STONE/CRYSTAL EARRINGS,16,Descriptive catalogue item on positive numeric invoice before cutoff; exception codes reviewed separately
90130B,merchandise,TURQ STONE/CRYSTAL EARRINGS,48,Descriptive catalogue item on positive numeric invoice before cutoff; exception codes reviewed separately
90130C,merchandise,GREEN STONE/CRYSTAL EARRINGS,24,Descriptive catalogue item on positive numeric invoice before cutoff; exception codes reviewed separately
90130D,merchandise,RED STONE/CRYSTAL EARRINGS,8,Descriptive catalogue item on positive numeric invoice before cutoff; exception codes reviewed separately
90131,merchandise,PINK/AMETHYST/GOLD NECKLACE,5,Descriptive catalogue item on positive numeric invoice before cutoff; exception codes reviewed separately
90132,merchandise,LIGHT TOPAZ TEAL/AQUA COL NECKLACE,8,Descriptive catalogue item on positive numeric invoice before cutoff; exception codes reviewed separately
90133,merchandise,TEAL/FUSCHIA COL BEAD NECKLACE,35,Descriptive catalogue item on positive numeric invoice before cutoff; exception codes reviewed separately
90134,merchandise,OLD ROSE COMBO BEAD NECKLACE,94,Descriptive catalogue item on positive numeric invoice before cutoff; exception codes reviewed separately
90135,merchandise,ORANGE/WHT/FUSCHIA STONES NECKLACE,3,Descriptive catalogue item on positive numeric invoice before cutoff; exception codes reviewed separately
90135A,merchandise,ORANGE/FUSCHIA STONES NECKLACE,4,Descriptive catalogue item on positive numeric invoice before cutoff; exception codes reviewed separately
90136,merchandise,PALE PINK/AMETHYST STONE NECKLACE,3,Descriptive catalogue item on positive numeric invoice before cutoff; exception codes reviewed separately
90137,merchandise,PINK COMBO MINI CRYSTALS NECKLACE,15,Descriptive catalogue item on positive numeric invoice before cutoff; exception codes reviewed separately
90138,merchandise,WHITE/PINK MINI CRYSTALS NECKLACE,17,Descriptive catalogue item on positive numeric invoice before cutoff; exception codes reviewed separately
90139,merchandise,FLOWER BROOCH 4 ASSORTED COLOURS,18,Descriptive catalogue item on positive numeric invoice before cutoff; exception codes reviewed separately
90140,merchandise,PINK SWEETIE NECKLACE,8,Descriptive catalogue item on positive numeric invoice before cutoff; exception codes reviewed separately
90141A,merchandise,GREEN PENDANT TRIPLE SHELL NECKLACE,18,Descriptive catalogue item on positive numeric invoice before cutoff; exception codes reviewed separately
90141B,merchandise,IVORY PENDANT TRIPLE SHELL NECKLACE,9,Descriptive catalogue item on positive numeric invoice before cutoff; exception codes reviewed separately
90141C,merchandise,TURQ PENDANT TRIPLE SHELL NECKLACE,13,Descriptive catalogue item on positive numeric invoice before cutoff; exception codes reviewed separately
90141D,merchandise,ROSE PENDANT TRIPLE SHELL NECKLACE,5,Descriptive catalogue item on positive numeric invoice before cutoff; exception codes reviewed separately
90141E,merchandise,ORANGE PENDANT TRIPLE SHELL NECKLAC,5,Descriptive catalogue item on positive numeric invoice before cutoff; exception codes reviewed separately
90142A,merchandise,GREEN PENDANT SHELL NECKLACE,4,Descriptive catalogue item on positive numeric invoice before cutoff; exception codes reviewed separately
90142B,merchandise,IVORY PENDANT SHELL NECKLACE,1,Descriptive catalogue item on positive numeric invoice before cutoff; exception codes reviewed separately
90142C,merchandise,ROSE PINK PENDANT SHELL NECKLACE,1,Descriptive catalogue item on positive numeric invoice before cutoff; exception codes reviewed separately
90142D,merchandise,MOP PENDANT SHELL NECKLACE,5,Descriptive catalogue item on positive numeric invoice before cutoff; exception codes reviewed separately
90143,merchandise,SILVER BRACELET W PASTEL FLOWER,44,Descriptive catalogue item on positive numeric invoice before cutoff; exception codes reviewed separately
90144,merchandise,SILVER DROP EARRINGS WITH FLOWER,33,Descriptive catalogue item on positive numeric invoice before cutoff; exception codes reviewed separately
90145,merchandise,SILVER HOOP EARRINGS WITH FLOWER,44,Descriptive catalogue item on positive numeric invoice before cutoff; exception codes reviewed separately
90146,merchandise,FINE SILVER NECKLACE W PASTEL FLOWE,19,Descriptive catalogue item on positive numeric invoice before cutoff; exception codes reviewed separately
90147,merchandise,CHUNKY SILVER NECKLACE PASTEL FLOWE,61,Descriptive catalogue item on positive numeric invoice before cutoff; exception codes reviewed separately
90148,merchandise,LONG SILVER NECKLACE PASTEL FLOWER,19,Descriptive catalogue item on positive numeric invoice before cutoff; exception codes reviewed separately
90149,merchandise,SILVER FLOWR PINK SHELL NECKLACE,8,Descriptive catalogue item on positive numeric invoice before cutoff; exception codes reviewed separately
90150,merchandise,BLUE SHELL+SILVER NECKLACE,8,Descriptive catalogue item on positive numeric invoice before cutoff; exception codes reviewed separately
90151,merchandise,SILVER/NATURAL SHELL NECKLACE,11,Descriptive catalogue item on positive numeric invoice before cutoff; exception codes reviewed separately
90152A,merchandise,SILVER/NAT SHELL NECKLACE W PENDANT,7,Descriptive catalogue item on positive numeric invoice before cutoff; exception codes reviewed separately
90152B,merchandise,BLUE/GREEN SHELL NECKLACE W PENDANT,6,Descriptive catalogue item on positive numeric invoice before cutoff; exception codes reviewed separately
90152C,merchandise,BLUE/NAT SHELL NECKLACE W PENDANT,4,Descriptive catalogue item on positive numeric invoice before cutoff; exception codes reviewed separately
90154,merchandise,LAZER CUT NECKLACE W PASTEL BEADS,7,Descriptive catalogue item on positive numeric invoice before cutoff; exception codes reviewed separately
90155,merchandise,RESIN NECKLACE W PASTEL BEADS,20,Descriptive catalogue item on positive numeric invoice before cutoff; exception codes reviewed separately
90156,merchandise,RESIN BRACELET W PASTEL BEADS,14,Descriptive catalogue item on positive numeric invoice before cutoff; exception codes reviewed separately
90157,merchandise,RIVIERA NECKLACE,25,Descriptive catalogue item on positive numeric invoice before cutoff; exception codes reviewed separately
90158,merchandise,ST TROPEZ NECKLACE,62,Descriptive catalogue item on positive numeric invoice before cutoff; exception codes reviewed separately
90159,merchandise,COTE D'AZURE NECKLACE,20,Descriptive catalogue item on positive numeric invoice before cutoff; exception codes reviewed separately
90160A,merchandise,PURPLE BOUDICCA LARGE BRACELET,24,Descriptive catalogue item on positive numeric invoice before cutoff; exception codes reviewed separately
90160B,merchandise,RED BOUDICCA LARGE BRACELET,29,Descriptive catalogue item on positive numeric invoice before cutoff; exception codes reviewed separately
90160C,merchandise,TURQ+RED BOUDICCA LARGE BRACELET,45,Descriptive catalogue item on positive numeric invoice before cutoff; exception codes reviewed separately
90160D,merchandise,PINK BOUDICCA LARGE BRACELET,25,Descriptive catalogue item on positive numeric invoice before cutoff; exception codes reviewed separately
90161A,merchandise,ANT COPPER RED BOUDICCA BRACELET,44,Descriptive catalogue item on positive numeric invoice before cutoff; exception codes reviewed separately
90161B,merchandise,ANT COPPER TURQ BOUDICCA BRACELET,76,Descriptive catalogue item on positive numeric invoice before cutoff; exception codes reviewed separately
90161C,merchandise,ANT COPPER LIME BOUDICCA BRACELET,97,Descriptive catalogue item on positive numeric invoice before cutoff; exception codes reviewed separately
90161D,merchandise,ANT COPPER PINK BOUDICCA BRACELET,71,Descriptive catalogue item on positive numeric invoice before cutoff; exception codes reviewed separately
90162A,merchandise,ANT SILVER TURQUOISE BOUDICCA RING,11,Descriptive catalogue item on positive numeric invoice before cutoff; exception codes reviewed separately
90162B,merchandise,ANT SILVER LIME GREEN BOUDICCA RING,21,Descriptive catalogue item on positive numeric invoice before cutoff; exception codes reviewed separately
90162C,merchandise,ANT SILVER FUSCHIA BOUDICCA RING,16,Descriptive catalogue item on positive numeric invoice before cutoff; exception codes reviewed separately
90162D,merchandise,ANT SILVER PURPLE BOUDICCA RING,16,Descriptive catalogue item on positive numeric invoice before cutoff; exception codes reviewed separately
90163A,merchandise,PINK ROSEBUD & PEARL NECKLACE,23,Descriptive catalogue item on positive numeric invoice before cutoff; exception codes reviewed separately
90163B,merchandise,WHITE ROSEBUD & PEARL NECKLACE,8,Descriptive catalogue item on positive numeric invoice before cutoff; exception codes reviewed separately
90164A,merchandise,PINK ROSEBUD PEARL BRACELET,24,Descriptive catalogue item on positive numeric invoice before cutoff; exception codes reviewed separately
90164B,merchandise,WHITE  ROSEBUD PEARL BRACELET,34,Descriptive catalogue item on positive numeric invoice before cutoff; exception codes reviewed separately
90165A,merchandise,PINK ROSEBUD PEARL EARRINGS,27,Descriptive catalogue item on positive numeric invoice before cutoff; exception codes reviewed separately
90165B,merchandise,WHITE ROSEBUD  PEARL EARRINGS,32,Descriptive catalogue item on positive numeric invoice before cutoff; exception codes reviewed separately
90166,merchandise,PINK & WHITE ROSEBUD RING,31,Descriptive catalogue item on positive numeric invoice before cutoff; exception codes reviewed separately
90167,merchandise,BEADED LOVE HEART JEWELLERY SET,112,Descriptive catalogue item on positive numeric invoice before cutoff; exception codes reviewed separately
90168,merchandise,2 DAISIES HAIR COMB,22,Descriptive catalogue item on positive numeric invoice before cutoff; exception codes reviewed separately
90169,merchandise,DAISY HAIR COMB,24,Descriptive catalogue item on positive numeric invoice before cutoff; exception codes reviewed separately
90170,merchandise,DAISY HAIR BAND,67,Descriptive catalogue item on positive numeric invoice before cutoff; exception codes reviewed separately
90171,merchandise,DAISY RING,27,Descriptive catalogue item on positive numeric invoice before cutoff; exception codes reviewed separately
90172,unresolved,,0,No descriptive positive-purchase evidence before cutoff
90173,merchandise,PAIR BUTTERFLY HAIR CLIPS,56,Descriptive catalogue item on positive numeric invoice before cutoff; exception codes reviewed separately
90174,merchandise,BUTTERFLY HAIR BAND,30,Descriptive catalogue item on positive numeric invoice before cutoff; exception codes reviewed separately
90175A,merchandise,WHITE GLASS CHUNKY CHARM BRACELET,59,Descriptive catalogue item on positive numeric invoice before cutoff; exception codes reviewed separately
90175B,merchandise,PINK GLASS CHUNKY CHARM BRACELET,28,Descriptive catalogue item on positive numeric invoice before cutoff; exception codes reviewed separately
90175C,merchandise,BLUE GLASS CHUNKY CHARM BRACELET,22,Descriptive catalogue item on positive numeric invoice before cutoff; exception codes reviewed separately
90175D,merchandise,TIGRIS EYE CHUNKY CHARM BRACELET,38,Descriptive catalogue item on positive numeric invoice before cutoff; exception codes reviewed separately
90176A,merchandise,CLASSIC DIAMANTE NECKLACE JET,7,Descriptive catalogue item on positive numeric invoice before cutoff; exception codes reviewed separately
90176B,merchandise,DIAMANTE NECKLACE BLACK,4,Descriptive catalogue item on positive numeric invoice before cutoff; exception codes reviewed separately
90176C,merchandise,DIAMANTE NECKLACE,6,Descriptive catalogue item on positive numeric invoice before cutoff; exception codes reviewed separately
90176D,merchandise,DIAMANTE NECKLACE PURPLE,7,Descriptive catalogue item on positive numeric invoice before cutoff; exception codes reviewed separately
90176E,merchandise,DIAMANTE NECKLACE GREEN,2,Descriptive catalogue item on positive numeric invoice before cutoff; exception codes reviewed separately
90177A,merchandise,CLASSIC DIAMANTE EARRINGS JET,13,Descriptive catalogue item on positive numeric invoice before cutoff; exception codes reviewed separately
90177B,merchandise,DROP DIAMANTE EARRINGS BLACK DIAMON,17,Descriptive catalogue item on positive numeric invoice before cutoff; exception codes reviewed separately
90177C,merchandise,DROP DIAMANTE EARRINGS CRYSTAL,26,Descriptive catalogue item on positive numeric invoice before cutoff; exception codes reviewed separately
90177D,merchandise,DROP DIAMANTE EARRINGS PURPLE,26,Descriptive catalogue item on positive numeric invoice before cutoff; exception codes reviewed separately
90177E,merchandise,DROP DIAMANTE EARRINGS GREEN,23,Descriptive catalogue item on positive numeric invoice before cutoff; exception codes reviewed separately
90178A,merchandise,AMBER CHUNKY GLASS+BEAD NECKLACE,24,Descriptive catalogue item on positive numeric invoice before cutoff; exception codes reviewed separately
90178B,merchandise,PURPLE CHUNKY GLASS+BEAD NECKLACE,11,Descriptive catalogue item on positive numeric invoice before cutoff; exception codes reviewed separately
90179A,merchandise,AMBER FINE BEAD NECKLACE W TASSEL,8,Descriptive catalogue item on positive numeric invoice before cutoff; exception codes reviewed separately
90179B,merchandise,PURPLE FINE BEAD NECKLACE W TASSEL,7,Descriptive catalogue item on positive numeric invoice before cutoff; exception codes reviewed separately
90179C,merchandise,BLACK FINE BEAD NECKLACE W TASSEL,16,Descriptive catalogue item on positive numeric invoice before cutoff; exception codes reviewed separately
90180A,merchandise,BLACK+WHITE NECKLACE W TASSEL,29,Descriptive catalogue item on positive numeric invoice before cutoff; exception codes reviewed separately
90180B,merchandise,PURPLE AMETHYST NECKLACE W TASSEL,12,Descriptive catalogue item on positive numeric invoice before cutoff; exception codes reviewed separately
90181A,merchandise,AMBER GLASS/SHELL/PEARL NECKLACE,14,Descriptive catalogue item on positive numeric invoice before cutoff; exception codes reviewed separately
90181B,merchandise,AMETHYST GLASS/SHELL/PEARL NECKLACE,24,Descriptive catalogue item on positive numeric invoice before cutoff; exception codes reviewed separately
90181C,merchandise,BLACK GLASS/SHELL/PEARL NECKLACE,5,Descriptive catalogue item on positive numeric invoice before cutoff; exception codes reviewed separately
90182A,merchandise,AMBER 3 BEAD DROP EARRINGS,8,Descriptive catalogue item on positive numeric invoice before cutoff; exception codes reviewed separately
90182B,merchandise,AMETHYST 3 BEAD DROP EARRINGS,5,Descriptive catalogue item on positive numeric invoice before cutoff; exception codes reviewed separately
90182C,merchandise,BLACK 3 BEAD DROP EARRINGS,10,Descriptive catalogue item on positive numeric invoice before cutoff; exception codes reviewed separately
90183A,merchandise,AMBER DROP EARRINGS W LONG BEADS,28,Descriptive catalogue item on positive numeric invoice before cutoff; exception codes reviewed separately
90183B,merchandise,AMETHYST DROP EARRINGS W LONG BEADS,23,Descriptive catalogue item on positive numeric invoice before cutoff; exception codes reviewed separately
90183C,merchandise,BLACK DROP EARRINGS W LONG BEADS,13,Descriptive catalogue item on positive numeric invoice before cutoff; exception codes reviewed separately
90184A,merchandise,AMBER CHUNKY BEAD BRACELET W STRAP,26,Descriptive catalogue item on positive numeric invoice before cutoff; exception codes reviewed separately
90184B,merchandise,AMETHYST CHUNKY BEAD BRACELET W STR,45,Descriptive catalogue item on positive numeric invoice before cutoff; exception codes reviewed separately
90184C,merchandise,BLACK CHUNKY BEAD BRACELET W STRAP,51,Descriptive catalogue item on positive numeric invoice before cutoff; exception codes reviewed separately
90185A,merchandise,AMBER DIAMANTE EXPANDABLE RING,27,Descriptive catalogue item on positive numeric invoice before cutoff; exception codes reviewed separately
90185B,merchandise,AMETHYST DIAMANTE EXPANDABLE RING,34,Descriptive catalogue item on positive numeric invoice before cutoff; exception codes reviewed separately
90185C,merchandise,BLACK DIAMANTE EXPANDABLE RING,35,Descriptive catalogue item on positive numeric invoice before cutoff; exception codes reviewed separately
90185D,merchandise,CRYSTAL DIAMANTE EXPANDABLE RING,37,Descriptive catalogue item on positive numeric invoice before cutoff; exception codes reviewed separately
90186A,merchandise,AMETHYST HOOP EARRING FLORAL LEAF,37,Descriptive catalogue item on positive numeric invoice before cutoff; exception codes reviewed separately
90186B,merchandise,CRYSTAL HOOP EARRING FLORAL LEAF,32,Descriptive catalogue item on positive numeric invoice before cutoff; exception codes reviewed separately
90187A,merchandise,BLUE DROP EARRINGS W BEAD CLUSTER,7,Descriptive catalogue item on positive numeric invoice before cutoff; exception codes reviewed separately
90187B,merchandise,GREEN DROP EARRINGS W BEAD CLUSTER,14,Descriptive catalogue item on positive numeric invoice before cutoff; exception codes reviewed separately
90188,merchandise,DROP EARRINGS W FLOWER & LEAF,20,Descriptive catalogue item on positive numeric invoice before cutoff; exception codes reviewed separately
90189A,merchandise,SILVER 2 STRAND NECKLACE-LEAF CHARM,8,Descriptive catalogue item on positive numeric invoice before cutoff; exception codes reviewed separately
90189B,merchandise,GOLD 2 STRAND NECKLACE-LEAF CHARMS,2,Descriptive catalogue item on positive numeric invoice before cutoff; exception codes reviewed separately
90190A,merchandise,SILVER/CRYSTAL DROP EARRINGS W LEAF,31,Descriptive catalogue item on positive numeric invoice before cutoff; exception codes reviewed separately
90190B,merchandise,GOLD/AMBER DROP EARRINGS W LEAF,15,Descriptive catalogue item on positive numeric invoice before cutoff; exception codes reviewed separately
90190C,merchandise,SILVER/AMETHYST DROP EARRINGS LEAF,39,Descriptive catalogue item on positive numeric invoice before cutoff; exception codes reviewed separately
90191,merchandise,SILVER LARIAT 40CM,20,Descriptive catalogue item on positive numeric invoice before cutoff; exception codes reviewed separately
90192,merchandise,JADE DROP EARRINGS W FILIGREE,54,Descriptive catalogue item on positive numeric invoice before cutoff; exception codes reviewed separately
90194,merchandise,SILVER LARIAT BLACK STONE EARRINGS,22,Descriptive catalogue item on positive numeric invoice before cutoff; exception codes reviewed separately
90195A,merchandise,PURPLE GEMSTONE BRACELET,45,Descriptive catalogue item on positive numeric invoice before cutoff; exception codes reviewed separately
90195B,merchandise,BLACK GEMSTONE BRACELET,29,Descriptive catalogue item on positive numeric invoice before cutoff; exception codes reviewed separately
90196A,merchandise,PURPLE GEMSTONE NECKLACE 45CM,13,Descriptive catalogue item on positive numeric invoice before cutoff; exception codes reviewed separately
90196B,merchandise,BLACK GEMSTONE NECKLACE 45CM,15,Descriptive catalogue item on positive numeric invoice before cutoff; exception codes reviewed separately
90197A,unresolved,,0,No descriptive positive-purchase evidence before cutoff
90197B,merchandise,BLACK GLASS BRACELET W HEART CHARMS,49,Descriptive catalogue item on positive numeric invoice before cutoff; exception codes reviewed separately
90197C,unresolved,,0,No descriptive positive-purchase evidence before cutoff
90197D,merchandise,AMBER GLASS BRACELET HEART CHARMS,4,Descriptive catalogue item on positive numeric invoice before cutoff; exception codes reviewed separately
90198A,merchandise,VINTAGE ROSE BEAD BRACELET RASPBERR,79,Descriptive catalogue item on positive numeric invoice before cutoff; exception codes reviewed separately
90198B,merchandise,VINTAGE ROSE BEAD BRACELET BLACK,50,Descriptive catalogue item on positive numeric invoice before cutoff; exception codes reviewed separately
90199A,merchandise,5 STRAND GLASS NECKLACE BLACK,18,Descriptive catalogue item on positive numeric invoice before cutoff; exception codes reviewed separately
90199B,merchandise,5 STRAND GLASS NECKLACE AMETHYST,30,Descriptive catalogue item on positive numeric invoice before cutoff; exception codes reviewed separately
90199C,merchandise,5 STRAND GLASS NECKLACE CRYSTAL,37,Descriptive catalogue item on positive numeric invoice before cutoff; exception codes reviewed separately
90199D,merchandise,5 STRAND GLASS NECKLACE AMBER,16,Descriptive catalogue item on positive numeric invoice before cutoff; exception codes reviewed separately
90200A,merchandise,PURPLE SWEETHEART BRACELET,96,Descriptive catalogue item on positive numeric invoice before cutoff; exception codes reviewed separately
90200B,merchandise,BLACK SWEETHEART BRACELET,82,Descriptive catalogue item on positive numeric invoice before cutoff; exception codes reviewed separately
90200C,merchandise,BLUE SWEETHEART BRACELET,103,Descriptive catalogue item on positive numeric invoice before cutoff; exception codes reviewed separately
90200D,merchandise,PINK SWEETHEART BRACELET,150,Descriptive catalogue item on positive numeric invoice before cutoff; exception codes reviewed separately
90200E,merchandise,GREEN SWEETHEART BRACELET,89,Descriptive catalogue item on positive numeric invoice before cutoff; exception codes reviewed separately
90201A,merchandise,PURPLE ENAMEL FLOWER RING,53,Descriptive catalogue item on positive numeric invoice before cutoff; exception codes reviewed separately
90201B,merchandise,BLACK ENAMEL FLOWER RING,54,Descriptive catalogue item on positive numeric invoice before cutoff; exception codes reviewed separately
90201C,merchandise,RED ENAMEL FLOWER RING,44,Descriptive catalogue item on positive numeric invoice before cutoff; exception codes reviewed separately
90201D,merchandise,GREEN ENAMEL FLOWER RING,57,Descriptive catalogue item on positive numeric invoice before cutoff; exception codes reviewed separately
90202A,merchandise,PURPLE ENAMEL FLOWER HAIR TIE,21,Descriptive catalogue item on positive numeric invoice before cutoff; exception codes reviewed separately
90202B,merchandise,WHITE ENAMEL FLOWER HAIR TIE,15,Descriptive catalogue item on positive numeric invoice before cutoff; exception codes reviewed separately
90202C,merchandise,GREEN ENAMEL FLOWER HAIR TIE,24,Descriptive catalogue item on positive numeric invoice before cutoff; exception codes reviewed separately
90202D,merchandise,PINK ENAMEL FLOWER HAIR TIE,22,Descriptive catalogue item on positive numeric invoice before cutoff; exception codes reviewed separately
90203,merchandise,SILVER CHARM NECKLACE 70CM,35,Descriptive catalogue item on positive numeric invoice before cutoff; exception codes reviewed separately
90204,merchandise,PAIR OF ENAMEL BUTTERFLY HAIRCLIP,37,Descriptive catalogue item on positive numeric invoice before cutoff; exception codes reviewed separately
90205A,merchandise,LARGE MINT DIAMANTE HAIRSLIDE,24,Descriptive catalogue item on positive numeric invoice before cutoff; exception codes reviewed separately
90205C,merchandise,LARGE CRYSTAL DIAMANTE HAIRSLIDE,24,Descriptive catalogue item on positive numeric invoice before cutoff; exception codes reviewed separately
90206A,merchandise,GOLD DIAMANTE STAR BROOCH,11,Descriptive catalogue item on positive numeric invoice before cutoff; exception codes reviewed separately
90206C,merchandise,CRYSTAL DIAMANTE STAR BROOCH,55,Descriptive catalogue item on positive numeric invoice before cutoff; exception codes reviewed separately
90208,merchandise,PAIR OF PINK FLOWER CLUSTER SLIDE,35,Descriptive catalogue item on positive numeric invoice before cutoff; exception codes reviewed separately
90209A,merchandise,PURPLE ENAMEL+GLASS HAIR COMB,10,Descriptive catalogue item on positive numeric invoice before cutoff; exception codes reviewed separately
90209B,merchandise,GREEN ENAMEL+GLASS HAIR COMB,104,Descriptive catalogue item on positive numeric invoice before cutoff; exception codes reviewed separately
90209C,merchandise,PINK ENAMEL+GLASS HAIR COMB,68,Descriptive catalogue item on positive numeric invoice before cutoff; exception codes reviewed separately
90210A,merchandise,GREY ACRYLIC FACETED BANGLE,21,Descriptive catalogue item on positive numeric invoice before cutoff; exception codes reviewed separately
90210B,merchandise,CLEAR ACRYLIC FACETED BANGLE,27,Descriptive catalogue item on positive numeric invoice before cutoff; exception codes reviewed separately
90210C,merchandise,RED   ACRYLIC FACETED BANGLE,11,Descriptive catalogue item on positive numeric invoice before cutoff; exception codes reviewed separately
90210D,merchandise,PURPLE ACRYLIC FACETED BANGLE,24,Descriptive catalogue item on positive numeric invoice before cutoff; exception codes reviewed separately
90211A,merchandise,DIAMOND LAS VEGAS NECKLACE 45CM,22,Descriptive catalogue item on positive numeric invoice before cutoff; exception codes reviewed separately
90211B,merchandise,JET BLACK LAS VEGAS NECKLACE 45CM,28,Descriptive catalogue item on positive numeric invoice before cutoff; exception codes reviewed separately
90212B,merchandise,JET BLACK LAS VEGAS BRACELET ROUND,30,Descriptive catalogue item on positive numeric invoice before cutoff; exception codes reviewed separately
90212C,merchandise,PURPLE LAS VEGAS BRACELET ROUND,8,Descriptive catalogue item on positive numeric invoice before cutoff; exception codes reviewed separately
90214A,merchandise,"LETTER ""A"" BLING KEY RING",104,Descriptive catalogue item on positive numeric invoice before cutoff; exception codes reviewed separately
90214B,merchandise,"LETTER ""B"" BLING KEY RING",42,Descriptive catalogue item on positive numeric invoice before cutoff; exception codes reviewed separately
90214C,merchandise,"LETTER ""C"" BLING KEY RING",69,Descriptive catalogue item on positive numeric invoice before cutoff; exception codes reviewed separately
90214D,merchandise,"LETTER ""D"" BLING KEY RING",51,Descriptive catalogue item on positive numeric invoice before cutoff; exception codes reviewed separately
90214E,merchandise,"LETTER ""E"" BLING KEY RING",68,Descriptive catalogue item on positive numeric invoice before cutoff; exception codes reviewed separately
90214F,merchandise,"LETTER ""F"" BLING KEY RING",28,Descriptive catalogue item on positive numeric invoice before cutoff; exception codes reviewed separately
90214G,merchandise,"LETTER ""G"" BLING KEY RING",48,Descriptive catalogue item on positive numeric invoice before cutoff; exception codes reviewed separately
90214H,merchandise,"LETTER ""H"" BLING KEY RING",56,Descriptive catalogue item on positive numeric invoice before cutoff; exception codes reviewed separately
90214I,merchandise,"LETTER ""I"" BLING KEY RING",27,Descriptive catalogue item on positive numeric invoice before cutoff; exception codes reviewed separately
90214J,merchandise,"LETTER ""J"" BLING KEY RING",89,Descriptive catalogue item on positive numeric invoice before cutoff; exception codes reviewed separately
90214K,merchandise,"LETTER ""K"" BLING KEY RING",83,Descriptive catalogue item on positive numeric invoice before cutoff; exception codes reviewed separately
90214L,merchandise,"LETTER ""L"" BLING KEY RING",68,Descriptive catalogue item on positive numeric invoice before cutoff; exception codes reviewed separately
90214M,merchandise,"LETTER ""M"" BLING KEY RING",67,Descriptive catalogue item on positive numeric invoice before cutoff; exception codes reviewed separately
90214N,merchandise,"LETTER ""N"" BLING KEY RING",43,Descriptive catalogue item on positive numeric invoice before cutoff; exception codes reviewed separately
90214O,merchandise,"LETTER ""O"" BLING KEY RING",17,Descriptive catalogue item on positive numeric invoice before cutoff; exception codes reviewed separately
90214P,merchandise,"LETTER ""P"" BLING KEY RING",32,Descriptive catalogue item on positive numeric invoice before cutoff; exception codes reviewed separately
90214R,merchandise,"LETTER ""R"" BLING KEY RING",52,Descriptive catalogue item on positive numeric invoice before cutoff; exception codes reviewed separately
90214S,merchandise,"LETTER ""S"" BLING KEY RING",89,Descriptive catalogue item on positive numeric invoice before cutoff; exception codes reviewed separately
90214T,merchandise,"LETTER ""T"" BLING KEY RING",23,Descriptive catalogue item on positive numeric invoice before cutoff; exception codes reviewed separately
90214U,merchandise,"LETTER ""U"" BLING KEY RING",1,Descriptive catalogue item on positive numeric invoice before cutoff; exception codes reviewed separately
90214V,merchandise,"LETTER ""V"" BLING KEY RING",26,Descriptive catalogue item on positive numeric invoice before cutoff; exception codes reviewed separately
90214W,merchandise,"LETTER ""W"" BLING KEY RING",7,Descriptive catalogue item on positive numeric invoice before cutoff; exception codes reviewed separately
90214Y,merchandise,"LETTER ""Y"" BLING KEY RING",9,Descriptive catalogue item on positive numeric invoice before cutoff; exception codes reviewed separately
90214Z,merchandise,"LETTER ""Z"" BLING KEY RING",18,Descriptive catalogue item on positive numeric invoice before cutoff; exception codes reviewed separately
ADJUST,non_merchandise,Adjustment by john on 26/01/2010 16,20,"Explicit fee, shipping, adjustment, voucher, or test-code exclusion; see cleaning report"
ADJUST2,non_merchandise,Adjustment by Peter on Jun 25 2010,3,"Explicit fee, shipping, adjustment, voucher, or test-code exclusion; see cleaning report"
AMAZONFEE,non_merchandise,AMAZON FEE,4,"Explicit fee, shipping, adjustment, voucher, or test-code exclusion; see cleaning report"
B,non_merchandise,,0,"Explicit fee, shipping, adjustment, voucher, or test-code exclusion; see cleaning report"
BANK CHARGES,non_merchandise,Bank Charges,34,"Explicit fee, shipping, adjustment, voucher, or test-code exclusion; see cleaning report"
C2,non_merchandise,CARRIAGE,268,"Explicit fee, shipping, adjustment, voucher, or test-code exclusion; see cleaning report"
C3,unresolved,,0,No descriptive positive-purchase evidence before cutoff
CRUK,non_merchandise,,0,"Explicit fee, shipping, adjustment, voucher, or test-code exclusion; see cleaning report"
D,non_merchandise,Discount,5,"Explicit fee, shipping, adjustment, voucher, or test-code exclusion; see cleaning report"
DCGS0003,merchandise,BOXED GLASS ASHTRAY,13,Descriptive catalogue item on positive numeric invoice before cutoff; exception codes reviewed separately
DCGS0004,merchandise,HAYNES CAMPER SHOULDER BAG,4,Descriptive catalogue item on positive numeric invoice before cutoff; exception codes reviewed separately
DCGS0006,unresolved,,0,No descriptive positive-purchase evidence before cutoff
DCGS0016,unresolved,,0,No descriptive positive-purchase evidence before cutoff
DCGS0027,unresolved,,0,No descriptive positive-purchase evidence before cutoff
DCGS0036,unresolved,,0,No descriptive positive-purchase evidence before cutoff
DCGS0037,merchandise,KEY-RING CORKSCREW,1,Descriptive catalogue item on positive numeric invoice before cutoff; exception codes reviewed separately
DCGS0039,unresolved,,0,No descriptive positive-purchase evidence before cutoff
DCGS0041,merchandise,HAYNES MINI-COOPER PLAYING CARDS,1,Descriptive catalogue item on positive numeric invoice before cutoff; exception codes reviewed separately
DCGS0044,merchandise,HANDZ-OFF CAR FRESHENER,1,Descriptive catalogue item on positive numeric invoice before cutoff; exception codes reviewed separately
DCGS0053,unresolved,,0,No descriptive positive-purchase evidence before cutoff
DCGS0055,unresolved,,0,No descriptive positive-purchase evidence before cutoff
DCGS0056,unresolved,,0,No descriptive positive-purchase evidence before cutoff
DCGS0057,unresolved,,0,No descriptive positive-purchase evidence before cutoff
DCGS0058,merchandise,MISO PRETTY  GUM,30,Descriptive catalogue item on positive numeric invoice before cutoff; exception codes reviewed separately
DCGS0059,unresolved,,0,No descriptive positive-purchase evidence before cutoff
DCGS0060,unresolved,,0,No descriptive positive-purchase evidence before cutoff
DCGS0062,merchandise,ROAD-RAGE CAR FRESHENER,1,Descriptive catalogue item on positive numeric invoice before cutoff; exception codes reviewed separately
DCGS0066N,merchandise,NAVY CUDDLES DOG HOODIE,2,Descriptive catalogue item on positive numeric invoice before cutoff; exception codes reviewed separately
DCGS0066P,unresolved,,0,No descriptive positive-purchase evidence before cutoff
DCGS0067,unresolved,,0,No descriptive positive-purchase evidence before cutoff
DCGS0068,merchandise,DOGS NIGHT COLLAR,2,Descriptive catalogue item on positive numeric invoice before cutoff; exception codes reviewed separately
DCGS0069,merchandise,OOH LA LA DOGS COLLAR,5,Descriptive catalogue item on positive numeric invoice before cutoff; exception codes reviewed separately
DCGS0070,merchandise,CAMOUFLAGE DOG COLLAR,2,Descriptive catalogue item on positive numeric invoice before cutoff; exception codes reviewed separately
DCGS0071,unresolved,,0,No descriptive positive-purchase evidence before cutoff
DCGS0072,merchandise,CAT CAMOUFLAGUE COLLAR,3,Descriptive catalogue item on positive numeric invoice before cutoff; exception codes reviewed separately
DCGS0073,unresolved,,0,No descriptive positive-purchase evidence before cutoff
DCGS0074,unresolved,,0,No descriptive positive-purchase evidence before cutoff
DCGS0075,merchandise,CAMOUFLAGUE DOG LEAD,1,Descriptive catalogue item on positive numeric invoice before cutoff; exception codes reviewed separately
DCGS0076,merchandise,SUNJAR LED NIGHT NIGHT LIGHT,15,Descriptive catalogue item on positive numeric invoice before cutoff; exception codes reviewed separately
DCGSLBOY,unresolved,,0,No descriptive positive-purchase evidence before cutoff
DCGSLGIRL,unresolved,,0,No descriptive positive-purchase evidence before cutoff
DCGSSBOY,merchandise,BOYS PARTY BAG,20,Descriptive catalogue item on positive numeric invoice before cutoff; exception codes reviewed separately
DCGSSGIRL,merchandise,GIRLS PARTY BAG,23,Descriptive catalogue item on positive numeric invoice before cutoff; exception codes reviewed separately
DOT,non_merchandise,DOTCOM POSTAGE,1420,"Explicit fee, shipping, adjustment, voucher, or test-code exclusion; see cleaning report"
GIFT,non_merchandise,,0,"Explicit fee, shipping, adjustment, voucher, or test-code exclusion; see cleaning report"
GIFT_0001_10,non_merchandise,Dotcomgiftshop Gift Voucher £10.00,13,"Explicit fee, shipping, adjustment, voucher, or test-code exclusion; see cleaning report"
GIFT_0001_20,non_merchandise,Dotcomgiftshop Gift Voucher £20.00,26,"Explicit fee, shipping, adjustment, voucher, or test-code exclusion; see cleaning report"
GIFT_0001_30,non_merchandise,Dotcomgiftshop Gift Voucher £30.00,24,"Explicit fee, shipping, adjustment, voucher, or test-code exclusion; see cleaning report"
GIFT_0001_40,non_merchandise,Dotcomgiftshop Gift Voucher £40.00,5,"Explicit fee, shipping, adjustment, voucher, or test-code exclusion; see cleaning report"
GIFT_0001_50,non_merchandise,Dotcomgiftshop Gift Voucher £50.00,6,"Explicit fee, shipping, adjustment, voucher, or test-code exclusion; see cleaning report"
GIFT_0001_60,non_merchandise,,0,"Explicit fee, shipping, adjustment, voucher, or test-code exclusion; see cleaning report"
GIFT_0001_70,non_merchandise,Dotcomgiftshop Gift Voucher £70.00,1,"Explicit fee, shipping, adjustment, voucher, or test-code exclusion; see cleaning report"
GIFT_0001_80,non_merchandise,Dotcomgiftshop Gift Voucher £80.00,1,"Explicit fee, shipping, adjustment, voucher, or test-code exclusion; see cleaning report"
GIFT_0001_90,non_merchandise,,0,"Explicit fee, shipping, adjustment, voucher, or test-code exclusion; see cleaning report"
M,unresolved,Manual,873,"Manual, sample, or ambiguous image item; insufficient merchandise evidence"
PADS,merchandise,PADS TO MATCH ALL CUSHIONS,17,Descriptive catalogue item on positive numeric invoice before cutoff; exception codes reviewed separately
POST,non_merchandise,POSTAGE,1835,"Explicit fee, shipping, adjustment, voucher, or test-code exclusion; see cleaning report"
S,unresolved,SAMPLES,3,"Manual, sample, or ambiguous image item; insufficient merchandise evidence"
SP1002,merchandise,KID'S CHALKBOARD/EASEL,2,Descriptive catalogue item on positive numeric invoice before cutoff; exception codes reviewed separately
TEST001,non_merchandise,This is a test product.,9,"Explicit fee, shipping, adjustment, voucher, or test-code exclusion; see cleaning report"
TEST002,non_merchandise,This is a test product.,1,"Explicit fee, shipping, adjustment, voucher, or test-code exclusion; see cleaning report"
